conversation_id,customer_text,brand_reply_text,created_at,brand,customer_text_clean
100000,@AmazonHelp Just noticed an unauthorized charge of $72.49 for Prime membership that I never authorized.,"Sorry for the unexpected charge! If you did not intend to renew Prime, please DM us your email and we can help reverse eligible fees.",Mon Oct 02 17:33:00 +0000 2017,AmazonHelp,just noticed an unauthorized charge of currency amount for prime membership that i never authorized.
100002,@AmazonHelp Package #617-1445199-4335942 has been stuck in transit in transit hub for over 48 hours. What gives?,"Hi there, we're sorry to hear your order #617-1445199-4335942 is delayed! Please send us a DM at amzn.to/help with your details so we can investigate.",Sun Oct 08 15:24:00 +0000 2017,AmazonHelp,package order number has been stuck in transit in transit hub for over 48 hours. what gives?
100004,@AmazonHelp Return status says received at warehouse but refund not initiated for #259-4612365-6647119. Please help.,Hi! We want to help get this sorted. Please send us a direct message with order #259-4612365-6647119 and return tracking number so we can verify with our billing team.,Tue Oct 03 08:28:00 +0000 2017,AmazonHelp,return status says received at warehouse but refund not initiated for order number . please help.
100006,@AmazonHelp Locked out of my account. The OTP verification code is not being sent to my phone.,We're sorry you're having trouble accessing your account. Please send us a DM so we can securely guide you through the two-step verification reset.,Sat Oct 14 13:06:00 +0000 2017,AmazonHelp,locked out of my account. the otp verification code is not being sent to my phone.
100008,@AmazonHelp How can I change my primary delivery address before placing an order?,"Hi there! Yes, Amazon gift cards can be applied to Kindle digital purchases. Check out amzn.to/giftcard-faq for more information.",Fri Oct 13 12:37:00 +0000 2017,AmazonHelp,how can i change my primary delivery address before placing an order?
100010,@AmazonHelp Package #750-3871230-9961380 has been stuck in transit in transit hub for over 48 hours. What gives?,"Hello! We apologize for the delivery issue with #750-3871230-9961380. Please check around your porch/neighbors, and if still missing, DM us your account email.",Mon Oct 16 03:13:00 +0000 2017,AmazonHelp,package order number has been stuck in transit in transit hub for over 48 hours. what gives?
100012,@AmazonHelp Can someone check on order #132-6292423-7730428? It's a birthday gift and now it's late.,So sorry for the delay on #132-6292423-7730428! Please DM us your order details and we will check the transit status directly for you.,Sun Oct 22 06:12:00 +0000 2017,AmazonHelp,can someone check on order order number ? it's a birthday gift and now it's late.
100014,@AmazonHelp Need a refund for #352-5408072-8187926. Sent back via drop-off locker 5 days ago.,"Hello! Once an item is received at our fulfillment center, refunds usually take 3-5 business days. Please DM us your order #352-5408072-8187926 to check status.",Tue Oct 03 12:28:00 +0000 2017,AmazonHelp,need a refund for order number . sent back via drop-off locker 5 days ago.
100016,@AmazonHelp Package #263-8082668-2065818 has been stuck in transit in transit hub for over 48 hours. What gives?,"Hi there, we're sorry to hear your order #263-8082668-2065818 is delayed! Please send us a DM at amzn.to/help with your details so we can investigate.",Fri Oct 06 14:08:00 +0000 2017,AmazonHelp,package order number has been stuck in transit in transit hub for over 48 hours. what gives?
100018,@AmazonHelp Getting 'An unexpected error occurred' whenever I try to add items to my shopping cart.,We apologize for the technical glitch! Our technical team is monitoring site stability. Please send us a DM with a screenshot if the error continues.,Fri Oct 06 05:14:00 +0000 2017,AmazonHelp,getting 'an unexpected error occurred' whenever i try to add items to my shopping cart.
100020,@AmazonHelp I returned item on order #754-9517169-4337174 over a week ago and still haven't received my refund.,Hi! We want to help get this sorted. Please send us a direct message with order #754-9517169-4337174 and return tracking number so we can verify with our billing team.,Mon Oct 02 06:17:00 +0000 2017,AmazonHelp,i returned item on order order number over a week ago and still haven't received my refund.
100022,"@AmazonHelp Unbelievable negligence. Damaged goods, ruined anniversary, zero accountability from your team.",We sincerely apologize for this distressing experience. This is certainly not the level of service we aim to provide. Please DM us immediately so a senior specialist can assist.,Wed Oct 25 14:52:00 +0000 2017,AmazonHelp,"unbelievable negligence. damaged goods, ruined anniversary, zero accountability from your team."
100024,@AmazonHelp Tracking status says delivery attempted but nobody buzzed or knocked. Order #586-3770370-5446912.,We understand your concern regarding order #586-3770370-5446912. Please drop us a DM with your tracking link and postal code so we can check with the carrier.,Tue Oct 24 22:20:00 +0000 2017,AmazonHelp,tracking status says delivery attempted but nobody buzzed or knocked. order order number .
100026,@AmazonHelp My tracking says delivered but I have not received anything for order #330-2074176-6672134!,"Hi there, we're sorry to hear your order #330-2074176-6672134 is delayed! Please send us a DM at amzn.to/help with your details so we can investigate.",Wed Oct 04 10:38:00 +0000 2017,AmazonHelp,my tracking says delivered but i have not received anything for order order number !
100028,@AmazonHelp Does this product come with a power adapter or do I need to buy it separately?,Hello! Most electronics purchased from authorized sellers include standard warranty. Please DM us the product ASIN to check details.,Sun Oct 22 21:37:00 +0000 2017,AmazonHelp,does this product come with a power adapter or do i need to buy it separately?
100030,"@AmazonHelp Where is my package? Order #199-8231838-6944126 was supposed to arrive yesterday, still nothing!",So sorry for the delay on #199-8231838-6944126! Please DM us your order details and we will check the transit status directly for you.,Mon Oct 16 19:37:00 +0000 2017,AmazonHelp,"where is my package? order order number was supposed to arrive yesterday, still nothing!"
100032,@AmazonHelp Carrier marked order #294-9997381-8526486 as delivered at front door but there is no package anywhere.,"Hi there, we're sorry to hear your order #294-9997381-8526486 is delayed! Please send us a DM at amzn.to/help with your details so we can investigate.",Thu Oct 26 10:07:00 +0000 2017,AmazonHelp,carrier marked order order number as delivered at front door but there is no package anywhere.
100034,@AmazonHelp Can someone check on order #653-1247595-2564689? It's a birthday gift and now it's late.,"Hello! We apologize for the delivery issue with #653-1247595-2564689. Please check around your porch/neighbors, and if still missing, DM us your account email.",Wed Oct 04 01:03:00 +0000 2017,AmazonHelp,can someone check on order order number ? it's a birthday gift and now it's late.
100036,"@AmazonHelp Received broken item in order #499-5449368-8633773. I want my money back, not a replacement.",Hi! We want to help get this sorted. Please send us a direct message with order #499-5449368-8633773 and return tracking number so we can verify with our billing team.,Wed Oct 04 00:53:00 +0000 2017,AmazonHelp,"received broken item in order order number . i want my money back, not a replacement."
100038,@AmazonHelp Website gives error 500 internal server error when trying to view my order history.,We apologize for the technical glitch! Our technical team is monitoring site stability. Please send us a DM with a screenshot if the error continues.,Sat Oct 28 10:57:00 +0000 2017,AmazonHelp,website gives error 500 internal server error when trying to view my order history.
100040,@AmazonHelp Just noticed an unauthorized charge of $242.49 for Prime membership that I never authorized.,"Sorry for the unexpected charge! If you did not intend to renew Prime, please DM us your email and we can help reverse eligible fees.",Fri Oct 27 22:32:00 +0000 2017,AmazonHelp,just noticed an unauthorized charge of currency amount for prime membership that i never authorized.
100042,"@AmazonHelp Help! Account locked due to too many failed attempts, how do I unlock it?","Hello! If you suspect unauthorized access, please visit amzn.to/security immediately. You can also DM us your associated phone or email.",Wed Oct 04 16:15:00 +0000 2017,AmazonHelp,"help! account locked due to too many failed attempts, how do i unlock it?"
100044,@AmazonHelp Lost access to my old phone number and now 2FA won't let me log into my account.,"Hi! For your security, please don't share passwords publicly. Please visit amzn.to/account-recovery or DM us to begin identity verification.",Wed Oct 18 04:38:00 +0000 2017,AmazonHelp,lost access to my old phone number and now 2fa won't let me log into my account.
100046,@AmazonHelp Package #953-6075395-9874152 has been stuck in transit in transit hub for over 48 hours. What gives?,"Hi there, we're sorry to hear your order #953-6075395-9874152 is delayed! Please send us a DM at amzn.to/help with your details so we can investigate.",Thu Oct 26 13:17:00 +0000 2017,AmazonHelp,package order number has been stuck in transit in transit hub for over 48 hours. what gives?
100048,@AmazonHelp I returned item on order #719-4533779-6752576 over a week ago and still haven't received my refund.,"Hello! Once an item is received at our fulfillment center, refunds usually take 3-5 business days. Please DM us your order #719-4533779-6752576 to check status.",Fri Oct 20 15:40:00 +0000 2017,AmazonHelp,i returned item on order order number over a week ago and still haven't received my refund.
100050,"@AmazonHelp Where is my package? Order #441-3194789-5394880 was supposed to arrive last week, still nothing!","Hi there, we're sorry to hear your order #441-3194789-5394880 is delayed! Please send us a DM at amzn.to/help with your details so we can investigate.",Sun Oct 08 03:49:00 +0000 2017,AmazonHelp,"where is my package? order order number was supposed to arrive last week, still nothing!"
100052,@AmazonHelp Ordered express next-day delivery on #478-3484601-8210624 and it still hasn't shipped!,"Hello! We apologize for the delivery issue with #478-3484601-8210624. Please check around your porch/neighbors, and if still missing, DM us your account email.",Thu Oct 12 17:34:00 +0000 2017,AmazonHelp,ordered express next-day delivery on order number and it still hasn't shipped!
100054,"@AmazonHelp Where is my package? Order #898-7817881-3592974 was supposed to arrive on Friday, still nothing!","Hello! We apologize for the delivery issue with #898-7817881-3592974. Please check around your porch/neighbors, and if still missing, DM us your account email.",Mon Oct 16 11:51:00 +0000 2017,AmazonHelp,"where is my package? order order number was supposed to arrive on friday, still nothing!"
100056,@AmazonHelp What is the return window for holiday purchases made in November?,Hello! Most electronics purchased from authorized sellers include standard warranty. Please DM us the product ASIN to check details.,Sun Oct 22 07:47:00 +0000 2017,AmazonHelp,what is the return window for holiday purchases made in november?
100058,@AmazonHelp Please cancel my order #914-4818418-4740036 and process a full refund immediately.,Hi! We want to help get this sorted. Please send us a direct message with order #914-4818418-4740036 and return tracking number so we can verify with our billing team.,Tue Oct 24 13:25:00 +0000 2017,AmazonHelp,please cancel my order order number and process a full refund immediately.
100060,@AmazonHelp Can you explain the invoice breakdown for #963-9996207-6555772? There's an extra charge of $22.00.,Hi! We'd be glad to look into this charge for you. Please send us a DM with the date and amount so we can locate the transaction securely.,Sat Oct 28 12:37:00 +0000 2017,AmazonHelp,can you explain the invoice breakdown for order number ? there's an extra charge of currency amount .
100062,@AmazonHelp I returned item on order #905-6262632-8321474 over a week ago and still haven't received my refund.,Apologies for the inconvenience! Please DM us your account details so we can check on return #905-6262632-8321474 and expedite your refund.,Wed Oct 25 00:54:00 +0000 2017,AmazonHelp,i returned item on order order number over a week ago and still haven't received my refund.
100064,@AmazonHelp Payment declined on my card even though there are sufficient funds available.,Hi! We'd be glad to look into this charge for you. Please send us a DM with the date and amount so we can locate the transaction securely.,Sun Oct 15 01:02:00 +0000 2017,AmazonHelp,payment declined on my card even though there are sufficient funds available.
100066,@AmazonHelp Charged for an item I sent back last Monday. When will my refund of $193.99 arrive?,Apologies for the inconvenience! Please DM us your account details so we can check on return #518-6472441-7751158 and expedite your refund.,Mon Oct 09 07:06:00 +0000 2017,AmazonHelp,charged for an item i sent back last monday. when will my refund of currency amount arrive?
100068,@AmazonHelp You guys billed me twice on the same day for order #515-1006810-6098175. Please fix this duplicate charge.,"Sorry for the unexpected charge! If you did not intend to renew Prime, please DM us your email and we can help reverse eligible fees.",Wed Oct 11 02:26:00 +0000 2017,AmazonHelp,you guys billed me twice on the same day for order order number . please fix this duplicate charge.
100070,"@AmazonHelp Two-factor authentication is failing, says invalid token even though it's correct.",We're sorry you're having trouble accessing your account. Please send us a DM so we can securely guide you through the two-step verification reset.,Mon Oct 02 11:41:00 +0000 2017,AmazonHelp,"two-factor authentication is failing, says invalid token even though it's correct."
100072,@AmazonHelp Tracking status says delivery attempted but nobody buzzed or knocked. Order #586-2221854-8640615.,"Hello! We apologize for the delivery issue with #586-2221854-8640615. Please check around your porch/neighbors, and if still missing, DM us your account email.",Sun Oct 01 15:04:00 +0000 2017,AmazonHelp,tracking status says delivery attempted but nobody buzzed or knocked. order order number .
100074,@AmazonHelp Checkout page freezes when selecting saved shipping address.,We apologize for the technical glitch! Our technical team is monitoring site stability. Please send us a DM with a screenshot if the error continues.,Sun Oct 22 12:31:00 +0000 2017,AmazonHelp,checkout page freezes when selecting saved shipping address.
100076,"@AmazonHelp Help! Account locked due to too many failed attempts, how do I unlock it?","Hi there, please ensure SMS isn't blocked by your carrier, or try clearing browser cache. If the issue persists, send us a DM.",Thu Oct 12 15:04:00 +0000 2017,AmazonHelp,"help! account locked due to too many failed attempts, how do i unlock it?"
100078,@AmazonHelp How long does it take for a refund to process to my original payment method for return #896-9745959-9130188?,We're sorry for the delay in your refund! Please reach out to us in DM with order #896-9745959-9130188 and your email address so we can review the return.,Mon Oct 16 15:51:00 +0000 2017,AmazonHelp,how long does it take for a refund to process to my original payment method for return order number ?
100080,@AmazonHelp This is completely unacceptable. I want to speak to a supervisor or corporate manager right now!,This is definitely not the experience we want for our customers. Please reach out in DM with your contact information so an escalation manager can connect with you.,Mon Oct 16 10:25:00 +0000 2017,AmazonHelp,this is completely unacceptable. i want to speak to a supervisor or corporate manager right now!
100082,@AmazonHelp Locked out of my account. The OTP verification code is not being sent to my phone.,"Hello! If you suspect unauthorized access, please visit amzn.to/security immediately. You can also DM us your associated phone or email.",Thu Oct 19 02:59:00 +0000 2017,AmazonHelp,locked out of my account. the otp verification code is not being sent to my phone.
100084,"@AmazonHelp Every time I try to log in, it loops back to the login screen without an error message.","Hello! If you suspect unauthorized access, please visit amzn.to/security immediately. You can also DM us your associated phone or email.",Thu Oct 19 18:38:00 +0000 2017,AmazonHelp,"every time i try to log in, it loops back to the login screen without an error message."
100086,@AmazonHelp Are recyclable packaging options available for fragile items?,Hello! Most electronics purchased from authorized sellers include standard warranty. Please DM us the product ASIN to check details.,Mon Oct 09 15:30:00 +0000 2017,AmazonHelp,are recyclable packaging options available for fragile items?
100088,@AmazonHelp Charged for an item I sent back last Monday. When will my refund of $98.99 arrive?,Hi! We want to help get this sorted. Please send us a direct message with order #435-4551070-8628588 and return tracking number so we can verify with our billing team.,Thu Oct 05 02:28:00 +0000 2017,AmazonHelp,charged for an item i sent back last monday. when will my refund of currency amount arrive?
100090,@AmazonHelp Carrier marked order #652-1873851-6871360 as delivered at front door but there is no package anywhere.,"Hello! We apologize for the delivery issue with #652-1873851-6871360. Please check around your porch/neighbors, and if still missing, DM us your account email.",Mon Oct 02 07:16:00 +0000 2017,AmazonHelp,carrier marked order order number as delivered at front door but there is no package anywhere.
100092,@AmazonHelp shipment #229-8945036-2919136 is delayed by 3 days already. Any update on when it will arrive?,"Hi there, we're sorry to hear your order #229-8945036-2919136 is delayed! Please send us a DM at amzn.to/help with your details so we can investigate.",Sun Oct 08 19:53:00 +0000 2017,AmazonHelp,shipment order number is delayed by 3 days already. any update on when it will arrive?
100094,@AmazonHelp Package #126-6233774-7296605 has been stuck in transit in transit hub for over 48 hours. What gives?,"Hi there, we're sorry to hear your order #126-6233774-7296605 is delayed! Please send us a DM at amzn.to/help with your details so we can investigate.",Fri Oct 27 03:09:00 +0000 2017,AmazonHelp,package order number has been stuck in transit in transit hub for over 48 hours. what gives?
100096,@AmazonHelp Please cancel my order #538-7217147-2156902 and process a full refund immediately.,Apologies for the inconvenience! Please DM us your account details so we can check on return #538-7217147-2156902 and expedite your refund.,Sun Oct 22 07:10:00 +0000 2017,AmazonHelp,please cancel my order order number and process a full refund immediately.
100098,@AmazonHelp How long does it take for a refund to process to my original payment method for return #851-9753457-5531230?,Hi! We want to help get this sorted. Please send us a direct message with order #851-9753457-5531230 and return tracking number so we can verify with our billing team.,Thu Oct 12 13:09:00 +0000 2017,AmazonHelp,how long does it take for a refund to process to my original payment method for return order number ?
100100,@AmazonHelp Return status says received at warehouse but refund not initiated for #561-5091349-8796514. Please help.,We're sorry for the delay in your refund! Please reach out to us in DM with order #561-5091349-8796514 and your email address so we can review the return.,Wed Oct 11 00:42:00 +0000 2017,AmazonHelp,return status says received at warehouse but refund not initiated for order number . please help.
100102,"@AmazonHelp The mobile app is not loading product images, just showing blank white boxes.",We're sorry for the app crash. Please ensure you are running the latest app update. DM us if you need further technical troubleshooting.,Thu Oct 26 15:25:00 +0000 2017,AmazonHelp,"the mobile app is not loading product images, just showing blank white boxes."
100104,"@AmazonHelp Charged $217.00 annual subscription fee by mistake, please reverse this charge.","Hello, duplicate charges are often pending authorizations that drop off in 2-3 business days. Please DM us your order #761-9234615-8519121 to confirm.",Fri Oct 27 20:13:00 +0000 2017,AmazonHelp,"charged currency amount annual subscription fee by mistake, please reverse this charge."
100106,@AmazonHelp Unable to sign in to my account from my new laptop. Says suspicious activity detected.,"Hello! If you suspect unauthorized access, please visit amzn.to/security immediately. You can also DM us your associated phone or email.",Fri Oct 06 20:48:00 +0000 2017,AmazonHelp,unable to sign in to my account from my new laptop. says suspicious activity detected.
100108,@AmazonHelp How long does it take for a refund to process to my original payment method for return #860-9990305-4106298?,"Hello! Once an item is received at our fulfillment center, refunds usually take 3-5 business days. Please DM us your order #860-9990305-4106298 to check status.",Tue Oct 10 05:02:00 +0000 2017,AmazonHelp,how long does it take for a refund to process to my original payment method for return order number ?
100110,@AmazonHelp Package #283-6071208-1237370 has been stuck in transit in transit hub for over 48 hours. What gives?,"Hello! We apologize for the delivery issue with #283-6071208-1237370. Please check around your porch/neighbors, and if still missing, DM us your account email.",Mon Oct 23 17:11:00 +0000 2017,AmazonHelp,package order number has been stuck in transit in transit hub for over 48 hours. what gives?
100112,@AmazonHelp Do you offer student discounts on annual Prime memberships?,"Hello! Our standard return policy is 30 days, but extended holiday return windows often apply. Let us know if you have a specific item in mind!",Wed Oct 04 08:23:00 +0000 2017,AmazonHelp,do you offer student discounts on annual prime memberships?
100114,"@AmazonHelp Every time I try to log in, it loops back to the login screen without an error message.",We're sorry you're having trouble accessing your account. Please send us a DM so we can securely guide you through the two-step verification reset.,Wed Oct 25 03:48:00 +0000 2017,AmazonHelp,"every time i try to log in, it loops back to the login screen without an error message."
100116,"@AmazonHelp Two-factor authentication is failing, says invalid token even though it's correct.","Hello! If you suspect unauthorized access, please visit amzn.to/security immediately. You can also DM us your associated phone or email.",Thu Oct 05 01:41:00 +0000 2017,AmazonHelp,"two-factor authentication is failing, says invalid token even though it's correct."
100118,"@AmazonHelp Where is my package? Order #665-2259379-3626181 was supposed to arrive this morning, still nothing!","Hello! We apologize for the delivery issue with #665-2259379-3626181. Please check around your porch/neighbors, and if still missing, DM us your account email.",Sat Oct 14 05:49:00 +0000 2017,AmazonHelp,"where is my package? order order number was supposed to arrive this morning, still nothing!"
100120,@AmazonHelp Package #339-5438490-4318855 has been stuck in transit in transit hub for over 48 hours. What gives?,"Hello! We apologize for the delivery issue with #339-5438490-4318855. Please check around your porch/neighbors, and if still missing, DM us your account email.",Wed Oct 04 02:09:00 +0000 2017,AmazonHelp,package order number has been stuck in transit in transit hub for over 48 hours. what gives?
100122,@AmazonHelp Getting 'An unexpected error occurred' whenever I try to add items to my shopping cart.,We're sorry for the app crash. Please ensure you are running the latest app update. DM us if you need further technical troubleshooting.,Thu Oct 05 00:52:00 +0000 2017,AmazonHelp,getting 'an unexpected error occurred' whenever i try to add items to my shopping cart.
100124,"@AmazonHelp Where is my package? Order #542-6407658-5200476 was supposed to arrive this morning, still nothing!","Hello! We apologize for the delivery issue with #542-6407658-5200476. Please check around your porch/neighbors, and if still missing, DM us your account email.",Tue Oct 24 23:51:00 +0000 2017,AmazonHelp,"where is my package? order order number was supposed to arrive this morning, still nothing!"
100126,"@AmazonHelp Every time I try to log in, it loops back to the login screen without an error message.","Hello! If you suspect unauthorized access, please visit amzn.to/security immediately. You can also DM us your associated phone or email.",Fri Oct 06 03:16:00 +0000 2017,AmazonHelp,"every time i try to log in, it loops back to the login screen without an error message."
100128,@AmazonHelp Please cancel my order #810-9312590-5835492 and process a full refund immediately.,Hi! We want to help get this sorted. Please send us a direct message with order #810-9312590-5835492 and return tracking number so we can verify with our billing team.,Mon Oct 16 02:07:00 +0000 2017,AmazonHelp,please cancel my order order number and process a full refund immediately.
100130,@AmazonHelp Amazon customer service never disappoints. Replaced my broken item with no hassle. Thanks!,Hearing this makes our day! Thank you for your feedback and support. We're always here to help!,Sat Oct 21 11:50:00 +0000 2017,AmazonHelp,amazon customer service never disappoints. replaced my broken item with no hassle. thanks!
100132,@AmazonHelp Carrier marked order #662-3198037-5832327 as delivered at front door but there is no package anywhere.,"Hello! We apologize for the delivery issue with #662-3198037-5832327. Please check around your porch/neighbors, and if still missing, DM us your account email.",Thu Oct 26 10:40:00 +0000 2017,AmazonHelp,carrier marked order order number as delivered at front door but there is no package anywhere.
100134,@AmazonHelp Unable to sign in to my account from my new laptop. Says suspicious activity detected.,"Hello! If you suspect unauthorized access, please visit amzn.to/security immediately. You can also DM us your associated phone or email.",Mon Oct 23 08:02:00 +0000 2017,AmazonHelp,unable to sign in to my account from my new laptop. says suspicious activity detected.
100136,@AmazonHelp Ordered express next-day delivery on #664-3426689-7435505 and it still hasn't shipped!,We understand your concern regarding order #664-3426689-7435505. Please drop us a DM with your tracking link and postal code so we can check with the carrier.,Sun Oct 01 11:49:00 +0000 2017,AmazonHelp,ordered express next-day delivery on order number and it still hasn't shipped!
100138,"@AmazonHelp Wishlist won't let me remove deleted items, says 'Failed to update wishlist'.",We're sorry for the app crash. Please ensure you are running the latest app update. DM us if you need further technical troubleshooting.,Mon Oct 09 23:04:00 +0000 2017,AmazonHelp,"wishlist won't let me remove deleted items, says 'failed to update wishlist'."
100140,@AmazonHelp Why was my credit card charged $96.50 when my order total was only $27.99?,"Sorry for the unexpected charge! If you did not intend to renew Prime, please DM us your email and we can help reverse eligible fees.",Sat Oct 07 02:54:00 +0000 2017,AmazonHelp,why was my credit card charged currency amount when my order total was only currency amount ?
100142,@AmazonHelp Incredible customer support experience today. Truly appreciate how fast my issue was handled.,Thank you so much for the kind words! We love hearing this and will pass your compliments along to the team. Have a wonderful day!,Fri Oct 13 10:29:00 +0000 2017,AmazonHelp,incredible customer support experience today. truly appreciate how fast my issue was handled.
100144,@AmazonHelp I was charged $233.50 twice for order #507-2347467-6512415. Please check your billing system.,Hi! We'd be glad to look into this charge for you. Please send us a DM with the date and amount so we can locate the transaction securely.,Sat Oct 14 10:54:00 +0000 2017,AmazonHelp,i was charged currency amount twice for order order number . please check your billing system.
100146,@AmazonHelp Your iOS app keeps crashing every time I tap the checkout button. Version 18.2.,"Hello! Please try accessing the site in an incognito window or restarting your device. If the bug persists, DM us your app version and device model.",Tue Oct 03 22:18:00 +0000 2017,AmazonHelp,your ios app keeps crashing every time i tap the checkout button. version 18.2.
100148,@AmazonHelp I was told my refund of $150.50 for order #541-3442255-5096953 would be in my account in 3-5 days. It's been 10 days.,"Hello! Once an item is received at our fulfillment center, refunds usually take 3-5 business days. Please DM us your order #541-3442255-5096953 to check status.",Wed Oct 18 18:51:00 +0000 2017,AmazonHelp,i was told my refund of currency amount for order order number would be in my account in 3-5 days. it's been 10 days.
100150,@AmazonHelp You guys billed me twice on the same day for order #609-3401116-4895475. Please fix this duplicate charge.,We apologize for the billing confusion. Please reach out via DM with the last 4 digits of the card and transaction date so we can inspect.,Thu Oct 26 06:02:00 +0000 2017,AmazonHelp,you guys billed me twice on the same day for order order number . please fix this duplicate charge.
100152,@AmazonHelp Tracking status says delivery attempted but nobody buzzed or knocked. Order #453-6018975-8118722.,So sorry for the delay on #453-6018975-8118722! Please DM us your order details and we will check the transit status directly for you.,Thu Oct 12 04:06:00 +0000 2017,AmazonHelp,tracking status says delivery attempted but nobody buzzed or knocked. order order number .
100154,@AmazonHelp I was charged $20.50 twice for order #688-5963914-5953150. Please check your billing system.,"Sorry for the unexpected charge! If you did not intend to renew Prime, please DM us your email and we can help reverse eligible fees.",Sat Oct 14 09:37:00 +0000 2017,AmazonHelp,i was charged currency amount twice for order order number . please check your billing system.
100156,@AmazonHelp I was charged $173.99 twice for order #460-4674286-4189885. Please check your billing system.,We apologize for the billing confusion. Please reach out via DM with the last 4 digits of the card and transaction date so we can inspect.,Sat Oct 21 10:30:00 +0000 2017,AmazonHelp,i was charged currency amount twice for order order number . please check your billing system.
100158,@AmazonHelp My subscription auto-renewed even though I turned off auto-renew last week!,"Hello, duplicate charges are often pending authorizations that drop off in 2-3 business days. Please DM us your order #849-3204724-2512187 to confirm.",Wed Oct 25 22:11:00 +0000 2017,AmazonHelp,my subscription auto-renewed even though i turned off auto-renew last week!
100160,@AmazonHelp I forgot my password and the password reset link is never arriving in my inbox.,"Hi there, please ensure SMS isn't blocked by your carrier, or try clearing browser cache. If the issue persists, send us a DM.",Sat Oct 07 18:45:00 +0000 2017,AmazonHelp,i forgot my password and the password reset link is never arriving in my inbox.
100162,@AmazonHelp Is the manufacturer warranty valid if I buy an electronic item through third party sellers?,"Hello! Our standard return policy is 30 days, but extended holiday return windows often apply. Let us know if you have a specific item in mind!",Fri Oct 13 07:22:00 +0000 2017,AmazonHelp,is the manufacturer warranty valid if i buy an electronic item through third party sellers?
100164,@AmazonHelp Return status says received at warehouse but refund not initiated for #753-7232293-2817745. Please help.,We're sorry for the delay in your refund! Please reach out to us in DM with order #753-7232293-2817745 and your email address so we can review the return.,Wed Oct 04 06:03:00 +0000 2017,AmazonHelp,return status says received at warehouse but refund not initiated for order number . please help.
100166,@AmazonHelp Does this product come with a power adapter or do I need to buy it separately?,Hi! You can check international shipping options and estimated import duties at checkout or by visiting amzn.to/shipping-rates.,Thu Oct 12 01:28:00 +0000 2017,AmazonHelp,does this product come with a power adapter or do i need to buy it separately?
100168,@AmazonHelp Tracking status says delivery attempted but nobody buzzed or knocked. Order #564-7224540-8031780.,We understand your concern regarding order #564-7224540-8031780. Please drop us a DM with your tracking link and postal code so we can check with the carrier.,Wed Oct 18 05:44:00 +0000 2017,AmazonHelp,tracking status says delivery attempted but nobody buzzed or knocked. order order number .
100170,"@AmazonHelp Every time I try to log in, it loops back to the login screen without an error message.","Hello! If you suspect unauthorized access, please visit amzn.to/security immediately. You can also DM us your associated phone or email.",Fri Oct 06 22:26:00 +0000 2017,AmazonHelp,"every time i try to log in, it loops back to the login screen without an error message."
100172,@AmazonHelp Carrier marked order #317-1358318-1848566 as delivered at front door but there is no package anywhere.,"Hi there, we're sorry to hear your order #317-1358318-1848566 is delayed! Please send us a DM at amzn.to/help with your details so we can investigate.",Thu Oct 26 14:21:00 +0000 2017,AmazonHelp,carrier marked order order number as delivered at front door but there is no package anywhere.
100174,@AmazonHelp Why was my credit card charged $213.49 when my order total was only $30.00?,"Hello, duplicate charges are often pending authorizations that drop off in 2-3 business days. Please DM us your order #932-4909069-6512314 to confirm.",Thu Oct 12 18:47:00 +0000 2017,AmazonHelp,why was my credit card charged currency amount when my order total was only currency amount ?
100176,@AmazonHelp Ordered express next-day delivery on #987-1432519-3211291 and it still hasn't shipped!,"Hi there, we're sorry to hear your order #987-1432519-3211291 is delayed! Please send us a DM at amzn.to/help with your details so we can investigate.",Fri Oct 13 10:52:00 +0000 2017,AmazonHelp,ordered express next-day delivery on order number and it still hasn't shipped!
100178,@AmazonHelp My tracking says delivered but I have not received anything for order #531-9826250-2906718!,So sorry for the delay on #531-9826250-2906718! Please DM us your order details and we will check the transit status directly for you.,Wed Oct 11 11:00:00 +0000 2017,AmazonHelp,my tracking says delivered but i have not received anything for order order number !
100180,@AmazonHelp Tracking status says delivery attempted but nobody buzzed or knocked. Order #902-9748499-6060517.,"Hi there, we're sorry to hear your order #902-9748499-6060517 is delayed! Please send us a DM at amzn.to/help with your details so we can investigate.",Sat Oct 21 13:30:00 +0000 2017,AmazonHelp,tracking status says delivery attempted but nobody buzzed or knocked. order order number .
100182,@AmazonHelp Your support agent was extremely rude and unhelpful. Disgraceful treatment of a 10-year customer.,This is definitely not the experience we want for our customers. Please reach out in DM with your contact information so an escalation manager can connect with you.,Sat Oct 28 22:18:00 +0000 2017,AmazonHelp,your support agent was extremely rude and unhelpful. disgraceful treatment of a 10-year customer.
100184,@AmazonHelp Can someone check on order #818-2919549-4607488? It's a birthday gift and now it's late.,So sorry for the delay on #818-2919549-4607488! Please DM us your order details and we will check the transit status directly for you.,Thu Oct 05 16:52:00 +0000 2017,AmazonHelp,can someone check on order order number ? it's a birthday gift and now it's late.
100186,@AmazonHelp Please cancel my order #781-5276341-7279729 and process a full refund immediately.,Apologies for the inconvenience! Please DM us your account details so we can check on return #781-5276341-7279729 and expedite your refund.,Wed Oct 18 08:02:00 +0000 2017,AmazonHelp,please cancel my order order number and process a full refund immediately.
100188,@AmazonHelp Unable to sign in to my account from my new laptop. Says suspicious activity detected.,"Hello! If you suspect unauthorized access, please visit amzn.to/security immediately. You can also DM us your associated phone or email.",Fri Oct 06 02:10:00 +0000 2017,AmazonHelp,unable to sign in to my account from my new laptop. says suspicious activity detected.
100190,@AmazonHelp Unable to sign in to my account from my new laptop. Says suspicious activity detected.,We're sorry you're having trouble accessing your account. Please send us a DM so we can securely guide you through the two-step verification reset.,Fri Oct 20 21:43:00 +0000 2017,AmazonHelp,unable to sign in to my account from my new laptop. says suspicious activity detected.
100192,@AmazonHelp Amazon customer service never disappoints. Replaced my broken item with no hassle. Thanks!,Thank you so much for the kind words! We love hearing this and will pass your compliments along to the team. Have a wonderful day!,Sat Oct 07 21:29:00 +0000 2017,AmazonHelp,amazon customer service never disappoints. replaced my broken item with no hassle. thanks!
100194,@AmazonHelp Payment declined on my card even though there are sufficient funds available.,"Hello, duplicate charges are often pending authorizations that drop off in 2-3 business days. Please DM us your order #171-3380261-1514340 to confirm.",Sun Oct 15 13:24:00 +0000 2017,AmazonHelp,payment declined on my card even though there are sufficient funds available.
100196,@AmazonHelp Getting 'An unexpected error occurred' whenever I try to add items to my shopping cart.,We're sorry for the app crash. Please ensure you are running the latest app update. DM us if you need further technical troubleshooting.,Fri Oct 20 16:09:00 +0000 2017,AmazonHelp,getting 'an unexpected error occurred' whenever i try to add items to my shopping cart.
100198,@AmazonHelp Can you explain the invoice breakdown for #524-5582979-4616647? There's an extra charge of $208.00.,"Sorry for the unexpected charge! If you did not intend to renew Prime, please DM us your email and we can help reverse eligible fees.",Sun Oct 15 09:53:00 +0000 2017,AmazonHelp,can you explain the invoice breakdown for order number ? there's an extra charge of currency amount .
100200,@AmazonHelp Package #713-1919088-1128967 has been stuck in transit in transit hub for over 48 hours. What gives?,We understand your concern regarding order #713-1919088-1128967. Please drop us a DM with your tracking link and postal code so we can check with the carrier.,Sun Oct 01 17:27:00 +0000 2017,AmazonHelp,package order number has been stuck in transit in transit hub for over 48 hours. what gives?
100202,"@AmazonHelp Wishlist won't let me remove deleted items, says 'Failed to update wishlist'.","Hi! Thanks for bringing this to our attention. Have you tried reinstalling the app or clearing your cache? If so, please DM us your device OS version.",Mon Oct 02 05:29:00 +0000 2017,AmazonHelp,"wishlist won't let me remove deleted items, says 'failed to update wishlist'."
100204,@AmazonHelp This is completely unacceptable. I want to speak to a supervisor or corporate manager right now!,This is definitely not the experience we want for our customers. Please reach out in DM with your contact information so an escalation manager can connect with you.,Mon Oct 16 03:45:00 +0000 2017,AmazonHelp,this is completely unacceptable. i want to speak to a supervisor or corporate manager right now!
100206,@AmazonHelp Are recyclable packaging options available for fragile items?,Hi! You can check international shipping options and estimated import duties at checkout or by visiting amzn.to/shipping-rates.,Sun Oct 15 11:55:00 +0000 2017,AmazonHelp,are recyclable packaging options available for fragile items?
100208,@AmazonHelp Ordered express next-day delivery on #897-3820798-2281433 and it still hasn't shipped!,"Hello! We apologize for the delivery issue with #897-3820798-2281433. Please check around your porch/neighbors, and if still missing, DM us your account email.",Fri Oct 06 01:18:00 +0000 2017,AmazonHelp,ordered express next-day delivery on order number and it still hasn't shipped!
100210,@AmazonHelp Ordered express next-day delivery on #277-3564729-2264218 and it still hasn't shipped!,We understand your concern regarding order #277-3564729-2264218. Please drop us a DM with your tracking link and postal code so we can check with the carrier.,Sat Oct 21 09:21:00 +0000 2017,AmazonHelp,ordered express next-day delivery on order number and it still hasn't shipped!
100212,"@AmazonHelp Help! Account locked due to too many failed attempts, how do I unlock it?","Hi there, please ensure SMS isn't blocked by your carrier, or try clearing browser cache. If the issue persists, send us a DM.",Tue Oct 03 23:09:00 +0000 2017,AmazonHelp,"help! account locked due to too many failed attempts, how do i unlock it?"
100214,@AmazonHelp What is the return window for holiday purchases made in November?,"Hi there! Yes, Amazon gift cards can be applied to Kindle digital purchases. Check out amzn.to/giftcard-faq for more information.",Mon Oct 23 00:31:00 +0000 2017,AmazonHelp,what is the return window for holiday purchases made in november?
100216,@AmazonHelp shipment #163-8558523-2736473 is delayed by 3 days already. Any update on when it will arrive?,"Hi there, we're sorry to hear your order #163-8558523-2736473 is delayed! Please send us a DM at amzn.to/help with your details so we can investigate.",Sat Oct 21 07:09:00 +0000 2017,AmazonHelp,shipment order number is delayed by 3 days already. any update on when it will arrive?
100218,@AmazonHelp Locked out of my account. The OTP verification code is not being sent to my phone.,"Hello! If you suspect unauthorized access, please visit amzn.to/security immediately. You can also DM us your associated phone or email.",Mon Oct 16 09:07:00 +0000 2017,AmazonHelp,locked out of my account. the otp verification code is not being sent to my phone.
100220,"@AmazonHelp My account was compromised or hacked, someone changed the email on file. Need help urgently!","Hello! If you suspect unauthorized access, please visit amzn.to/security immediately. You can also DM us your associated phone or email.",Thu Oct 19 05:08:00 +0000 2017,AmazonHelp,"my account was compromised or hacked, someone changed the email on file. need help urgently!"
100222,@AmazonHelp Payment declined on my card even though there are sufficient funds available.,Hi! We'd be glad to look into this charge for you. Please send us a DM with the date and amount so we can locate the transaction securely.,Sun Oct 15 10:22:00 +0000 2017,AmazonHelp,payment declined on my card even though there are sufficient funds available.
100224,@AmazonHelp Thank you so much for the quick replacement on order #449-9158272-4221313. You guys are the best!,Thank you so much for the kind words! We love hearing this and will pass your compliments along to the team. Have a wonderful day!,Mon Oct 16 16:51:00 +0000 2017,AmazonHelp,thank you so much for the quick replacement on order order number . you guys are the best!
100226,@AmazonHelp Tracking status says delivery attempted but nobody buzzed or knocked. Order #485-3587931-3722056.,We understand your concern regarding order #485-3587931-3722056. Please drop us a DM with your tracking link and postal code so we can check with the carrier.,Thu Oct 12 04:27:00 +0000 2017,AmazonHelp,tracking status says delivery attempted but nobody buzzed or knocked. order order number .
100228,@AmazonHelp Payment declined on my card even though there are sufficient funds available.,"Sorry for the unexpected charge! If you did not intend to renew Prime, please DM us your email and we can help reverse eligible fees.",Sat Oct 14 04:47:00 +0000 2017,AmazonHelp,payment declined on my card even though there are sufficient funds available.
100230,@AmazonHelp Lost access to my old phone number and now 2FA won't let me log into my account.,"Hi! For your security, please don't share passwords publicly. Please visit amzn.to/account-recovery or DM us to begin identity verification.",Tue Oct 24 20:31:00 +0000 2017,AmazonHelp,lost access to my old phone number and now 2fa won't let me log into my account.
100232,@AmazonHelp Need a refund for #881-3689594-5576678. Sent back via drop-off locker 5 days ago.,Hi! We want to help get this sorted. Please send us a direct message with order #881-3689594-5576678 and return tracking number so we can verify with our billing team.,Fri Oct 20 06:11:00 +0000 2017,AmazonHelp,need a refund for order number . sent back via drop-off locker 5 days ago.
100234,@AmazonHelp Please cancel my order #482-4955699-7478792 and process a full refund immediately.,Hi! We want to help get this sorted. Please send us a direct message with order #482-4955699-7478792 and return tracking number so we can verify with our billing team.,Sun Oct 08 00:32:00 +0000 2017,AmazonHelp,please cancel my order order number and process a full refund immediately.
100236,"@AmazonHelp Where is my package? Order #949-8926478-3328554 was supposed to arrive yesterday, still nothing!",We understand your concern regarding order #949-8926478-3328554. Please drop us a DM with your tracking link and postal code so we can check with the carrier.,Sun Oct 08 04:19:00 +0000 2017,AmazonHelp,"where is my package? order order number was supposed to arrive yesterday, still nothing!"
100238,@AmazonHelp WORST CUSTOMER SERVICE EVER! Representative hung up on me after waiting 45 minutes on hold!,We are very sorry to hear this and take feedback like this seriously. Please send us a direct message with your account details and phone number so we can escalate to a supervisor.,Sun Oct 22 04:18:00 +0000 2017,AmazonHelp,worst customer service ever! representative hung up on me after waiting 45 minutes on hold!
100240,@AmazonHelp Tracking status says delivery attempted but nobody buzzed or knocked. Order #611-9993490-1275739.,"Hi there, we're sorry to hear your order #611-9993490-1275739 is delayed! Please send us a DM at amzn.to/help with your details so we can investigate.",Tue Oct 17 10:23:00 +0000 2017,AmazonHelp,tracking status says delivery attempted but nobody buzzed or knocked. order order number .
100242,@AmazonHelp You guys billed me twice on the same day for order #291-2436363-9782613. Please fix this duplicate charge.,Hi! We'd be glad to look into this charge for you. Please send us a DM with the date and amount so we can locate the transaction securely.,Wed Oct 18 23:35:00 +0000 2017,AmazonHelp,you guys billed me twice on the same day for order order number . please fix this duplicate charge.
100244,@AmazonHelp Ordered express next-day delivery on #116-6991041-2133461 and it still hasn't shipped!,"Hello! We apologize for the delivery issue with #116-6991041-2133461. Please check around your porch/neighbors, and if still missing, DM us your account email.",Tue Oct 17 09:49:00 +0000 2017,AmazonHelp,ordered express next-day delivery on order number and it still hasn't shipped!
100246,@AmazonHelp Please cancel my order #758-3937508-8795078 and process a full refund immediately.,Apologies for the inconvenience! Please DM us your account details so we can check on return #758-3937508-8795078 and expedite your refund.,Sat Oct 14 17:32:00 +0000 2017,AmazonHelp,please cancel my order order number and process a full refund immediately.
100248,"@AmazonHelp Where is my package? Order #304-1703065-6294819 was supposed to arrive this morning, still nothing!","Hello! We apologize for the delivery issue with #304-1703065-6294819. Please check around your porch/neighbors, and if still missing, DM us your account email.",Tue Oct 17 14:55:00 +0000 2017,AmazonHelp,"where is my package? order order number was supposed to arrive this morning, still nothing!"
100250,@AmazonHelp Are recyclable packaging options available for fragile items?,"Hi there! Yes, Amazon gift cards can be applied to Kindle digital purchases. Check out amzn.to/giftcard-faq for more information.",Mon Oct 23 23:00:00 +0000 2017,AmazonHelp,are recyclable packaging options available for fragile items?
100252,@AmazonHelp Charged for an item I sent back last Monday. When will my refund of $220.00 arrive?,We're sorry for the delay in your refund! Please reach out to us in DM with order #916-9712003-5474830 and your email address so we can review the return.,Sat Oct 14 17:53:00 +0000 2017,AmazonHelp,charged for an item i sent back last monday. when will my refund of currency amount arrive?
100254,@AmazonHelp Can someone check on order #435-5960015-6142147? It's a birthday gift and now it's late.,"Hi there, we're sorry to hear your order #435-5960015-6142147 is delayed! Please send us a DM at amzn.to/help with your details so we can investigate.",Tue Oct 17 10:06:00 +0000 2017,AmazonHelp,can someone check on order order number ? it's a birthday gift and now it's late.
100256,@AmazonHelp Incredible customer support experience today. Truly appreciate how fast my issue was handled.,Hearing this makes our day! Thank you for your feedback and support. We're always here to help!,Sat Oct 07 02:53:00 +0000 2017,AmazonHelp,incredible customer support experience today. truly appreciate how fast my issue was handled.
100258,@AmazonHelp Ordered express next-day delivery on #760-7145971-7075878 and it still hasn't shipped!,We understand your concern regarding order #760-7145971-7075878. Please drop us a DM with your tracking link and postal code so we can check with the carrier.,Wed Oct 04 20:59:00 +0000 2017,AmazonHelp,ordered express next-day delivery on order number and it still hasn't shipped!
100260,@AmazonHelp shipment #475-7677903-6274512 is delayed by 3 days already. Any update on when it will arrive?,So sorry for the delay on #475-7677903-6274512! Please DM us your order details and we will check the transit status directly for you.,Wed Oct 18 23:42:00 +0000 2017,AmazonHelp,shipment order number is delayed by 3 days already. any update on when it will arrive?
100262,@AmazonHelp My tracking says delivered but I have not received anything for order #893-5366937-8487220!,"Hello! We apologize for the delivery issue with #893-5366937-8487220. Please check around your porch/neighbors, and if still missing, DM us your account email.",Wed Oct 04 17:54:00 +0000 2017,AmazonHelp,my tracking says delivered but i have not received anything for order order number !
100264,@AmazonHelp Package #830-8467726-2472884 has been stuck in transit in transit hub for over 48 hours. What gives?,We understand your concern regarding order #830-8467726-2472884. Please drop us a DM with your tracking link and postal code so we can check with the carrier.,Sun Oct 08 13:03:00 +0000 2017,AmazonHelp,package order number has been stuck in transit in transit hub for over 48 hours. what gives?
100266,@AmazonHelp Can someone check on order #470-9535505-4762150? It's a birthday gift and now it's late.,"Hi there, we're sorry to hear your order #470-9535505-4762150 is delayed! Please send us a DM at amzn.to/help with your details so we can investigate.",Thu Oct 26 14:09:00 +0000 2017,AmazonHelp,can someone check on order order number ? it's a birthday gift and now it's late.
100268,@AmazonHelp Charged for an item I sent back last Monday. When will my refund of $31.99 arrive?,Apologies for the inconvenience! Please DM us your account details so we can check on return #922-3177199-2446455 and expedite your refund.,Fri Oct 27 12:57:00 +0000 2017,AmazonHelp,charged for an item i sent back last monday. when will my refund of currency amount arrive?
100270,@AmazonHelp Tracking status says delivery attempted but nobody buzzed or knocked. Order #424-2244282-8549319.,"Hi there, we're sorry to hear your order #424-2244282-8549319 is delayed! Please send us a DM at amzn.to/help with your details so we can investigate.",Sat Oct 07 00:38:00 +0000 2017,AmazonHelp,tracking status says delivery attempted but nobody buzzed or knocked. order order number .
100272,@AmazonHelp Package #268-3717354-6413349 has been stuck in transit in transit hub for over 48 hours. What gives?,"Hello! We apologize for the delivery issue with #268-3717354-6413349. Please check around your porch/neighbors, and if still missing, DM us your account email.",Thu Oct 26 10:40:00 +0000 2017,AmazonHelp,package order number has been stuck in transit in transit hub for over 48 hours. what gives?
100274,@AmazonHelp Ordered express next-day delivery on #410-9950276-2567468 and it still hasn't shipped!,"Hi there, we're sorry to hear your order #410-9950276-2567468 is delayed! Please send us a DM at amzn.to/help with your details so we can investigate.",Mon Oct 02 16:00:00 +0000 2017,AmazonHelp,ordered express next-day delivery on order number and it still hasn't shipped!
100276,@AmazonHelp Package #756-5440189-4536777 has been stuck in transit in transit hub for over 48 hours. What gives?,We understand your concern regarding order #756-5440189-4536777. Please drop us a DM with your tracking link and postal code so we can check with the carrier.,Thu Oct 12 12:29:00 +0000 2017,AmazonHelp,package order number has been stuck in transit in transit hub for over 48 hours. what gives?
100278,@AmazonHelp Return status says received at warehouse but refund not initiated for #174-2005173-3652149. Please help.,We're sorry for the delay in your refund! Please reach out to us in DM with order #174-2005173-3652149 and your email address so we can review the return.,Sun Oct 15 21:47:00 +0000 2017,AmazonHelp,return status says received at warehouse but refund not initiated for order number . please help.
100280,@AmazonHelp Thank you so much for the quick replacement on order #233-7216632-9639932. You guys are the best!,You're very welcome! We're so glad everything was resolved smoothly. Thank you for being a valued customer!,Thu Oct 12 15:48:00 +0000 2017,AmazonHelp,thank you so much for the quick replacement on order order number . you guys are the best!
100282,@AmazonHelp shipment #397-7444964-8015136 is delayed by 3 days already. Any update on when it will arrive?,So sorry for the delay on #397-7444964-8015136! Please DM us your order details and we will check the transit status directly for you.,Sun Oct 22 14:54:00 +0000 2017,AmazonHelp,shipment order number is delayed by 3 days already. any update on when it will arrive?
100284,@AmazonHelp How can I change my primary delivery address before placing an order?,Hi! You can check international shipping options and estimated import duties at checkout or by visiting amzn.to/shipping-rates.,Sat Oct 14 04:19:00 +0000 2017,AmazonHelp,how can i change my primary delivery address before placing an order?
100286,@AmazonHelp Can you explain the invoice breakdown for #963-8895137-5794062? There's an extra charge of $152.00.,We apologize for the billing confusion. Please reach out via DM with the last 4 digits of the card and transaction date so we can inspect.,Thu Oct 19 17:28:00 +0000 2017,AmazonHelp,can you explain the invoice breakdown for order number ? there's an extra charge of currency amount .
100288,@AmazonHelp Can someone check on order #152-4265774-7082139? It's a birthday gift and now it's late.,We understand your concern regarding order #152-4265774-7082139. Please drop us a DM with your tracking link and postal code so we can check with the carrier.,Fri Oct 06 18:47:00 +0000 2017,AmazonHelp,can someone check on order order number ? it's a birthday gift and now it's late.
100290,@AmazonHelp 5 stars to the agent who helped me reset my account this morning. Great experience!,Thank you so much for the kind words! We love hearing this and will pass your compliments along to the team. Have a wonderful day!,Tue Oct 03 03:31:00 +0000 2017,AmazonHelp,5 stars to the agent who helped me reset my account this morning. great experience!
100292,@AmazonHelp The video streaming player on Prime Video keeps stuttering and buffering on my Smart TV.,We apologize for the technical glitch! Our technical team is monitoring site stability. Please send us a DM with a screenshot if the error continues.,Sat Oct 14 23:51:00 +0000 2017,AmazonHelp,the video streaming player on prime video keeps stuttering and buffering on my smart tv.
100294,@AmazonHelp Return status says received at warehouse but refund not initiated for #948-9551583-9931180. Please help.,"Hello! Once an item is received at our fulfillment center, refunds usually take 3-5 business days. Please DM us your order #948-9551583-9931180 to check status.",Fri Oct 27 22:34:00 +0000 2017,AmazonHelp,return status says received at warehouse but refund not initiated for order number . please help.
100296,@AmazonHelp Checkout page freezes when selecting saved shipping address.,We apologize for the technical glitch! Our technical team is monitoring site stability. Please send us a DM with a screenshot if the error continues.,Wed Oct 18 16:17:00 +0000 2017,AmazonHelp,checkout page freezes when selecting saved shipping address.
100298,@AmazonHelp Can I use Amazon gift cards to purchase digital books on Kindle?,"Hello! Our standard return policy is 30 days, but extended holiday return windows often apply. Let us know if you have a specific item in mind!",Tue Oct 10 15:43:00 +0000 2017,AmazonHelp,can i use amazon gift cards to purchase digital books on kindle?
100300,@AmazonHelp Lost access to my old phone number and now 2FA won't let me log into my account.,"Hi there, please ensure SMS isn't blocked by your carrier, or try clearing browser cache. If the issue persists, send us a DM.",Wed Oct 18 12:36:00 +0000 2017,AmazonHelp,lost access to my old phone number and now 2fa won't let me log into my account.
100302,@AmazonHelp Thank you @AmazonHelp for resolving my billing query so smoothly today!,"We're thrilled to hear Sarah was able to help! Thank you for choosing us, and please don't hesitate to reach out if you ever need anything else.",Sat Oct 14 01:45:00 +0000 2017,AmazonHelp,thank you for resolving my billing query so smoothly today!
100304,@AmazonHelp How long does it take for a refund to process to my original payment method for return #404-5848684-4477544?,Hi! We want to help get this sorted. Please send us a direct message with order #404-5848684-4477544 and return tracking number so we can verify with our billing team.,Fri Oct 27 11:24:00 +0000 2017,AmazonHelp,how long does it take for a refund to process to my original payment method for return order number ?
100306,@AmazonHelp Need a refund for #504-6790398-3457461. Sent back via drop-off locker 5 days ago.,Hi! We want to help get this sorted. Please send us a direct message with order #504-6790398-3457461 and return tracking number so we can verify with our billing team.,Mon Oct 23 04:17:00 +0000 2017,AmazonHelp,need a refund for order number . sent back via drop-off locker 5 days ago.
100308,"@AmazonHelp Where is my package? Order #651-5548852-5557052 was supposed to arrive 2 days ago, still nothing!","Hello! We apologize for the delivery issue with #651-5548852-5557052. Please check around your porch/neighbors, and if still missing, DM us your account email.",Wed Oct 11 23:20:00 +0000 2017,AmazonHelp,"where is my package? order order number was supposed to arrive 2 days ago, still nothing!"
100310,@AmazonHelp Can someone check on order #438-8925622-2686863? It's a birthday gift and now it's late.,So sorry for the delay on #438-8925622-2686863! Please DM us your order details and we will check the transit status directly for you.,Tue Oct 10 10:52:00 +0000 2017,AmazonHelp,can someone check on order order number ? it's a birthday gift and now it's late.
100312,@AmazonHelp Charged for an item I sent back last Monday. When will my refund of $181.49 arrive?,We're sorry for the delay in your refund! Please reach out to us in DM with order #761-1992583-2500901 and your email address so we can review the return.,Thu Oct 19 10:38:00 +0000 2017,AmazonHelp,charged for an item i sent back last monday. when will my refund of currency amount arrive?
100314,@AmazonHelp Package #866-5856449-1628578 has been stuck in transit in transit hub for over 48 hours. What gives?,So sorry for the delay on #866-5856449-1628578! Please DM us your order details and we will check the transit status directly for you.,Thu Oct 26 02:26:00 +0000 2017,AmazonHelp,package order number has been stuck in transit in transit hub for over 48 hours. what gives?
100316,"@AmazonHelp My account was compromised or hacked, someone changed the email on file. Need help urgently!","Hi there, please ensure SMS isn't blocked by your carrier, or try clearing browser cache. If the issue persists, send us a DM.",Fri Oct 13 02:01:00 +0000 2017,AmazonHelp,"my account was compromised or hacked, someone changed the email on file. need help urgently!"
100318,@AmazonHelp Tracking status says delivery attempted but nobody buzzed or knocked. Order #445-5949685-4240708.,"Hi there, we're sorry to hear your order #445-5949685-4240708 is delayed! Please send us a DM at amzn.to/help with your details so we can investigate.",Sat Oct 07 18:36:00 +0000 2017,AmazonHelp,tracking status says delivery attempted but nobody buzzed or knocked. order order number .
100320,@AmazonHelp How long does it take for a refund to process to my original payment method for return #354-1114590-5375250?,"Hello! Once an item is received at our fulfillment center, refunds usually take 3-5 business days. Please DM us your order #354-1114590-5375250 to check status.",Tue Oct 17 17:44:00 +0000 2017,AmazonHelp,how long does it take for a refund to process to my original payment method for return order number ?
100322,@AmazonHelp Package #221-8808032-6147356 has been stuck in transit in transit hub for over 48 hours. What gives?,We understand your concern regarding order #221-8808032-6147356. Please drop us a DM with your tracking link and postal code so we can check with the carrier.,Wed Oct 11 10:14:00 +0000 2017,AmazonHelp,package order number has been stuck in transit in transit hub for over 48 hours. what gives?
100324,@AmazonHelp Just wanted to say thank you for delivering my package ahead of schedule! Great job!,"We're thrilled to hear Sarah was able to help! Thank you for choosing us, and please don't hesitate to reach out if you ever need anything else.",Sat Oct 28 11:48:00 +0000 2017,AmazonHelp,just wanted to say thank you for delivering my package ahead of schedule! great job!
100326,"@AmazonHelp My account was compromised or hacked, someone changed the email on file. Need help urgently!",We're sorry you're having trouble accessing your account. Please send us a DM so we can securely guide you through the two-step verification reset.,Wed Oct 25 01:22:00 +0000 2017,AmazonHelp,"my account was compromised or hacked, someone changed the email on file. need help urgently!"
100328,@AmazonHelp shipment #310-9201172-2525747 is delayed by 3 days already. Any update on when it will arrive?,So sorry for the delay on #310-9201172-2525747! Please DM us your order details and we will check the transit status directly for you.,Fri Oct 27 00:57:00 +0000 2017,AmazonHelp,shipment order number is delayed by 3 days already. any update on when it will arrive?
100330,@AmazonHelp I forgot my password and the password reset link is never arriving in my inbox.,"Hi! For your security, please don't share passwords publicly. Please visit amzn.to/account-recovery or DM us to begin identity verification.",Tue Oct 17 01:20:00 +0000 2017,AmazonHelp,i forgot my password and the password reset link is never arriving in my inbox.
100332,"@AmazonHelp Every time I try to log in, it loops back to the login screen without an error message.","Hello! If you suspect unauthorized access, please visit amzn.to/security immediately. You can also DM us your associated phone or email.",Sat Oct 21 18:56:00 +0000 2017,AmazonHelp,"every time i try to log in, it loops back to the login screen without an error message."
100334,@AmazonHelp I was told my refund of $45.49 for order #799-3231198-6834610 would be in my account in 3-5 days. It's been 10 days.,We're sorry for the delay in your refund! Please reach out to us in DM with order #799-3231198-6834610 and your email address so we can review the return.,Sun Oct 01 12:48:00 +0000 2017,AmazonHelp,i was told my refund of currency amount for order order number would be in my account in 3-5 days. it's been 10 days.
100336,@AmazonHelp Incredible customer support experience today. Truly appreciate how fast my issue was handled.,You're very welcome! We're so glad everything was resolved smoothly. Thank you for being a valued customer!,Fri Oct 06 12:16:00 +0000 2017,AmazonHelp,incredible customer support experience today. truly appreciate how fast my issue was handled.
100338,@AmazonHelp Do you ship internationally to Germany and what are the customs fees?,Hello! Most electronics purchased from authorized sellers include standard warranty. Please DM us the product ASIN to check details.,Tue Oct 03 09:20:00 +0000 2017,AmazonHelp,do you ship internationally to germany and what are the customs fees?
100340,@AmazonHelp Return status says received at warehouse but refund not initiated for #652-4645172-1946973. Please help.,We're sorry for the delay in your refund! Please reach out to us in DM with order #652-4645172-1946973 and your email address so we can review the return.,Sat Oct 07 21:29:00 +0000 2017,AmazonHelp,return status says received at warehouse but refund not initiated for order number . please help.
100342,"@AmazonHelp Help! Account locked due to too many failed attempts, how do I unlock it?","Hi! For your security, please don't share passwords publicly. Please visit amzn.to/account-recovery or DM us to begin identity verification.",Wed Oct 18 17:20:00 +0000 2017,AmazonHelp,"help! account locked due to too many failed attempts, how do i unlock it?"
100344,"@AmazonHelp Received broken item in order #526-7849452-3503456. I want my money back, not a replacement.",Hi! We want to help get this sorted. Please send us a direct message with order #526-7849452-3503456 and return tracking number so we can verify with our billing team.,Sat Oct 07 22:41:00 +0000 2017,AmazonHelp,"received broken item in order order number . i want my money back, not a replacement."
100346,"@AmazonHelp If my issue is not resolved today, I will be taking legal action with my attorney. Order #675-7923579-7987842.",We hear your frustration and apologize for the breakdown in communication. Please DM us your order #675-7923579-7987842 so we can urgently review this with our leadership team.,Wed Oct 04 23:22:00 +0000 2017,AmazonHelp,"if my issue is not resolved today, i will be taking legal action with my attorney. order order number ."
100348,@AmazonHelp What is the return window for holiday purchases made in November?,Hello! Most electronics purchased from authorized sellers include standard warranty. Please DM us the product ASIN to check details.,Tue Oct 10 21:10:00 +0000 2017,AmazonHelp,what is the return window for holiday purchases made in november?
100350,"@AmazonHelp Received broken item in order #115-4553544-4188068. I want my money back, not a replacement.",Apologies for the inconvenience! Please DM us your account details so we can check on return #115-4553544-4188068 and expedite your refund.,Thu Oct 26 12:02:00 +0000 2017,AmazonHelp,"received broken item in order order number . i want my money back, not a replacement."
100352,@AmazonHelp Checkout page freezes when selecting saved shipping address.,We're sorry for the app crash. Please ensure you are running the latest app update. DM us if you need further technical troubleshooting.,Sun Oct 22 17:49:00 +0000 2017,AmazonHelp,checkout page freezes when selecting saved shipping address.
100354,@AmazonHelp Your support agent was extremely rude and unhelpful. Disgraceful treatment of a 10-year customer.,This is definitely not the experience we want for our customers. Please reach out in DM with your contact information so an escalation manager can connect with you.,Sun Oct 08 07:29:00 +0000 2017,AmazonHelp,your support agent was extremely rude and unhelpful. disgraceful treatment of a 10-year customer.
100356,@AmazonHelp Need a refund for #488-5122665-9376888. Sent back via drop-off locker 5 days ago.,We're sorry for the delay in your refund! Please reach out to us in DM with order #488-5122665-9376888 and your email address so we can review the return.,Tue Oct 17 09:41:00 +0000 2017,AmazonHelp,need a refund for order number . sent back via drop-off locker 5 days ago.
100358,"@AmazonHelp Where is my package? Order #659-9192588-4087809 was supposed to arrive yesterday, still nothing!","Hi there, we're sorry to hear your order #659-9192588-4087809 is delayed! Please send us a DM at amzn.to/help with your details so we can investigate.",Sat Oct 07 15:11:00 +0000 2017,AmazonHelp,"where is my package? order order number was supposed to arrive yesterday, still nothing!"
100360,@AmazonHelp Can someone check on order #824-3533857-1153368? It's a birthday gift and now it's late.,So sorry for the delay on #824-3533857-1153368! Please DM us your order details and we will check the transit status directly for you.,Sun Oct 01 16:14:00 +0000 2017,AmazonHelp,can someone check on order order number ? it's a birthday gift and now it's late.
100362,"@AmazonHelp Every time I try to log in, it loops back to the login screen without an error message.",We're sorry you're having trouble accessing your account. Please send us a DM so we can securely guide you through the two-step verification reset.,Thu Oct 05 18:13:00 +0000 2017,AmazonHelp,"every time i try to log in, it loops back to the login screen without an error message."
100364,@AmazonHelp Ordered express next-day delivery on #296-9832465-5234874 and it still hasn't shipped!,So sorry for the delay on #296-9832465-5234874! Please DM us your order details and we will check the transit status directly for you.,Fri Oct 27 02:08:00 +0000 2017,AmazonHelp,ordered express next-day delivery on order number and it still hasn't shipped!
100366,@AmazonHelp 5 stars to the agent who helped me reset my account this morning. Great experience!,Hearing this makes our day! Thank you for your feedback and support. We're always here to help!,Sun Oct 01 19:20:00 +0000 2017,AmazonHelp,5 stars to the agent who helped me reset my account this morning. great experience!
100368,@AmazonHelp Carrier marked order #965-8279795-6557798 as delivered at front door but there is no package anywhere.,So sorry for the delay on #965-8279795-6557798! Please DM us your order details and we will check the transit status directly for you.,Tue Oct 03 11:52:00 +0000 2017,AmazonHelp,carrier marked order order number as delivered at front door but there is no package anywhere.
100370,@AmazonHelp Why was my credit card charged $232.99 when my order total was only $5.00?,"Sorry for the unexpected charge! If you did not intend to renew Prime, please DM us your email and we can help reverse eligible fees.",Sat Oct 14 23:54:00 +0000 2017,AmazonHelp,why was my credit card charged currency amount when my order total was only currency amount ?
100372,@AmazonHelp Payment declined on my card even though there are sufficient funds available.,Hi! We'd be glad to look into this charge for you. Please send us a DM with the date and amount so we can locate the transaction securely.,Sat Oct 21 06:26:00 +0000 2017,AmazonHelp,payment declined on my card even though there are sufficient funds available.
100374,@AmazonHelp What is the return window for holiday purchases made in November?,"Hi there! Yes, Amazon gift cards can be applied to Kindle digital purchases. Check out amzn.to/giftcard-faq for more information.",Wed Oct 18 11:04:00 +0000 2017,AmazonHelp,what is the return window for holiday purchases made in november?
100376,@AmazonHelp My tracking says delivered but I have not received anything for order #699-7376562-2437708!,We understand your concern regarding order #699-7376562-2437708. Please drop us a DM with your tracking link and postal code so we can check with the carrier.,Wed Oct 18 16:04:00 +0000 2017,AmazonHelp,my tracking says delivered but i have not received anything for order order number !
100378,@AmazonHelp Ordered express next-day delivery on #498-6312979-7051545 and it still hasn't shipped!,We understand your concern regarding order #498-6312979-7051545. Please drop us a DM with your tracking link and postal code so we can check with the carrier.,Sat Oct 07 09:44:00 +0000 2017,AmazonHelp,ordered express next-day delivery on order number and it still hasn't shipped!
100380,@AmazonHelp My tracking says delivered but I have not received anything for order #559-9597330-7845845!,We understand your concern regarding order #559-9597330-7845845. Please drop us a DM with your tracking link and postal code so we can check with the carrier.,Sun Oct 01 22:29:00 +0000 2017,AmazonHelp,my tracking says delivered but i have not received anything for order order number !
100382,@AmazonHelp I was told my refund of $161.49 for order #897-2421022-5072543 would be in my account in 3-5 days. It's been 10 days.,Hi! We want to help get this sorted. Please send us a direct message with order #897-2421022-5072543 and return tracking number so we can verify with our billing team.,Fri Oct 13 14:11:00 +0000 2017,AmazonHelp,i was told my refund of currency amount for order order number would be in my account in 3-5 days. it's been 10 days.
100384,@AmazonHelp Package #271-8292657-5629871 has been stuck in transit in transit hub for over 48 hours. What gives?,"Hello! We apologize for the delivery issue with #271-8292657-5629871. Please check around your porch/neighbors, and if still missing, DM us your account email.",Mon Oct 23 22:33:00 +0000 2017,AmazonHelp,package order number has been stuck in transit in transit hub for over 48 hours. what gives?
100386,"@AmazonHelp Charged $92.00 annual subscription fee by mistake, please reverse this charge.",We apologize for the billing confusion. Please reach out via DM with the last 4 digits of the card and transaction date so we can inspect.,Mon Oct 16 14:38:00 +0000 2017,AmazonHelp,"charged currency amount annual subscription fee by mistake, please reverse this charge."
100388,@AmazonHelp Are recyclable packaging options available for fragile items?,"Hi there! Yes, Amazon gift cards can be applied to Kindle digital purchases. Check out amzn.to/giftcard-faq for more information.",Mon Oct 23 17:19:00 +0000 2017,AmazonHelp,are recyclable packaging options available for fragile items?
100390,"@AmazonHelp The mobile app is not loading product images, just showing blank white boxes.",We apologize for the technical glitch! Our technical team is monitoring site stability. Please send us a DM with a screenshot if the error continues.,Thu Oct 26 09:52:00 +0000 2017,AmazonHelp,"the mobile app is not loading product images, just showing blank white boxes."
100392,@AmazonHelp Thank you @AmazonHelp for resolving my billing query so smoothly today!,"We're thrilled to hear Sarah was able to help! Thank you for choosing us, and please don't hesitate to reach out if you ever need anything else.",Sun Oct 15 03:47:00 +0000 2017,AmazonHelp,thank you for resolving my billing query so smoothly today!
100394,@AmazonHelp Tracking status says delivery attempted but nobody buzzed or knocked. Order #257-8098909-7324856.,So sorry for the delay on #257-8098909-7324856! Please DM us your order details and we will check the transit status directly for you.,Tue Oct 03 01:10:00 +0000 2017,AmazonHelp,tracking status says delivery attempted but nobody buzzed or knocked. order order number .
100396,@AmazonHelp Your iOS app keeps crashing every time I tap the checkout button. Version 18.2.,We're sorry for the app crash. Please ensure you are running the latest app update. DM us if you need further technical troubleshooting.,Mon Oct 16 11:12:00 +0000 2017,AmazonHelp,your ios app keeps crashing every time i tap the checkout button. version 18.2.
100398,@AmazonHelp Can someone check on order #200-5340909-4724560? It's a birthday gift and now it's late.,"Hello! We apologize for the delivery issue with #200-5340909-4724560. Please check around your porch/neighbors, and if still missing, DM us your account email.",Mon Oct 02 11:50:00 +0000 2017,AmazonHelp,can someone check on order order number ? it's a birthday gift and now it's late.
100400,@AmazonHelp Can someone check on order #525-2440404-2947320? It's a birthday gift and now it's late.,"Hello! We apologize for the delivery issue with #525-2440404-2947320. Please check around your porch/neighbors, and if still missing, DM us your account email.",Mon Oct 23 08:30:00 +0000 2017,AmazonHelp,can someone check on order order number ? it's a birthday gift and now it's late.
100402,@AmazonHelp Lost access to my old phone number and now 2FA won't let me log into my account.,"Hi! For your security, please don't share passwords publicly. Please visit amzn.to/account-recovery or DM us to begin identity verification.",Sun Oct 08 20:32:00 +0000 2017,AmazonHelp,lost access to my old phone number and now 2fa won't let me log into my account.
100404,"@AmazonHelp My account was compromised or hacked, someone changed the email on file. Need help urgently!",We're sorry you're having trouble accessing your account. Please send us a DM so we can securely guide you through the two-step verification reset.,Sat Oct 21 01:01:00 +0000 2017,AmazonHelp,"my account was compromised or hacked, someone changed the email on file. need help urgently!"
100406,@AmazonHelp Carrier marked order #728-4310554-8542617 as delivered at front door but there is no package anywhere.,We understand your concern regarding order #728-4310554-8542617. Please drop us a DM with your tracking link and postal code so we can check with the carrier.,Wed Oct 04 05:21:00 +0000 2017,AmazonHelp,carrier marked order order number as delivered at front door but there is no package anywhere.
100408,@AmazonHelp Can someone check on order #992-4136665-7136988? It's a birthday gift and now it's late.,We understand your concern regarding order #992-4136665-7136988. Please drop us a DM with your tracking link and postal code so we can check with the carrier.,Thu Oct 19 01:30:00 +0000 2017,AmazonHelp,can someone check on order order number ? it's a birthday gift and now it's late.
100410,@AmazonHelp Please cancel my order #216-6837206-6905327 and process a full refund immediately.,We're sorry for the delay in your refund! Please reach out to us in DM with order #216-6837206-6905327 and your email address so we can review the return.,Fri Oct 06 17:45:00 +0000 2017,AmazonHelp,please cancel my order order number and process a full refund immediately.
100412,@AmazonHelp Charged for an item I sent back last Monday. When will my refund of $145.50 arrive?,Apologies for the inconvenience! Please DM us your account details so we can check on return #287-7263036-3371602 and expedite your refund.,Mon Oct 23 12:35:00 +0000 2017,AmazonHelp,charged for an item i sent back last monday. when will my refund of currency amount arrive?
100414,"@AmazonHelp Help! Account locked due to too many failed attempts, how do I unlock it?","Hi! For your security, please don't share passwords publicly. Please visit amzn.to/account-recovery or DM us to begin identity verification.",Sun Oct 01 19:29:00 +0000 2017,AmazonHelp,"help! account locked due to too many failed attempts, how do i unlock it?"
100416,@AmazonHelp Can someone check on order #934-7441514-9479842? It's a birthday gift and now it's late.,So sorry for the delay on #934-7441514-9479842! Please DM us your order details and we will check the transit status directly for you.,Thu Oct 05 03:18:00 +0000 2017,AmazonHelp,can someone check on order order number ? it's a birthday gift and now it's late.
100418,@AmazonHelp Can someone check on order #879-4699871-5900455? It's a birthday gift and now it's late.,So sorry for the delay on #879-4699871-5900455! Please DM us your order details and we will check the transit status directly for you.,Tue Oct 24 14:57:00 +0000 2017,AmazonHelp,can someone check on order order number ? it's a birthday gift and now it's late.
100420,@AmazonHelp Just noticed an unauthorized charge of $209.50 for Prime membership that I never authorized.,"Hello, duplicate charges are often pending authorizations that drop off in 2-3 business days. Please DM us your order #374-7154919-1698108 to confirm.",Mon Oct 02 20:13:00 +0000 2017,AmazonHelp,just noticed an unauthorized charge of currency amount for prime membership that i never authorized.
100422,@AmazonHelp Return status says received at warehouse but refund not initiated for #982-2459332-8366370. Please help.,Apologies for the inconvenience! Please DM us your account details so we can check on return #982-2459332-8366370 and expedite your refund.,Sat Oct 07 17:05:00 +0000 2017,AmazonHelp,return status says received at warehouse but refund not initiated for order number . please help.
100424,@AmazonHelp Do you offer student discounts on annual Prime memberships?,"Hi there! Yes, Amazon gift cards can be applied to Kindle digital purchases. Check out amzn.to/giftcard-faq for more information.",Fri Oct 13 13:01:00 +0000 2017,AmazonHelp,do you offer student discounts on annual prime memberships?
100426,@AmazonHelp Incredible customer support experience today. Truly appreciate how fast my issue was handled.,"We're thrilled to hear Sarah was able to help! Thank you for choosing us, and please don't hesitate to reach out if you ever need anything else.",Mon Oct 16 00:49:00 +0000 2017,AmazonHelp,incredible customer support experience today. truly appreciate how fast my issue was handled.
100428,@AmazonHelp Checkout page freezes when selecting saved shipping address.,"Hi! Thanks for bringing this to our attention. Have you tried reinstalling the app or clearing your cache? If so, please DM us your device OS version.",Thu Oct 05 14:42:00 +0000 2017,AmazonHelp,checkout page freezes when selecting saved shipping address.
100430,"@AmazonHelp Help! Account locked due to too many failed attempts, how do I unlock it?","Hello! If you suspect unauthorized access, please visit amzn.to/security immediately. You can also DM us your associated phone or email.",Wed Oct 04 06:11:00 +0000 2017,AmazonHelp,"help! account locked due to too many failed attempts, how do i unlock it?"
100432,@AmazonHelp I was told my refund of $83.99 for order #539-4554277-9299939 would be in my account in 3-5 days. It's been 10 days.,Apologies for the inconvenience! Please DM us your account details so we can check on return #539-4554277-9299939 and expedite your refund.,Tue Oct 17 00:28:00 +0000 2017,AmazonHelp,i was told my refund of currency amount for order order number would be in my account in 3-5 days. it's been 10 days.
100434,@AmazonHelp Tracking status says delivery attempted but nobody buzzed or knocked. Order #741-8710502-1273155.,"Hello! We apologize for the delivery issue with #741-8710502-1273155. Please check around your porch/neighbors, and if still missing, DM us your account email.",Sat Oct 07 09:06:00 +0000 2017,AmazonHelp,tracking status says delivery attempted but nobody buzzed or knocked. order order number .
100436,@AmazonHelp I was told my refund of $182.99 for order #995-5597283-2565985 would be in my account in 3-5 days. It's been 10 days.,"Hello! Once an item is received at our fulfillment center, refunds usually take 3-5 business days. Please DM us your order #995-5597283-2565985 to check status.",Sun Oct 15 06:42:00 +0000 2017,AmazonHelp,i was told my refund of currency amount for order order number would be in my account in 3-5 days. it's been 10 days.
100438,"@AmazonHelp Received broken item in order #193-2596917-1018225. I want my money back, not a replacement.",Apologies for the inconvenience! Please DM us your account details so we can check on return #193-2596917-1018225 and expedite your refund.,Sun Oct 01 17:49:00 +0000 2017,AmazonHelp,"received broken item in order order number . i want my money back, not a replacement."
100440,@AmazonHelp Is the manufacturer warranty valid if I buy an electronic item through third party sellers?,Hi! You can check international shipping options and estimated import duties at checkout or by visiting amzn.to/shipping-rates.,Wed Oct 18 02:29:00 +0000 2017,AmazonHelp,is the manufacturer warranty valid if i buy an electronic item through third party sellers?
100442,@AmazonHelp Ordered express next-day delivery on #892-3233823-3396676 and it still hasn't shipped!,"Hello! We apologize for the delivery issue with #892-3233823-3396676. Please check around your porch/neighbors, and if still missing, DM us your account email.",Sun Oct 08 06:21:00 +0000 2017,AmazonHelp,ordered express next-day delivery on order number and it still hasn't shipped!
100444,"@AmazonHelp Charged $244.00 annual subscription fee by mistake, please reverse this charge.",We apologize for the billing confusion. Please reach out via DM with the last 4 digits of the card and transaction date so we can inspect.,Sun Oct 15 16:32:00 +0000 2017,AmazonHelp,"charged currency amount annual subscription fee by mistake, please reverse this charge."
100446,@AmazonHelp Carrier marked order #760-2413458-5163551 as delivered at front door but there is no package anywhere.,"Hello! We apologize for the delivery issue with #760-2413458-5163551. Please check around your porch/neighbors, and if still missing, DM us your account email.",Thu Oct 19 04:54:00 +0000 2017,AmazonHelp,carrier marked order order number as delivered at front door but there is no package anywhere.
100448,@AmazonHelp Just noticed an unauthorized charge of $113.00 for Prime membership that I never authorized.,Hi! We'd be glad to look into this charge for you. Please send us a DM with the date and amount so we can locate the transaction securely.,Sun Oct 15 18:41:00 +0000 2017,AmazonHelp,just noticed an unauthorized charge of currency amount for prime membership that i never authorized.
100450,@AmazonHelp I returned item on order #959-8060918-7130603 over a week ago and still haven't received my refund.,"Hello! Once an item is received at our fulfillment center, refunds usually take 3-5 business days. Please DM us your order #959-8060918-7130603 to check status.",Fri Oct 13 07:23:00 +0000 2017,AmazonHelp,i returned item on order order number over a week ago and still haven't received my refund.
100452,@AmazonHelp shipment #161-7676912-9499515 is delayed by 3 days already. Any update on when it will arrive?,We understand your concern regarding order #161-7676912-9499515. Please drop us a DM with your tracking link and postal code so we can check with the carrier.,Sun Oct 15 11:31:00 +0000 2017,AmazonHelp,shipment order number is delayed by 3 days already. any update on when it will arrive?
100454,"@AmazonHelp Every time I try to log in, it loops back to the login screen without an error message.",We're sorry you're having trouble accessing your account. Please send us a DM so we can securely guide you through the two-step verification reset.,Thu Oct 12 12:03:00 +0000 2017,AmazonHelp,"every time i try to log in, it loops back to the login screen without an error message."
100456,@AmazonHelp WORST CUSTOMER SERVICE EVER! Representative hung up on me after waiting 45 minutes on hold!,We are very sorry to hear this and take feedback like this seriously. Please send us a direct message with your account details and phone number so we can escalate to a supervisor.,Tue Oct 17 03:42:00 +0000 2017,AmazonHelp,worst customer service ever! representative hung up on me after waiting 45 minutes on hold!
100458,@AmazonHelp Locked out of my account. The OTP verification code is not being sent to my phone.,"Hello! If you suspect unauthorized access, please visit amzn.to/security immediately. You can also DM us your associated phone or email.",Fri Oct 20 21:57:00 +0000 2017,AmazonHelp,locked out of my account. the otp verification code is not being sent to my phone.
100460,"@AmazonHelp My account was compromised or hacked, someone changed the email on file. Need help urgently!","Hello! If you suspect unauthorized access, please visit amzn.to/security immediately. You can also DM us your associated phone or email.",Thu Oct 12 23:40:00 +0000 2017,AmazonHelp,"my account was compromised or hacked, someone changed the email on file. need help urgently!"
100462,@AmazonHelp WORST CUSTOMER SERVICE EVER! Representative hung up on me after waiting 45 minutes on hold!,This is definitely not the experience we want for our customers. Please reach out in DM with your contact information so an escalation manager can connect with you.,Wed Oct 18 19:19:00 +0000 2017,AmazonHelp,worst customer service ever! representative hung up on me after waiting 45 minutes on hold!
100464,@AmazonHelp Package #978-1593302-8035849 has been stuck in transit in transit hub for over 48 hours. What gives?,"Hi there, we're sorry to hear your order #978-1593302-8035849 is delayed! Please send us a DM at amzn.to/help with your details so we can investigate.",Wed Oct 18 08:13:00 +0000 2017,AmazonHelp,package order number has been stuck in transit in transit hub for over 48 hours. what gives?
100466,@AmazonHelp Unable to sign in to my account from my new laptop. Says suspicious activity detected.,"Hello! If you suspect unauthorized access, please visit amzn.to/security immediately. You can also DM us your associated phone or email.",Thu Oct 05 07:22:00 +0000 2017,AmazonHelp,unable to sign in to my account from my new laptop. says suspicious activity detected.
100468,@AmazonHelp Lost access to my old phone number and now 2FA won't let me log into my account.,"Hi there, please ensure SMS isn't blocked by your carrier, or try clearing browser cache. If the issue persists, send us a DM.",Tue Oct 10 06:28:00 +0000 2017,AmazonHelp,lost access to my old phone number and now 2fa won't let me log into my account.
100470,@AmazonHelp The video streaming player on Prime Video keeps stuttering and buffering on my Smart TV.,"Hi! Thanks for bringing this to our attention. Have you tried reinstalling the app or clearing your cache? If so, please DM us your device OS version.",Wed Oct 18 12:00:00 +0000 2017,AmazonHelp,the video streaming player on prime video keeps stuttering and buffering on my smart tv.
100472,"@AmazonHelp Where is my package? Order #642-4995789-8043341 was supposed to arrive yesterday, still nothing!","Hello! We apologize for the delivery issue with #642-4995789-8043341. Please check around your porch/neighbors, and if still missing, DM us your account email.",Wed Oct 25 00:43:00 +0000 2017,AmazonHelp,"where is my package? order order number was supposed to arrive yesterday, still nothing!"
100474,@AmazonHelp Website gives error 500 internal server error when trying to view my order history.,"Hi! Thanks for bringing this to our attention. Have you tried reinstalling the app or clearing your cache? If so, please DM us your device OS version.",Sat Oct 07 07:47:00 +0000 2017,AmazonHelp,website gives error 500 internal server error when trying to view my order history.
100476,"@AmazonHelp Received broken item in order #971-6284972-7592651. I want my money back, not a replacement.","Hello! Once an item is received at our fulfillment center, refunds usually take 3-5 business days. Please DM us your order #971-6284972-7592651 to check status.",Sat Oct 07 13:41:00 +0000 2017,AmazonHelp,"received broken item in order order number . i want my money back, not a replacement."
100478,@AmazonHelp Ordered express next-day delivery on #208-3757754-8542478 and it still hasn't shipped!,"Hello! We apologize for the delivery issue with #208-3757754-8542478. Please check around your porch/neighbors, and if still missing, DM us your account email.",Sun Oct 15 09:46:00 +0000 2017,AmazonHelp,ordered express next-day delivery on order number and it still hasn't shipped!
100480,@AmazonHelp Return status says received at warehouse but refund not initiated for #222-2517010-3644347. Please help.,We're sorry for the delay in your refund! Please reach out to us in DM with order #222-2517010-3644347 and your email address so we can review the return.,Thu Oct 12 16:08:00 +0000 2017,AmazonHelp,return status says received at warehouse but refund not initiated for order number . please help.
100482,"@AmazonHelp Received broken item in order #150-6013715-5364874. I want my money back, not a replacement.","Hello! Once an item is received at our fulfillment center, refunds usually take 3-5 business days. Please DM us your order #150-6013715-5364874 to check status.",Fri Oct 06 00:19:00 +0000 2017,AmazonHelp,"received broken item in order order number . i want my money back, not a replacement."
100484,@AmazonHelp Package #163-4729376-3193037 has been stuck in transit in transit hub for over 48 hours. What gives?,"Hi there, we're sorry to hear your order #163-4729376-3193037 is delayed! Please send us a DM at amzn.to/help with your details so we can investigate.",Wed Oct 04 07:26:00 +0000 2017,AmazonHelp,package order number has been stuck in transit in transit hub for over 48 hours. what gives?
100486,@AmazonHelp WORST CUSTOMER SERVICE EVER! Representative hung up on me after waiting 45 minutes on hold!,We are very sorry to hear this and take feedback like this seriously. Please send us a direct message with your account details and phone number so we can escalate to a supervisor.,Sat Oct 21 02:08:00 +0000 2017,AmazonHelp,worst customer service ever! representative hung up on me after waiting 45 minutes on hold!
100488,"@AmazonHelp Help! Account locked due to too many failed attempts, how do I unlock it?",We're sorry you're having trouble accessing your account. Please send us a DM so we can securely guide you through the two-step verification reset.,Thu Oct 12 13:28:00 +0000 2017,AmazonHelp,"help! account locked due to too many failed attempts, how do i unlock it?"
100490,"@AmazonHelp Received broken item in order #521-9036805-2023059. I want my money back, not a replacement.",We're sorry for the delay in your refund! Please reach out to us in DM with order #521-9036805-2023059 and your email address so we can review the return.,Thu Oct 26 02:50:00 +0000 2017,AmazonHelp,"received broken item in order order number . i want my money back, not a replacement."
100492,@AmazonHelp Your support team went above and beyond today. Thank you for the courteous and prompt help!,"We're thrilled to hear Sarah was able to help! Thank you for choosing us, and please don't hesitate to reach out if you ever need anything else.",Sun Oct 15 21:18:00 +0000 2017,AmazonHelp,your support team went above and beyond today. thank you for the courteous and prompt help!
100494,@AmazonHelp Carrier marked order #930-5713268-1982997 as delivered at front door but there is no package anywhere.,"Hello! We apologize for the delivery issue with #930-5713268-1982997. Please check around your porch/neighbors, and if still missing, DM us your account email.",Thu Oct 12 15:44:00 +0000 2017,AmazonHelp,carrier marked order order number as delivered at front door but there is no package anywhere.
100496,@AmazonHelp Carrier marked order #646-1937991-4681115 as delivered at front door but there is no package anywhere.,We understand your concern regarding order #646-1937991-4681115. Please drop us a DM with your tracking link and postal code so we can check with the carrier.,Tue Oct 17 16:54:00 +0000 2017,AmazonHelp,carrier marked order order number as delivered at front door but there is no package anywhere.
100498,@AmazonHelp Package #817-6900247-3384080 has been stuck in transit in transit hub for over 48 hours. What gives?,"Hello! We apologize for the delivery issue with #817-6900247-3384080. Please check around your porch/neighbors, and if still missing, DM us your account email.",Tue Oct 03 02:28:00 +0000 2017,AmazonHelp,package order number has been stuck in transit in transit hub for over 48 hours. what gives?
100500,@AmazonHelp Carrier marked order #716-4671004-1334336 as delivered at front door but there is no package anywhere.,"Hello! We apologize for the delivery issue with #716-4671004-1334336. Please check around your porch/neighbors, and if still missing, DM us your account email.",Mon Oct 09 10:51:00 +0000 2017,AmazonHelp,carrier marked order order number as delivered at front door but there is no package anywhere.
100502,@AmazonHelp My tracking says delivered but I have not received anything for order #251-3376537-2860938!,We understand your concern regarding order #251-3376537-2860938. Please drop us a DM with your tracking link and postal code so we can check with the carrier.,Mon Oct 16 01:23:00 +0000 2017,AmazonHelp,my tracking says delivered but i have not received anything for order order number !
100504,@AmazonHelp Incredible customer support experience today. Truly appreciate how fast my issue was handled.,Hearing this makes our day! Thank you for your feedback and support. We're always here to help!,Sat Oct 14 18:42:00 +0000 2017,AmazonHelp,incredible customer support experience today. truly appreciate how fast my issue was handled.
100506,@AmazonHelp My tracking says delivered but I have not received anything for order #101-7569981-1543292!,So sorry for the delay on #101-7569981-1543292! Please DM us your order details and we will check the transit status directly for you.,Mon Oct 16 10:44:00 +0000 2017,AmazonHelp,my tracking says delivered but i have not received anything for order order number !
100508,@AmazonHelp Carrier marked order #427-3816683-2488575 as delivered at front door but there is no package anywhere.,"Hello! We apologize for the delivery issue with #427-3816683-2488575. Please check around your porch/neighbors, and if still missing, DM us your account email.",Wed Oct 04 11:03:00 +0000 2017,AmazonHelp,carrier marked order order number as delivered at front door but there is no package anywhere.
100510,@AmazonHelp Tracking status says delivery attempted but nobody buzzed or knocked. Order #210-1021494-1807780.,So sorry for the delay on #210-1021494-1807780! Please DM us your order details and we will check the transit status directly for you.,Tue Oct 17 08:39:00 +0000 2017,AmazonHelp,tracking status says delivery attempted but nobody buzzed or knocked. order order number .
100512,@AmazonHelp I returned item on order #948-9044494-4784650 over a week ago and still haven't received my refund.,Hi! We want to help get this sorted. Please send us a direct message with order #948-9044494-4784650 and return tracking number so we can verify with our billing team.,Fri Oct 06 03:24:00 +0000 2017,AmazonHelp,i returned item on order order number over a week ago and still haven't received my refund.
100514,@AmazonHelp Charged for an item I sent back last Monday. When will my refund of $155.00 arrive?,We're sorry for the delay in your refund! Please reach out to us in DM with order #484-3699529-2258331 and your email address so we can review the return.,Sat Oct 21 03:16:00 +0000 2017,AmazonHelp,charged for an item i sent back last monday. when will my refund of currency amount arrive?
100516,@AmazonHelp Carrier marked order #439-4448564-4187406 as delivered at front door but there is no package anywhere.,"Hi there, we're sorry to hear your order #439-4448564-4187406 is delayed! Please send us a DM at amzn.to/help with your details so we can investigate.",Thu Oct 19 06:10:00 +0000 2017,AmazonHelp,carrier marked order order number as delivered at front door but there is no package anywhere.
100518,"@AmazonHelp Help! Account locked due to too many failed attempts, how do I unlock it?",We're sorry you're having trouble accessing your account. Please send us a DM so we can securely guide you through the two-step verification reset.,Mon Oct 02 13:07:00 +0000 2017,AmazonHelp,"help! account locked due to too many failed attempts, how do i unlock it?"
100520,@AmazonHelp Can someone check on order #398-2374659-8945197? It's a birthday gift and now it's late.,We understand your concern regarding order #398-2374659-8945197. Please drop us a DM with your tracking link and postal code so we can check with the carrier.,Thu Oct 26 03:20:00 +0000 2017,AmazonHelp,can someone check on order order number ? it's a birthday gift and now it's late.
100522,@AmazonHelp Package #490-7197531-4130342 has been stuck in transit in transit hub for over 48 hours. What gives?,"Hello! We apologize for the delivery issue with #490-7197531-4130342. Please check around your porch/neighbors, and if still missing, DM us your account email.",Fri Oct 13 14:21:00 +0000 2017,AmazonHelp,package order number has been stuck in transit in transit hub for over 48 hours. what gives?
100524,@AmazonHelp Carrier marked order #870-2622400-2437930 as delivered at front door but there is no package anywhere.,"Hi there, we're sorry to hear your order #870-2622400-2437930 is delayed! Please send us a DM at amzn.to/help with your details so we can investigate.",Wed Oct 18 23:50:00 +0000 2017,AmazonHelp,carrier marked order order number as delivered at front door but there is no package anywhere.
100526,@AmazonHelp I was told my refund of $136.99 for order #648-8966231-4953417 would be in my account in 3-5 days. It's been 10 days.,"Hello! Once an item is received at our fulfillment center, refunds usually take 3-5 business days. Please DM us your order #648-8966231-4953417 to check status.",Sat Oct 21 19:29:00 +0000 2017,AmazonHelp,i was told my refund of currency amount for order order number would be in my account in 3-5 days. it's been 10 days.
100528,"@AmazonHelp If my issue is not resolved today, I will be taking legal action with my attorney. Order #271-4554926-4233407.",We are very sorry to hear this and take feedback like this seriously. Please send us a direct message with your account details and phone number so we can escalate to a supervisor.,Sat Oct 28 10:58:00 +0000 2017,AmazonHelp,"if my issue is not resolved today, i will be taking legal action with my attorney. order order number ."
100530,@AmazonHelp Need a refund for #844-2124274-2460078. Sent back via drop-off locker 5 days ago.,"Hello! Once an item is received at our fulfillment center, refunds usually take 3-5 business days. Please DM us your order #844-2124274-2460078 to check status.",Sat Oct 28 02:48:00 +0000 2017,AmazonHelp,need a refund for order number . sent back via drop-off locker 5 days ago.
100532,@AmazonHelp The video streaming player on Prime Video keeps stuttering and buffering on my Smart TV.,We're sorry for the app crash. Please ensure you are running the latest app update. DM us if you need further technical troubleshooting.,Wed Oct 18 19:24:00 +0000 2017,AmazonHelp,the video streaming player on prime video keeps stuttering and buffering on my smart tv.
100534,"@AmazonHelp Every time I try to log in, it loops back to the login screen without an error message.","Hi! For your security, please don't share passwords publicly. Please visit amzn.to/account-recovery or DM us to begin identity verification.",Mon Oct 16 11:05:00 +0000 2017,AmazonHelp,"every time i try to log in, it loops back to the login screen without an error message."
100536,@AmazonHelp Package #586-5506097-7248518 has been stuck in transit in transit hub for over 48 hours. What gives?,So sorry for the delay on #586-5506097-7248518! Please DM us your order details and we will check the transit status directly for you.,Thu Oct 05 20:17:00 +0000 2017,AmazonHelp,package order number has been stuck in transit in transit hub for over 48 hours. what gives?
100538,@AmazonHelp Can someone check on order #861-8434162-6383277? It's a birthday gift and now it's late.,"Hello! We apologize for the delivery issue with #861-8434162-6383277. Please check around your porch/neighbors, and if still missing, DM us your account email.",Thu Oct 19 21:45:00 +0000 2017,AmazonHelp,can someone check on order order number ? it's a birthday gift and now it's late.
100540,"@AmazonHelp Wishlist won't let me remove deleted items, says 'Failed to update wishlist'.",We apologize for the technical glitch! Our technical team is monitoring site stability. Please send us a DM with a screenshot if the error continues.,Wed Oct 25 05:40:00 +0000 2017,AmazonHelp,"wishlist won't let me remove deleted items, says 'failed to update wishlist'."
100542,@AmazonHelp Carrier marked order #297-4367636-1966829 as delivered at front door but there is no package anywhere.,We understand your concern regarding order #297-4367636-1966829. Please drop us a DM with your tracking link and postal code so we can check with the carrier.,Sun Oct 22 12:04:00 +0000 2017,AmazonHelp,carrier marked order order number as delivered at front door but there is no package anywhere.
100544,@AmazonHelp Need a refund for #226-1512765-5059047. Sent back via drop-off locker 5 days ago.,Hi! We want to help get this sorted. Please send us a direct message with order #226-1512765-5059047 and return tracking number so we can verify with our billing team.,Sun Oct 08 19:37:00 +0000 2017,AmazonHelp,need a refund for order number . sent back via drop-off locker 5 days ago.
100546,"@AmazonHelp The mobile app is not loading product images, just showing blank white boxes.",We apologize for the technical glitch! Our technical team is monitoring site stability. Please send us a DM with a screenshot if the error continues.,Wed Oct 11 14:53:00 +0000 2017,AmazonHelp,"the mobile app is not loading product images, just showing blank white boxes."
100548,@AmazonHelp I returned item on order #519-9611430-1336422 over a week ago and still haven't received my refund.,We're sorry for the delay in your refund! Please reach out to us in DM with order #519-9611430-1336422 and your email address so we can review the return.,Sun Oct 29 01:29:00 +0000 2017,AmazonHelp,i returned item on order order number over a week ago and still haven't received my refund.
100550,"@AmazonHelp The mobile app is not loading product images, just showing blank white boxes.",We're sorry for the app crash. Please ensure you are running the latest app update. DM us if you need further technical troubleshooting.,Wed Oct 25 01:41:00 +0000 2017,AmazonHelp,"the mobile app is not loading product images, just showing blank white boxes."
100552,@AmazonHelp Please cancel my order #204-1123271-9581776 and process a full refund immediately.,Apologies for the inconvenience! Please DM us your account details so we can check on return #204-1123271-9581776 and expedite your refund.,Mon Oct 16 16:19:00 +0000 2017,AmazonHelp,please cancel my order order number and process a full refund immediately.
100554,@AmazonHelp My subscription auto-renewed even though I turned off auto-renew last week!,Hi! We'd be glad to look into this charge for you. Please send us a DM with the date and amount so we can locate the transaction securely.,Sat Oct 28 16:24:00 +0000 2017,AmazonHelp,my subscription auto-renewed even though i turned off auto-renew last week!
100556,"@AmazonHelp Charged $182.50 annual subscription fee by mistake, please reverse this charge.","Sorry for the unexpected charge! If you did not intend to renew Prime, please DM us your email and we can help reverse eligible fees.",Mon Oct 02 23:35:00 +0000 2017,AmazonHelp,"charged currency amount annual subscription fee by mistake, please reverse this charge."
100558,@AmazonHelp Getting 'An unexpected error occurred' whenever I try to add items to my shopping cart.,We apologize for the technical glitch! Our technical team is monitoring site stability. Please send us a DM with a screenshot if the error continues.,Thu Oct 26 18:46:00 +0000 2017,AmazonHelp,getting 'an unexpected error occurred' whenever i try to add items to my shopping cart.
100560,"@AmazonHelp Received broken item in order #582-3146546-5339457. I want my money back, not a replacement.",Hi! We want to help get this sorted. Please send us a direct message with order #582-3146546-5339457 and return tracking number so we can verify with our billing team.,Sun Oct 15 08:26:00 +0000 2017,AmazonHelp,"received broken item in order order number . i want my money back, not a replacement."
100562,@AmazonHelp Your iOS app keeps crashing every time I tap the checkout button. Version 18.2.,"Hi! Thanks for bringing this to our attention. Have you tried reinstalling the app or clearing your cache? If so, please DM us your device OS version.",Tue Oct 10 05:30:00 +0000 2017,AmazonHelp,your ios app keeps crashing every time i tap the checkout button. version 18.2.
100564,@AmazonHelp Carrier marked order #797-7403346-9889215 as delivered at front door but there is no package anywhere.,We understand your concern regarding order #797-7403346-9889215. Please drop us a DM with your tracking link and postal code so we can check with the carrier.,Fri Oct 27 06:57:00 +0000 2017,AmazonHelp,carrier marked order order number as delivered at front door but there is no package anywhere.
100566,"@AmazonHelp Where is my package? Order #983-4025884-2355791 was supposed to arrive this morning, still nothing!","Hi there, we're sorry to hear your order #983-4025884-2355791 is delayed! Please send us a DM at amzn.to/help with your details so we can investigate.",Fri Oct 13 19:46:00 +0000 2017,AmazonHelp,"where is my package? order order number was supposed to arrive this morning, still nothing!"
100568,"@AmazonHelp Wishlist won't let me remove deleted items, says 'Failed to update wishlist'.",We're sorry for the app crash. Please ensure you are running the latest app update. DM us if you need further technical troubleshooting.,Wed Oct 18 19:42:00 +0000 2017,AmazonHelp,"wishlist won't let me remove deleted items, says 'failed to update wishlist'."
100570,"@AmazonHelp Where is my package? Order #304-7259602-1236174 was supposed to arrive yesterday, still nothing!","Hello! We apologize for the delivery issue with #304-7259602-1236174. Please check around your porch/neighbors, and if still missing, DM us your account email.",Tue Oct 17 01:08:00 +0000 2017,AmazonHelp,"where is my package? order order number was supposed to arrive yesterday, still nothing!"
100572,@AmazonHelp Can someone check on order #492-9444584-6135759? It's a birthday gift and now it's late.,We understand your concern regarding order #492-9444584-6135759. Please drop us a DM with your tracking link and postal code so we can check with the carrier.,Sat Oct 07 11:09:00 +0000 2017,AmazonHelp,can someone check on order order number ? it's a birthday gift and now it's late.
100574,@AmazonHelp Incredible customer support experience today. Truly appreciate how fast my issue was handled.,"We're thrilled to hear Sarah was able to help! Thank you for choosing us, and please don't hesitate to reach out if you ever need anything else.",Mon Oct 02 08:57:00 +0000 2017,AmazonHelp,incredible customer support experience today. truly appreciate how fast my issue was handled.
100576,@AmazonHelp Locked out of my account. The OTP verification code is not being sent to my phone.,"Hi! For your security, please don't share passwords publicly. Please visit amzn.to/account-recovery or DM us to begin identity verification.",Mon Oct 02 06:34:00 +0000 2017,AmazonHelp,locked out of my account. the otp verification code is not being sent to my phone.
100578,@AmazonHelp I was charged $46.99 twice for order #526-8454356-7379599. Please check your billing system.,We apologize for the billing confusion. Please reach out via DM with the last 4 digits of the card and transaction date so we can inspect.,Thu Oct 05 23:18:00 +0000 2017,AmazonHelp,i was charged currency amount twice for order order number . please check your billing system.
100580,@AmazonHelp I forgot my password and the password reset link is never arriving in my inbox.,"Hi! For your security, please don't share passwords publicly. Please visit amzn.to/account-recovery or DM us to begin identity verification.",Tue Oct 10 09:59:00 +0000 2017,AmazonHelp,i forgot my password and the password reset link is never arriving in my inbox.
100582,@AmazonHelp Can someone check on order #369-9776935-4383514? It's a birthday gift and now it's late.,"Hello! We apologize for the delivery issue with #369-9776935-4383514. Please check around your porch/neighbors, and if still missing, DM us your account email.",Mon Oct 23 06:01:00 +0000 2017,AmazonHelp,can someone check on order order number ? it's a birthday gift and now it's late.
100584,@AmazonHelp My tracking says delivered but I have not received anything for order #113-2493219-2852723!,"Hi there, we're sorry to hear your order #113-2493219-2852723 is delayed! Please send us a DM at amzn.to/help with your details so we can investigate.",Wed Oct 11 21:30:00 +0000 2017,AmazonHelp,my tracking says delivered but i have not received anything for order order number !
100586,@AmazonHelp Amazon customer service never disappoints. Replaced my broken item with no hassle. Thanks!,You're very welcome! We're so glad everything was resolved smoothly. Thank you for being a valued customer!,Fri Oct 06 15:36:00 +0000 2017,AmazonHelp,amazon customer service never disappoints. replaced my broken item with no hassle. thanks!
100588,@AmazonHelp Do you offer student discounts on annual Prime memberships?,Hi! You can check international shipping options and estimated import duties at checkout or by visiting amzn.to/shipping-rates.,Mon Oct 16 23:21:00 +0000 2017,AmazonHelp,do you offer student discounts on annual prime memberships?
100590,@AmazonHelp shipment #509-8659448-5560602 is delayed by 3 days already. Any update on when it will arrive?,"Hi there, we're sorry to hear your order #509-8659448-5560602 is delayed! Please send us a DM at amzn.to/help with your details so we can investigate.",Wed Oct 04 01:04:00 +0000 2017,AmazonHelp,shipment order number is delayed by 3 days already. any update on when it will arrive?
100592,"@AmazonHelp Where is my package? Order #704-9097940-8351152 was supposed to arrive last week, still nothing!","Hello! We apologize for the delivery issue with #704-9097940-8351152. Please check around your porch/neighbors, and if still missing, DM us your account email.",Mon Oct 23 14:10:00 +0000 2017,AmazonHelp,"where is my package? order order number was supposed to arrive last week, still nothing!"
100594,@AmazonHelp This is completely unacceptable. I want to speak to a supervisor or corporate manager right now!,This is definitely not the experience we want for our customers. Please reach out in DM with your contact information so an escalation manager can connect with you.,Thu Oct 12 16:31:00 +0000 2017,AmazonHelp,this is completely unacceptable. i want to speak to a supervisor or corporate manager right now!
100596,@AmazonHelp Need a refund for #792-7457158-3494007. Sent back via drop-off locker 5 days ago.,Apologies for the inconvenience! Please DM us your account details so we can check on return #792-7457158-3494007 and expedite your refund.,Wed Oct 04 18:47:00 +0000 2017,AmazonHelp,need a refund for order number . sent back via drop-off locker 5 days ago.
100598,"@AmazonHelp Received broken item in order #438-5666702-1844744. I want my money back, not a replacement.","Hello! Once an item is received at our fulfillment center, refunds usually take 3-5 business days. Please DM us your order #438-5666702-1844744 to check status.",Sat Oct 21 14:11:00 +0000 2017,AmazonHelp,"received broken item in order order number . i want my money back, not a replacement."
100600,"@AmazonHelp Every time I try to log in, it loops back to the login screen without an error message.","Hi there, please ensure SMS isn't blocked by your carrier, or try clearing browser cache. If the issue persists, send us a DM.",Thu Oct 26 17:33:00 +0000 2017,AmazonHelp,"every time i try to log in, it loops back to the login screen without an error message."
100602,@AmazonHelp Ordered express next-day delivery on #193-6110305-9528492 and it still hasn't shipped!,"Hi there, we're sorry to hear your order #193-6110305-9528492 is delayed! Please send us a DM at amzn.to/help with your details so we can investigate.",Wed Oct 11 12:30:00 +0000 2017,AmazonHelp,ordered express next-day delivery on order number and it still hasn't shipped!
100604,@AmazonHelp I returned item on order #885-8937865-7095071 over a week ago and still haven't received my refund.,Hi! We want to help get this sorted. Please send us a direct message with order #885-8937865-7095071 and return tracking number so we can verify with our billing team.,Sat Oct 14 15:56:00 +0000 2017,AmazonHelp,i returned item on order order number over a week ago and still haven't received my refund.
100606,@AmazonHelp I forgot my password and the password reset link is never arriving in my inbox.,"Hello! If you suspect unauthorized access, please visit amzn.to/security immediately. You can also DM us your associated phone or email.",Tue Oct 10 07:00:00 +0000 2017,AmazonHelp,i forgot my password and the password reset link is never arriving in my inbox.
100608,@AmazonHelp Tracking status says delivery attempted but nobody buzzed or knocked. Order #972-7591709-4616991.,"Hi there, we're sorry to hear your order #972-7591709-4616991 is delayed! Please send us a DM at amzn.to/help with your details so we can investigate.",Sat Oct 28 04:09:00 +0000 2017,AmazonHelp,tracking status says delivery attempted but nobody buzzed or knocked. order order number .
100610,"@AmazonHelp Wishlist won't let me remove deleted items, says 'Failed to update wishlist'.",We're sorry for the app crash. Please ensure you are running the latest app update. DM us if you need further technical troubleshooting.,Mon Oct 09 10:34:00 +0000 2017,AmazonHelp,"wishlist won't let me remove deleted items, says 'failed to update wishlist'."
100612,@AmazonHelp Carrier marked order #934-3153888-2737347 as delivered at front door but there is no package anywhere.,We understand your concern regarding order #934-3153888-2737347. Please drop us a DM with your tracking link and postal code so we can check with the carrier.,Mon Oct 16 23:30:00 +0000 2017,AmazonHelp,carrier marked order order number as delivered at front door but there is no package anywhere.
100614,"@AmazonHelp Two-factor authentication is failing, says invalid token even though it's correct.",We're sorry you're having trouble accessing your account. Please send us a DM so we can securely guide you through the two-step verification reset.,Sat Oct 14 14:24:00 +0000 2017,AmazonHelp,"two-factor authentication is failing, says invalid token even though it's correct."
100616,"@AmazonHelp Unbelievable negligence. Damaged goods, ruined anniversary, zero accountability from your team.",This is definitely not the experience we want for our customers. Please reach out in DM with your contact information so an escalation manager can connect with you.,Wed Oct 25 16:10:00 +0000 2017,AmazonHelp,"unbelievable negligence. damaged goods, ruined anniversary, zero accountability from your team."
100618,@AmazonHelp Do you ship internationally to Germany and what are the customs fees?,Hello! Most electronics purchased from authorized sellers include standard warranty. Please DM us the product ASIN to check details.,Sun Oct 08 16:48:00 +0000 2017,AmazonHelp,do you ship internationally to germany and what are the customs fees?
100620,@AmazonHelp My subscription auto-renewed even though I turned off auto-renew last week!,"Sorry for the unexpected charge! If you did not intend to renew Prime, please DM us your email and we can help reverse eligible fees.",Tue Oct 24 15:04:00 +0000 2017,AmazonHelp,my subscription auto-renewed even though i turned off auto-renew last week!
100622,@AmazonHelp Can you explain the invoice breakdown for #148-7401894-7502088? There's an extra charge of $121.99.,"Hello, duplicate charges are often pending authorizations that drop off in 2-3 business days. Please DM us your order #148-7401894-7502088 to confirm.",Sat Oct 21 12:57:00 +0000 2017,AmazonHelp,can you explain the invoice breakdown for order number ? there's an extra charge of currency amount .
100624,@AmazonHelp This is completely unacceptable. I want to speak to a supervisor or corporate manager right now!,We are very sorry to hear this and take feedback like this seriously. Please send us a direct message with your account details and phone number so we can escalate to a supervisor.,Tue Oct 24 18:16:00 +0000 2017,AmazonHelp,this is completely unacceptable. i want to speak to a supervisor or corporate manager right now!
100626,@AmazonHelp Return status says received at warehouse but refund not initiated for #538-5682726-5433204. Please help.,Apologies for the inconvenience! Please DM us your account details so we can check on return #538-5682726-5433204 and expedite your refund.,Sun Oct 08 10:06:00 +0000 2017,AmazonHelp,return status says received at warehouse but refund not initiated for order number . please help.
100628,@AmazonHelp Carrier marked order #430-1853212-6052539 as delivered at front door but there is no package anywhere.,"Hello! We apologize for the delivery issue with #430-1853212-6052539. Please check around your porch/neighbors, and if still missing, DM us your account email.",Wed Oct 04 11:29:00 +0000 2017,AmazonHelp,carrier marked order order number as delivered at front door but there is no package anywhere.
100630,@AmazonHelp Ordered express next-day delivery on #656-7768215-2542590 and it still hasn't shipped!,We understand your concern regarding order #656-7768215-2542590. Please drop us a DM with your tracking link and postal code so we can check with the carrier.,Wed Oct 25 12:27:00 +0000 2017,AmazonHelp,ordered express next-day delivery on order number and it still hasn't shipped!
100632,@AmazonHelp Just wanted to say thank you for delivering my package ahead of schedule! Great job!,Thank you so much for the kind words! We love hearing this and will pass your compliments along to the team. Have a wonderful day!,Sun Oct 15 23:33:00 +0000 2017,AmazonHelp,just wanted to say thank you for delivering my package ahead of schedule! great job!
100634,"@AmazonHelp Unbelievable negligence. Damaged goods, ruined anniversary, zero accountability from your team.",This is definitely not the experience we want for our customers. Please reach out in DM with your contact information so an escalation manager can connect with you.,Sat Oct 14 20:48:00 +0000 2017,AmazonHelp,"unbelievable negligence. damaged goods, ruined anniversary, zero accountability from your team."
100636,@AmazonHelp Carrier marked order #626-2381527-2609881 as delivered at front door but there is no package anywhere.,So sorry for the delay on #626-2381527-2609881! Please DM us your order details and we will check the transit status directly for you.,Fri Oct 06 02:31:00 +0000 2017,AmazonHelp,carrier marked order order number as delivered at front door but there is no package anywhere.
100638,@AmazonHelp Locked out of my account. The OTP verification code is not being sent to my phone.,"Hi! For your security, please don't share passwords publicly. Please visit amzn.to/account-recovery or DM us to begin identity verification.",Tue Oct 03 20:17:00 +0000 2017,AmazonHelp,locked out of my account. the otp verification code is not being sent to my phone.
100640,"@AmazonHelp Wishlist won't let me remove deleted items, says 'Failed to update wishlist'.",We're sorry for the app crash. Please ensure you are running the latest app update. DM us if you need further technical troubleshooting.,Mon Oct 02 03:27:00 +0000 2017,AmazonHelp,"wishlist won't let me remove deleted items, says 'failed to update wishlist'."
100642,@AmazonHelp Just noticed an unauthorized charge of $208.00 for Prime membership that I never authorized.,We apologize for the billing confusion. Please reach out via DM with the last 4 digits of the card and transaction date so we can inspect.,Sun Oct 15 02:10:00 +0000 2017,AmazonHelp,just noticed an unauthorized charge of currency amount for prime membership that i never authorized.
100644,@AmazonHelp Carrier marked order #883-8342987-7399057 as delivered at front door but there is no package anywhere.,"Hello! We apologize for the delivery issue with #883-8342987-7399057. Please check around your porch/neighbors, and if still missing, DM us your account email.",Thu Oct 19 04:05:00 +0000 2017,AmazonHelp,carrier marked order order number as delivered at front door but there is no package anywhere.
100646,@AmazonHelp I returned item on order #749-3417186-6000558 over a week ago and still haven't received my refund.,"Hello! Once an item is received at our fulfillment center, refunds usually take 3-5 business days. Please DM us your order #749-3417186-6000558 to check status.",Sat Oct 28 12:43:00 +0000 2017,AmazonHelp,i returned item on order order number over a week ago and still haven't received my refund.
100648,"@AmazonHelp My account was compromised or hacked, someone changed the email on file. Need help urgently!",We're sorry you're having trouble accessing your account. Please send us a DM so we can securely guide you through the two-step verification reset.,Wed Oct 11 10:10:00 +0000 2017,AmazonHelp,"my account was compromised or hacked, someone changed the email on file. need help urgently!"
100650,@AmazonHelp Is the manufacturer warranty valid if I buy an electronic item through third party sellers?,"Hi there! Yes, Amazon gift cards can be applied to Kindle digital purchases. Check out amzn.to/giftcard-faq for more information.",Wed Oct 04 10:35:00 +0000 2017,AmazonHelp,is the manufacturer warranty valid if i buy an electronic item through third party sellers?
100652,@AmazonHelp Package #843-9173698-6550757 has been stuck in transit in transit hub for over 48 hours. What gives?,"Hi there, we're sorry to hear your order #843-9173698-6550757 is delayed! Please send us a DM at amzn.to/help with your details so we can investigate.",Sun Oct 15 20:07:00 +0000 2017,AmazonHelp,package order number has been stuck in transit in transit hub for over 48 hours. what gives?
100654,"@AmazonHelp My account was compromised or hacked, someone changed the email on file. Need help urgently!","Hi! For your security, please don't share passwords publicly. Please visit amzn.to/account-recovery or DM us to begin identity verification.",Thu Oct 12 13:54:00 +0000 2017,AmazonHelp,"my account was compromised or hacked, someone changed the email on file. need help urgently!"
100656,@AmazonHelp Checkout page freezes when selecting saved shipping address.,We're sorry for the app crash. Please ensure you are running the latest app update. DM us if you need further technical troubleshooting.,Sun Oct 15 06:40:00 +0000 2017,AmazonHelp,checkout page freezes when selecting saved shipping address.
100658,@AmazonHelp I forgot my password and the password reset link is never arriving in my inbox.,"Hi! For your security, please don't share passwords publicly. Please visit amzn.to/account-recovery or DM us to begin identity verification.",Tue Oct 24 10:59:00 +0000 2017,AmazonHelp,i forgot my password and the password reset link is never arriving in my inbox.
100660,@AmazonHelp Can someone check on order #695-7797028-4569531? It's a birthday gift and now it's late.,"Hello! We apologize for the delivery issue with #695-7797028-4569531. Please check around your porch/neighbors, and if still missing, DM us your account email.",Thu Oct 19 05:43:00 +0000 2017,AmazonHelp,can someone check on order order number ? it's a birthday gift and now it's late.
100662,@AmazonHelp WORST CUSTOMER SERVICE EVER! Representative hung up on me after waiting 45 minutes on hold!,We are very sorry to hear this and take feedback like this seriously. Please send us a direct message with your account details and phone number so we can escalate to a supervisor.,Sun Oct 08 22:09:00 +0000 2017,AmazonHelp,worst customer service ever! representative hung up on me after waiting 45 minutes on hold!
100664,@AmazonHelp Can someone check on order #263-4005557-3452813? It's a birthday gift and now it's late.,"Hello! We apologize for the delivery issue with #263-4005557-3452813. Please check around your porch/neighbors, and if still missing, DM us your account email.",Fri Oct 13 09:45:00 +0000 2017,AmazonHelp,can someone check on order order number ? it's a birthday gift and now it's late.
100666,"@AmazonHelp Where is my package? Order #784-4469093-9688672 was supposed to arrive on Friday, still nothing!","Hi there, we're sorry to hear your order #784-4469093-9688672 is delayed! Please send us a DM at amzn.to/help with your details so we can investigate.",Mon Oct 16 02:59:00 +0000 2017,AmazonHelp,"where is my package? order order number was supposed to arrive on friday, still nothing!"
100668,@AmazonHelp Website gives error 500 internal server error when trying to view my order history.,"Hello! Please try accessing the site in an incognito window or restarting your device. If the bug persists, DM us your app version and device model.",Wed Oct 11 12:28:00 +0000 2017,AmazonHelp,website gives error 500 internal server error when trying to view my order history.
100670,@AmazonHelp I was told my refund of $217.50 for order #936-6788681-9168181 would be in my account in 3-5 days. It's been 10 days.,Apologies for the inconvenience! Please DM us your account details so we can check on return #936-6788681-9168181 and expedite your refund.,Wed Oct 11 20:13:00 +0000 2017,AmazonHelp,i was told my refund of currency amount for order order number would be in my account in 3-5 days. it's been 10 days.
100672,"@AmazonHelp Every time I try to log in, it loops back to the login screen without an error message.","Hello! If you suspect unauthorized access, please visit amzn.to/security immediately. You can also DM us your associated phone or email.",Fri Oct 06 12:48:00 +0000 2017,AmazonHelp,"every time i try to log in, it loops back to the login screen without an error message."
100674,@AmazonHelp Why was my credit card charged $180.50 when my order total was only $5.00?,"Hello, duplicate charges are often pending authorizations that drop off in 2-3 business days. Please DM us your order #590-4535025-3705263 to confirm.",Tue Oct 24 16:57:00 +0000 2017,AmazonHelp,why was my credit card charged currency amount when my order total was only currency amount ?
100676,@AmazonHelp WORST CUSTOMER SERVICE EVER! Representative hung up on me after waiting 45 minutes on hold!,We hear your frustration and apologize for the breakdown in communication. Please DM us your order #250-1938047-3790745 so we can urgently review this with our leadership team.,Wed Oct 11 05:35:00 +0000 2017,AmazonHelp,worst customer service ever! representative hung up on me after waiting 45 minutes on hold!
100678,@AmazonHelp Why was my credit card charged $71.50 when my order total was only $24.00?,We apologize for the billing confusion. Please reach out via DM with the last 4 digits of the card and transaction date so we can inspect.,Mon Oct 16 23:18:00 +0000 2017,AmazonHelp,why was my credit card charged currency amount when my order total was only currency amount ?
100680,"@AmazonHelp Charged $113.49 annual subscription fee by mistake, please reverse this charge.","Hello, duplicate charges are often pending authorizations that drop off in 2-3 business days. Please DM us your order #170-4855635-7345333 to confirm.",Thu Oct 05 18:12:00 +0000 2017,AmazonHelp,"charged currency amount annual subscription fee by mistake, please reverse this charge."
100682,@AmazonHelp Locked out of my account. The OTP verification code is not being sent to my phone.,"Hi there, please ensure SMS isn't blocked by your carrier, or try clearing browser cache. If the issue persists, send us a DM.",Fri Oct 20 12:30:00 +0000 2017,AmazonHelp,locked out of my account. the otp verification code is not being sent to my phone.
100684,@AmazonHelp Is the manufacturer warranty valid if I buy an electronic item through third party sellers?,"Hello! Our standard return policy is 30 days, but extended holiday return windows often apply. Let us know if you have a specific item in mind!",Thu Oct 12 23:01:00 +0000 2017,AmazonHelp,is the manufacturer warranty valid if i buy an electronic item through third party sellers?
100686,@AmazonHelp Your iOS app keeps crashing every time I tap the checkout button. Version 18.2.,"Hi! Thanks for bringing this to our attention. Have you tried reinstalling the app or clearing your cache? If so, please DM us your device OS version.",Sun Oct 01 16:52:00 +0000 2017,AmazonHelp,your ios app keeps crashing every time i tap the checkout button. version 18.2.
100688,@AmazonHelp Can you explain the invoice breakdown for #804-6299951-7859282? There's an extra charge of $107.00.,We apologize for the billing confusion. Please reach out via DM with the last 4 digits of the card and transaction date so we can inspect.,Wed Oct 25 18:35:00 +0000 2017,AmazonHelp,can you explain the invoice breakdown for order number ? there's an extra charge of currency amount .
100690,@AmazonHelp Payment declined on my card even though there are sufficient funds available.,"Sorry for the unexpected charge! If you did not intend to renew Prime, please DM us your email and we can help reverse eligible fees.",Sun Oct 15 07:57:00 +0000 2017,AmazonHelp,payment declined on my card even though there are sufficient funds available.
100692,@AmazonHelp I was told my refund of $233.00 for order #822-7679508-3316405 would be in my account in 3-5 days. It's been 10 days.,"Hello! Once an item is received at our fulfillment center, refunds usually take 3-5 business days. Please DM us your order #822-7679508-3316405 to check status.",Tue Oct 24 12:15:00 +0000 2017,AmazonHelp,i was told my refund of currency amount for order order number would be in my account in 3-5 days. it's been 10 days.
100694,@AmazonHelp Checkout page freezes when selecting saved shipping address.,We're sorry for the app crash. Please ensure you are running the latest app update. DM us if you need further technical troubleshooting.,Wed Oct 04 07:00:00 +0000 2017,AmazonHelp,checkout page freezes when selecting saved shipping address.
100696,@AmazonHelp Can someone check on order #181-1633429-7447920? It's a birthday gift and now it's late.,So sorry for the delay on #181-1633429-7447920! Please DM us your order details and we will check the transit status directly for you.,Tue Oct 10 13:20:00 +0000 2017,AmazonHelp,can someone check on order order number ? it's a birthday gift and now it's late.
100698,@AmazonHelp Absolute scam. Stole my money and refusing to help. Give me someone who actually has authority.,We are very sorry to hear this and take feedback like this seriously. Please send us a direct message with your account details and phone number so we can escalate to a supervisor.,Sun Oct 01 09:19:00 +0000 2017,AmazonHelp,absolute scam. stole my money and refusing to help. give me someone who actually has authority.
100700,"@AmazonHelp Where is my package? Order #382-7701385-6924499 was supposed to arrive last week, still nothing!","Hi there, we're sorry to hear your order #382-7701385-6924499 is delayed! Please send us a DM at amzn.to/help with your details so we can investigate.",Thu Oct 26 09:19:00 +0000 2017,AmazonHelp,"where is my package? order order number was supposed to arrive last week, still nothing!"
100702,"@AmazonHelp Wishlist won't let me remove deleted items, says 'Failed to update wishlist'.","Hi! Thanks for bringing this to our attention. Have you tried reinstalling the app or clearing your cache? If so, please DM us your device OS version.",Mon Oct 09 08:12:00 +0000 2017,AmazonHelp,"wishlist won't let me remove deleted items, says 'failed to update wishlist'."
100704,@AmazonHelp Unable to sign in to my account from my new laptop. Says suspicious activity detected.,"Hi there, please ensure SMS isn't blocked by your carrier, or try clearing browser cache. If the issue persists, send us a DM.",Fri Oct 27 00:08:00 +0000 2017,AmazonHelp,unable to sign in to my account from my new laptop. says suspicious activity detected.
100706,@AmazonHelp Website gives error 500 internal server error when trying to view my order history.,"Hello! Please try accessing the site in an incognito window or restarting your device. If the bug persists, DM us your app version and device model.",Wed Oct 18 18:59:00 +0000 2017,AmazonHelp,website gives error 500 internal server error when trying to view my order history.
100708,"@AmazonHelp The mobile app is not loading product images, just showing blank white boxes.","Hello! Please try accessing the site in an incognito window or restarting your device. If the bug persists, DM us your app version and device model.",Thu Oct 19 12:45:00 +0000 2017,AmazonHelp,"the mobile app is not loading product images, just showing blank white boxes."
100710,@AmazonHelp Carrier marked order #282-8995273-6265911 as delivered at front door but there is no package anywhere.,So sorry for the delay on #282-8995273-6265911! Please DM us your order details and we will check the transit status directly for you.,Tue Oct 10 11:06:00 +0000 2017,AmazonHelp,carrier marked order order number as delivered at front door but there is no package anywhere.
100712,@AmazonHelp Website gives error 500 internal server error when trying to view my order history.,"Hi! Thanks for bringing this to our attention. Have you tried reinstalling the app or clearing your cache? If so, please DM us your device OS version.",Mon Oct 23 19:08:00 +0000 2017,AmazonHelp,website gives error 500 internal server error when trying to view my order history.
100714,@AmazonHelp shipment #977-1709057-9091518 is delayed by 3 days already. Any update on when it will arrive?,We understand your concern regarding order #977-1709057-9091518. Please drop us a DM with your tracking link and postal code so we can check with the carrier.,Wed Oct 11 11:36:00 +0000 2017,AmazonHelp,shipment order number is delayed by 3 days already. any update on when it will arrive?
100716,@AmazonHelp shipment #638-8099712-9024879 is delayed by 3 days already. Any update on when it will arrive?,So sorry for the delay on #638-8099712-9024879! Please DM us your order details and we will check the transit status directly for you.,Tue Oct 24 23:02:00 +0000 2017,AmazonHelp,shipment order number is delayed by 3 days already. any update on when it will arrive?
100718,@AmazonHelp How long does it take for a refund to process to my original payment method for return #108-1198306-4535838?,We're sorry for the delay in your refund! Please reach out to us in DM with order #108-1198306-4535838 and your email address so we can review the return.,Fri Oct 13 08:07:00 +0000 2017,AmazonHelp,how long does it take for a refund to process to my original payment method for return order number ?
100720,@AmazonHelp Return status says received at warehouse but refund not initiated for #727-6756203-7139188. Please help.,Hi! We want to help get this sorted. Please send us a direct message with order #727-6756203-7139188 and return tracking number so we can verify with our billing team.,Thu Oct 19 14:34:00 +0000 2017,AmazonHelp,return status says received at warehouse but refund not initiated for order number . please help.
100722,"@AmazonHelp Every time I try to log in, it loops back to the login screen without an error message.","Hi there, please ensure SMS isn't blocked by your carrier, or try clearing browser cache. If the issue persists, send us a DM.",Sun Oct 08 00:19:00 +0000 2017,AmazonHelp,"every time i try to log in, it loops back to the login screen without an error message."
100724,@AmazonHelp Unable to sign in to my account from my new laptop. Says suspicious activity detected.,"Hello! If you suspect unauthorized access, please visit amzn.to/security immediately. You can also DM us your associated phone or email.",Fri Oct 27 05:14:00 +0000 2017,AmazonHelp,unable to sign in to my account from my new laptop. says suspicious activity detected.
100726,@AmazonHelp Return status says received at warehouse but refund not initiated for #807-3740422-2007243. Please help.,Hi! We want to help get this sorted. Please send us a direct message with order #807-3740422-2007243 and return tracking number so we can verify with our billing team.,Tue Oct 17 18:34:00 +0000 2017,AmazonHelp,return status says received at warehouse but refund not initiated for order number . please help.
100728,"@AmazonHelp Two-factor authentication is failing, says invalid token even though it's correct.",We're sorry you're having trouble accessing your account. Please send us a DM so we can securely guide you through the two-step verification reset.,Sat Oct 14 07:53:00 +0000 2017,AmazonHelp,"two-factor authentication is failing, says invalid token even though it's correct."
100730,@AmazonHelp I was told my refund of $242.00 for order #622-9178787-8498243 would be in my account in 3-5 days. It's been 10 days.,We're sorry for the delay in your refund! Please reach out to us in DM with order #622-9178787-8498243 and your email address so we can review the return.,Mon Oct 16 17:32:00 +0000 2017,AmazonHelp,i was told my refund of currency amount for order order number would be in my account in 3-5 days. it's been 10 days.
100732,@AmazonHelp Payment declined on my card even though there are sufficient funds available.,We apologize for the billing confusion. Please reach out via DM with the last 4 digits of the card and transaction date so we can inspect.,Fri Oct 13 13:10:00 +0000 2017,AmazonHelp,payment declined on my card even though there are sufficient funds available.
100734,@AmazonHelp I was charged $206.50 twice for order #377-8464156-7092894. Please check your billing system.,"Hello, duplicate charges are often pending authorizations that drop off in 2-3 business days. Please DM us your order #377-8464156-7092894 to confirm.",Thu Oct 12 01:17:00 +0000 2017,AmazonHelp,i was charged currency amount twice for order order number . please check your billing system.
100736,@AmazonHelp Can someone check on order #861-2343263-4532803? It's a birthday gift and now it's late.,"Hi there, we're sorry to hear your order #861-2343263-4532803 is delayed! Please send us a DM at amzn.to/help with your details so we can investigate.",Thu Oct 19 10:39:00 +0000 2017,AmazonHelp,can someone check on order order number ? it's a birthday gift and now it's late.
100738,"@AmazonHelp The mobile app is not loading product images, just showing blank white boxes.",We apologize for the technical glitch! Our technical team is monitoring site stability. Please send us a DM with a screenshot if the error continues.,Sat Oct 14 07:24:00 +0000 2017,AmazonHelp,"the mobile app is not loading product images, just showing blank white boxes."
100740,@AmazonHelp You guys billed me twice on the same day for order #234-9837269-3862327. Please fix this duplicate charge.,"Sorry for the unexpected charge! If you did not intend to renew Prime, please DM us your email and we can help reverse eligible fees.",Fri Oct 13 18:33:00 +0000 2017,AmazonHelp,you guys billed me twice on the same day for order order number . please fix this duplicate charge.
100742,"@AmazonHelp Help! Account locked due to too many failed attempts, how do I unlock it?",We're sorry you're having trouble accessing your account. Please send us a DM so we can securely guide you through the two-step verification reset.,Thu Oct 05 10:50:00 +0000 2017,AmazonHelp,"help! account locked due to too many failed attempts, how do i unlock it?"
100744,@AmazonHelp How long does it take for a refund to process to my original payment method for return #522-5358838-3612506?,Apologies for the inconvenience! Please DM us your account details so we can check on return #522-5358838-3612506 and expedite your refund.,Sun Oct 01 18:06:00 +0000 2017,AmazonHelp,how long does it take for a refund to process to my original payment method for return order number ?
100746,"@AmazonHelp If my issue is not resolved today, I will be taking legal action with my attorney. Order #588-6026630-1153219.",We sincerely apologize for this distressing experience. This is certainly not the level of service we aim to provide. Please DM us immediately so a senior specialist can assist.,Wed Oct 18 09:08:00 +0000 2017,AmazonHelp,"if my issue is not resolved today, i will be taking legal action with my attorney. order order number ."
100748,"@AmazonHelp Received broken item in order #674-8333427-7622840. I want my money back, not a replacement.",Hi! We want to help get this sorted. Please send us a direct message with order #674-8333427-7622840 and return tracking number so we can verify with our billing team.,Fri Oct 20 14:12:00 +0000 2017,AmazonHelp,"received broken item in order order number . i want my money back, not a replacement."
100750,@AmazonHelp shipment #882-5561139-5776085 is delayed by 3 days already. Any update on when it will arrive?,"Hello! We apologize for the delivery issue with #882-5561139-5776085. Please check around your porch/neighbors, and if still missing, DM us your account email.",Fri Oct 06 09:33:00 +0000 2017,AmazonHelp,shipment order number is delayed by 3 days already. any update on when it will arrive?
100752,@AmazonHelp Locked out of my account. The OTP verification code is not being sent to my phone.,We're sorry you're having trouble accessing your account. Please send us a DM so we can securely guide you through the two-step verification reset.,Sat Oct 14 05:09:00 +0000 2017,AmazonHelp,locked out of my account. the otp verification code is not being sent to my phone.
100754,@AmazonHelp Ordered express next-day delivery on #548-1137641-4905912 and it still hasn't shipped!,So sorry for the delay on #548-1137641-4905912! Please DM us your order details and we will check the transit status directly for you.,Tue Oct 24 01:23:00 +0000 2017,AmazonHelp,ordered express next-day delivery on order number and it still hasn't shipped!
100756,@AmazonHelp I forgot my password and the password reset link is never arriving in my inbox.,"Hi there, please ensure SMS isn't blocked by your carrier, or try clearing browser cache. If the issue persists, send us a DM.",Tue Oct 10 02:56:00 +0000 2017,AmazonHelp,i forgot my password and the password reset link is never arriving in my inbox.
100758,@AmazonHelp Do you ship internationally to Germany and what are the customs fees?,Hello! Most electronics purchased from authorized sellers include standard warranty. Please DM us the product ASIN to check details.,Thu Oct 05 15:38:00 +0000 2017,AmazonHelp,do you ship internationally to germany and what are the customs fees?
100760,@AmazonHelp Just noticed an unauthorized charge of $189.99 for Prime membership that I never authorized.,We apologize for the billing confusion. Please reach out via DM with the last 4 digits of the card and transaction date so we can inspect.,Sat Oct 14 23:24:00 +0000 2017,AmazonHelp,just noticed an unauthorized charge of currency amount for prime membership that i never authorized.
100762,@AmazonHelp How long does it take for a refund to process to my original payment method for return #153-4653880-2894625?,"Hello! Once an item is received at our fulfillment center, refunds usually take 3-5 business days. Please DM us your order #153-4653880-2894625 to check status.",Thu Oct 12 10:32:00 +0000 2017,AmazonHelp,how long does it take for a refund to process to my original payment method for return order number ?
100764,@AmazonHelp Thank you so much for the quick replacement on order #695-8973718-3600333. You guys are the best!,You're very welcome! We're so glad everything was resolved smoothly. Thank you for being a valued customer!,Wed Oct 04 02:36:00 +0000 2017,AmazonHelp,thank you so much for the quick replacement on order order number . you guys are the best!
100766,@AmazonHelp Return status says received at warehouse but refund not initiated for #257-9998515-2801733. Please help.,Apologies for the inconvenience! Please DM us your account details so we can check on return #257-9998515-2801733 and expedite your refund.,Tue Oct 10 03:47:00 +0000 2017,AmazonHelp,return status says received at warehouse but refund not initiated for order number . please help.
100768,@AmazonHelp Can you explain the invoice breakdown for #466-3260430-5205984? There's an extra charge of $245.00.,"Sorry for the unexpected charge! If you did not intend to renew Prime, please DM us your email and we can help reverse eligible fees.",Fri Oct 27 04:00:00 +0000 2017,AmazonHelp,can you explain the invoice breakdown for order number ? there's an extra charge of currency amount .
100770,@AmazonHelp Unable to sign in to my account from my new laptop. Says suspicious activity detected.,"Hello! If you suspect unauthorized access, please visit amzn.to/security immediately. You can also DM us your associated phone or email.",Wed Oct 18 02:00:00 +0000 2017,AmazonHelp,unable to sign in to my account from my new laptop. says suspicious activity detected.
100772,@AmazonHelp Carrier marked order #753-9488562-7359295 as delivered at front door but there is no package anywhere.,We understand your concern regarding order #753-9488562-7359295. Please drop us a DM with your tracking link and postal code so we can check with the carrier.,Wed Oct 04 06:12:00 +0000 2017,AmazonHelp,carrier marked order order number as delivered at front door but there is no package anywhere.
100774,@AmazonHelp Your support team went above and beyond today. Thank you for the courteous and prompt help!,You're very welcome! We're so glad everything was resolved smoothly. Thank you for being a valued customer!,Mon Oct 16 00:45:00 +0000 2017,AmazonHelp,your support team went above and beyond today. thank you for the courteous and prompt help!
100776,@AmazonHelp My tracking says delivered but I have not received anything for order #774-2118702-1734460!,So sorry for the delay on #774-2118702-1734460! Please DM us your order details and we will check the transit status directly for you.,Thu Oct 05 20:52:00 +0000 2017,AmazonHelp,my tracking says delivered but i have not received anything for order order number !
100778,@AmazonHelp Just noticed an unauthorized charge of $149.99 for Prime membership that I never authorized.,Hi! We'd be glad to look into this charge for you. Please send us a DM with the date and amount so we can locate the transaction securely.,Mon Oct 23 17:45:00 +0000 2017,AmazonHelp,just noticed an unauthorized charge of currency amount for prime membership that i never authorized.
100780,@AmazonHelp Unable to sign in to my account from my new laptop. Says suspicious activity detected.,"Hi! For your security, please don't share passwords publicly. Please visit amzn.to/account-recovery or DM us to begin identity verification.",Wed Oct 04 13:53:00 +0000 2017,AmazonHelp,unable to sign in to my account from my new laptop. says suspicious activity detected.
100782,@AmazonHelp Carrier marked order #321-9715516-2629390 as delivered at front door but there is no package anywhere.,"Hello! We apologize for the delivery issue with #321-9715516-2629390. Please check around your porch/neighbors, and if still missing, DM us your account email.",Mon Oct 09 12:25:00 +0000 2017,AmazonHelp,carrier marked order order number as delivered at front door but there is no package anywhere.
100784,@AmazonHelp Search bar on the website is completely unresponsive on Chrome desktop.,We apologize for the technical glitch! Our technical team is monitoring site stability. Please send us a DM with a screenshot if the error continues.,Thu Oct 19 15:37:00 +0000 2017,AmazonHelp,search bar on the website is completely unresponsive on chrome desktop.
100786,@AmazonHelp Charged for an item I sent back last Monday. When will my refund of $105.99 arrive?,Apologies for the inconvenience! Please DM us your account details so we can check on return #261-9957363-8432510 and expedite your refund.,Mon Oct 16 02:18:00 +0000 2017,AmazonHelp,charged for an item i sent back last monday. when will my refund of currency amount arrive?
100788,@AmazonHelp Tracking status says delivery attempted but nobody buzzed or knocked. Order #658-4589118-7292514.,"Hi there, we're sorry to hear your order #658-4589118-7292514 is delayed! Please send us a DM at amzn.to/help with your details so we can investigate.",Mon Oct 02 22:52:00 +0000 2017,AmazonHelp,tracking status says delivery attempted but nobody buzzed or knocked. order order number .
100790,@AmazonHelp I was charged $16.99 twice for order #630-3266362-6064062. Please check your billing system.,We apologize for the billing confusion. Please reach out via DM with the last 4 digits of the card and transaction date so we can inspect.,Tue Oct 24 15:27:00 +0000 2017,AmazonHelp,i was charged currency amount twice for order order number . please check your billing system.
100792,@AmazonHelp Can you explain the invoice breakdown for #685-3595683-2581875? There's an extra charge of $24.50.,We apologize for the billing confusion. Please reach out via DM with the last 4 digits of the card and transaction date so we can inspect.,Thu Oct 12 17:55:00 +0000 2017,AmazonHelp,can you explain the invoice breakdown for order number ? there's an extra charge of currency amount .
100794,@AmazonHelp Can someone check on order #407-2541912-7707501? It's a birthday gift and now it's late.,"Hello! We apologize for the delivery issue with #407-2541912-7707501. Please check around your porch/neighbors, and if still missing, DM us your account email.",Fri Oct 27 14:24:00 +0000 2017,AmazonHelp,can someone check on order order number ? it's a birthday gift and now it's late.
100796,"@AmazonHelp Charged $35.00 annual subscription fee by mistake, please reverse this charge.","Sorry for the unexpected charge! If you did not intend to renew Prime, please DM us your email and we can help reverse eligible fees.",Wed Oct 11 16:39:00 +0000 2017,AmazonHelp,"charged currency amount annual subscription fee by mistake, please reverse this charge."
100798,@AmazonHelp What is the return window for holiday purchases made in November?,Hello! Most electronics purchased from authorized sellers include standard warranty. Please DM us the product ASIN to check details.,Thu Oct 19 06:08:00 +0000 2017,AmazonHelp,what is the return window for holiday purchases made in november?
100800,@AmazonHelp Search bar on the website is completely unresponsive on Chrome desktop.,"Hello! Please try accessing the site in an incognito window or restarting your device. If the bug persists, DM us your app version and device model.",Mon Oct 23 00:46:00 +0000 2017,AmazonHelp,search bar on the website is completely unresponsive on chrome desktop.
100802,@AmazonHelp Search bar on the website is completely unresponsive on Chrome desktop.,We're sorry for the app crash. Please ensure you are running the latest app update. DM us if you need further technical troubleshooting.,Tue Oct 10 09:24:00 +0000 2017,AmazonHelp,search bar on the website is completely unresponsive on chrome desktop.
100804,@AmazonHelp Return status says received at warehouse but refund not initiated for #685-4290000-9795418. Please help.,"Hello! Once an item is received at our fulfillment center, refunds usually take 3-5 business days. Please DM us your order #685-4290000-9795418 to check status.",Fri Oct 20 04:45:00 +0000 2017,AmazonHelp,return status says received at warehouse but refund not initiated for order number . please help.
100806,@AmazonHelp Return status says received at warehouse but refund not initiated for #295-6381096-6780168. Please help.,Apologies for the inconvenience! Please DM us your account details so we can check on return #295-6381096-6780168 and expedite your refund.,Sun Oct 08 00:17:00 +0000 2017,AmazonHelp,return status says received at warehouse but refund not initiated for order number . please help.
100808,"@AmazonHelp Where is my package? Order #937-4917305-4350161 was supposed to arrive yesterday, still nothing!","Hello! We apologize for the delivery issue with #937-4917305-4350161. Please check around your porch/neighbors, and if still missing, DM us your account email.",Sun Oct 08 02:19:00 +0000 2017,AmazonHelp,"where is my package? order order number was supposed to arrive yesterday, still nothing!"
100810,@AmazonHelp Carrier marked order #810-2866934-6119031 as delivered at front door but there is no package anywhere.,"Hello! We apologize for the delivery issue with #810-2866934-6119031. Please check around your porch/neighbors, and if still missing, DM us your account email.",Wed Oct 25 04:33:00 +0000 2017,AmazonHelp,carrier marked order order number as delivered at front door but there is no package anywhere.
100812,@AmazonHelp Unable to sign in to my account from my new laptop. Says suspicious activity detected.,We're sorry you're having trouble accessing your account. Please send us a DM so we can securely guide you through the two-step verification reset.,Fri Oct 13 17:19:00 +0000 2017,AmazonHelp,unable to sign in to my account from my new laptop. says suspicious activity detected.
100814,@AmazonHelp Locked out of my account. The OTP verification code is not being sent to my phone.,"Hello! If you suspect unauthorized access, please visit amzn.to/security immediately. You can also DM us your associated phone or email.",Wed Oct 18 23:12:00 +0000 2017,AmazonHelp,locked out of my account. the otp verification code is not being sent to my phone.
100816,@AmazonHelp Thank you @AmazonHelp for resolving my billing query so smoothly today!,Thank you so much for the kind words! We love hearing this and will pass your compliments along to the team. Have a wonderful day!,Thu Oct 12 15:14:00 +0000 2017,AmazonHelp,thank you for resolving my billing query so smoothly today!
100818,@AmazonHelp How long does it take for a refund to process to my original payment method for return #601-7600153-3634111?,We're sorry for the delay in your refund! Please reach out to us in DM with order #601-7600153-3634111 and your email address so we can review the return.,Fri Oct 13 22:20:00 +0000 2017,AmazonHelp,how long does it take for a refund to process to my original payment method for return order number ?
100820,"@AmazonHelp Charged $157.99 annual subscription fee by mistake, please reverse this charge.","Hello, duplicate charges are often pending authorizations that drop off in 2-3 business days. Please DM us your order #999-7495644-1494355 to confirm.",Wed Oct 18 18:29:00 +0000 2017,AmazonHelp,"charged currency amount annual subscription fee by mistake, please reverse this charge."
100822,@AmazonHelp Amazon customer service never disappoints. Replaced my broken item with no hassle. Thanks!,Hearing this makes our day! Thank you for your feedback and support. We're always here to help!,Sat Oct 07 08:56:00 +0000 2017,AmazonHelp,amazon customer service never disappoints. replaced my broken item with no hassle. thanks!
100824,@AmazonHelp Why was my credit card charged $94.49 when my order total was only $18.00?,We apologize for the billing confusion. Please reach out via DM with the last 4 digits of the card and transaction date so we can inspect.,Thu Oct 26 17:46:00 +0000 2017,AmazonHelp,why was my credit card charged currency amount when my order total was only currency amount ?
100826,@AmazonHelp I demand an immediate escalation to executive customer relations. No more generic bot answers!,This is definitely not the experience we want for our customers. Please reach out in DM with your contact information so an escalation manager can connect with you.,Sat Oct 21 12:53:00 +0000 2017,AmazonHelp,i demand an immediate escalation to executive customer relations. no more generic bot answers!
100828,@AmazonHelp Your support agent was extremely rude and unhelpful. Disgraceful treatment of a 10-year customer.,We are very sorry to hear this and take feedback like this seriously. Please send us a direct message with your account details and phone number so we can escalate to a supervisor.,Wed Oct 11 22:37:00 +0000 2017,AmazonHelp,your support agent was extremely rude and unhelpful. disgraceful treatment of a 10-year customer.
100830,"@AmazonHelp Charged $49.50 annual subscription fee by mistake, please reverse this charge.","Sorry for the unexpected charge! If you did not intend to renew Prime, please DM us your email and we can help reverse eligible fees.",Sat Oct 07 15:13:00 +0000 2017,AmazonHelp,"charged currency amount annual subscription fee by mistake, please reverse this charge."
100832,@AmazonHelp My tracking says delivered but I have not received anything for order #133-7854988-1251897!,"Hello! We apologize for the delivery issue with #133-7854988-1251897. Please check around your porch/neighbors, and if still missing, DM us your account email.",Mon Oct 23 16:09:00 +0000 2017,AmazonHelp,my tracking says delivered but i have not received anything for order order number !
100834,@AmazonHelp Are recyclable packaging options available for fragile items?,Hi! You can check international shipping options and estimated import duties at checkout or by visiting amzn.to/shipping-rates.,Fri Oct 06 08:25:00 +0000 2017,AmazonHelp,are recyclable packaging options available for fragile items?
100836,"@AmazonHelp Every time I try to log in, it loops back to the login screen without an error message.","Hi! For your security, please don't share passwords publicly. Please visit amzn.to/account-recovery or DM us to begin identity verification.",Sat Oct 14 15:03:00 +0000 2017,AmazonHelp,"every time i try to log in, it loops back to the login screen without an error message."
100838,@AmazonHelp I was told my refund of $57.50 for order #411-5796850-8740121 would be in my account in 3-5 days. It's been 10 days.,Apologies for the inconvenience! Please DM us your account details so we can check on return #411-5796850-8740121 and expedite your refund.,Sat Oct 21 22:23:00 +0000 2017,AmazonHelp,i was told my refund of currency amount for order order number would be in my account in 3-5 days. it's been 10 days.
100840,@AmazonHelp Search bar on the website is completely unresponsive on Chrome desktop.,We're sorry for the app crash. Please ensure you are running the latest app update. DM us if you need further technical troubleshooting.,Tue Oct 10 13:34:00 +0000 2017,AmazonHelp,search bar on the website is completely unresponsive on chrome desktop.
100842,@AmazonHelp My tracking says delivered but I have not received anything for order #431-3751363-3072728!,So sorry for the delay on #431-3751363-3072728! Please DM us your order details and we will check the transit status directly for you.,Tue Oct 24 15:53:00 +0000 2017,AmazonHelp,my tracking says delivered but i have not received anything for order order number !
100844,@AmazonHelp You have lied to me three times about my delivery. I am reporting this fraud to the Better Business Bureau.,We are very sorry to hear this and take feedback like this seriously. Please send us a direct message with your account details and phone number so we can escalate to a supervisor.,Tue Oct 03 17:03:00 +0000 2017,AmazonHelp,you have lied to me three times about my delivery. i am reporting this fraud to the better business bureau.
100846,@AmazonHelp I returned item on order #847-8486970-5844933 over a week ago and still haven't received my refund.,Hi! We want to help get this sorted. Please send us a direct message with order #847-8486970-5844933 and return tracking number so we can verify with our billing team.,Sun Oct 22 05:58:00 +0000 2017,AmazonHelp,i returned item on order order number over a week ago and still haven't received my refund.
100848,@AmazonHelp Are recyclable packaging options available for fragile items?,"Hello! Our standard return policy is 30 days, but extended holiday return windows often apply. Let us know if you have a specific item in mind!",Sat Oct 28 17:42:00 +0000 2017,AmazonHelp,are recyclable packaging options available for fragile items?
100850,"@AmazonHelp Where is my package? Order #660-5665960-4483580 was supposed to arrive this morning, still nothing!","Hello! We apologize for the delivery issue with #660-5665960-4483580. Please check around your porch/neighbors, and if still missing, DM us your account email.",Mon Oct 02 20:26:00 +0000 2017,AmazonHelp,"where is my package? order order number was supposed to arrive this morning, still nothing!"
100852,@AmazonHelp Why was my credit card charged $250.00 when my order total was only $6.00?,"Hello, duplicate charges are often pending authorizations that drop off in 2-3 business days. Please DM us your order #717-6007018-6555122 to confirm.",Sat Oct 14 07:38:00 +0000 2017,AmazonHelp,why was my credit card charged currency amount when my order total was only currency amount ?
100854,@AmazonHelp Payment declined on my card even though there are sufficient funds available.,We apologize for the billing confusion. Please reach out via DM with the last 4 digits of the card and transaction date so we can inspect.,Wed Oct 04 10:55:00 +0000 2017,AmazonHelp,payment declined on my card even though there are sufficient funds available.
100856,@AmazonHelp Are recyclable packaging options available for fragile items?,Hello! Most electronics purchased from authorized sellers include standard warranty. Please DM us the product ASIN to check details.,Tue Oct 10 21:21:00 +0000 2017,AmazonHelp,are recyclable packaging options available for fragile items?
100858,@AmazonHelp Ordered express next-day delivery on #685-9874251-2470854 and it still hasn't shipped!,"Hello! We apologize for the delivery issue with #685-9874251-2470854. Please check around your porch/neighbors, and if still missing, DM us your account email.",Thu Oct 26 23:33:00 +0000 2017,AmazonHelp,ordered express next-day delivery on order number and it still hasn't shipped!
100860,"@AmazonHelp Two-factor authentication is failing, says invalid token even though it's correct.","Hi! For your security, please don't share passwords publicly. Please visit amzn.to/account-recovery or DM us to begin identity verification.",Mon Oct 02 11:12:00 +0000 2017,AmazonHelp,"two-factor authentication is failing, says invalid token even though it's correct."
100862,@AmazonHelp My subscription auto-renewed even though I turned off auto-renew last week!,Hi! We'd be glad to look into this charge for you. Please send us a DM with the date and amount so we can locate the transaction securely.,Tue Oct 10 12:46:00 +0000 2017,AmazonHelp,my subscription auto-renewed even though i turned off auto-renew last week!
100864,@AmazonHelp Ordered express next-day delivery on #169-6163566-6037929 and it still hasn't shipped!,We understand your concern regarding order #169-6163566-6037929. Please drop us a DM with your tracking link and postal code so we can check with the carrier.,Fri Oct 27 06:25:00 +0000 2017,AmazonHelp,ordered express next-day delivery on order number and it still hasn't shipped!
100866,@AmazonHelp Huge shoutout to Sarah from customer support who solved my lost package in 5 minutes! Amazing service!,"We're thrilled to hear Sarah was able to help! Thank you for choosing us, and please don't hesitate to reach out if you ever need anything else.",Sun Oct 08 10:44:00 +0000 2017,AmazonHelp,huge shoutout to sarah from customer support who solved my lost package in 5 minutes! amazing service!
100868,@AmazonHelp Unable to sign in to my account from my new laptop. Says suspicious activity detected.,"Hello! If you suspect unauthorized access, please visit amzn.to/security immediately. You can also DM us your associated phone or email.",Wed Oct 25 18:20:00 +0000 2017,AmazonHelp,unable to sign in to my account from my new laptop. says suspicious activity detected.
100870,@AmazonHelp Tracking status says delivery attempted but nobody buzzed or knocked. Order #801-6565326-6932348.,"Hello! We apologize for the delivery issue with #801-6565326-6932348. Please check around your porch/neighbors, and if still missing, DM us your account email.",Sat Oct 28 22:35:00 +0000 2017,AmazonHelp,tracking status says delivery attempted but nobody buzzed or knocked. order order number .
100872,@AmazonHelp Can someone check on order #219-6172103-6276424? It's a birthday gift and now it's late.,"Hello! We apologize for the delivery issue with #219-6172103-6276424. Please check around your porch/neighbors, and if still missing, DM us your account email.",Sat Oct 21 22:37:00 +0000 2017,AmazonHelp,can someone check on order order number ? it's a birthday gift and now it's late.
100874,@AmazonHelp Can someone check on order #409-3936226-2882928? It's a birthday gift and now it's late.,"Hi there, we're sorry to hear your order #409-3936226-2882928 is delayed! Please send us a DM at amzn.to/help with your details so we can investigate.",Mon Oct 23 08:12:00 +0000 2017,AmazonHelp,can someone check on order order number ? it's a birthday gift and now it's late.
100876,@AmazonHelp shipment #448-9111313-9785019 is delayed by 3 days already. Any update on when it will arrive?,"Hello! We apologize for the delivery issue with #448-9111313-9785019. Please check around your porch/neighbors, and if still missing, DM us your account email.",Tue Oct 03 00:56:00 +0000 2017,AmazonHelp,shipment order number is delayed by 3 days already. any update on when it will arrive?
100878,@AmazonHelp Need a refund for #985-9763492-2943405. Sent back via drop-off locker 5 days ago.,"Hello! Once an item is received at our fulfillment center, refunds usually take 3-5 business days. Please DM us your order #985-9763492-2943405 to check status.",Wed Oct 25 01:37:00 +0000 2017,AmazonHelp,need a refund for order number . sent back via drop-off locker 5 days ago.
100880,@AmazonHelp The video streaming player on Prime Video keeps stuttering and buffering on my Smart TV.,We're sorry for the app crash. Please ensure you are running the latest app update. DM us if you need further technical troubleshooting.,Fri Oct 06 17:31:00 +0000 2017,AmazonHelp,the video streaming player on prime video keeps stuttering and buffering on my smart tv.
100882,@AmazonHelp Ordered express next-day delivery on #380-2920326-1255965 and it still hasn't shipped!,We understand your concern regarding order #380-2920326-1255965. Please drop us a DM with your tracking link and postal code so we can check with the carrier.,Sat Oct 14 06:25:00 +0000 2017,AmazonHelp,ordered express next-day delivery on order number and it still hasn't shipped!
100884,@AmazonHelp Can someone check on order #172-6224048-6683095? It's a birthday gift and now it's late.,"Hi there, we're sorry to hear your order #172-6224048-6683095 is delayed! Please send us a DM at amzn.to/help with your details so we can investigate.",Wed Oct 18 20:00:00 +0000 2017,AmazonHelp,can someone check on order order number ? it's a birthday gift and now it's late.
100886,@AmazonHelp My tracking says delivered but I have not received anything for order #501-4002836-8479891!,So sorry for the delay on #501-4002836-8479891! Please DM us your order details and we will check the transit status directly for you.,Sat Oct 07 08:58:00 +0000 2017,AmazonHelp,my tracking says delivered but i have not received anything for order order number !
100888,@AmazonHelp What is the return window for holiday purchases made in November?,Hello! Most electronics purchased from authorized sellers include standard warranty. Please DM us the product ASIN to check details.,Fri Oct 13 02:52:00 +0000 2017,AmazonHelp,what is the return window for holiday purchases made in november?
100890,@AmazonHelp Please cancel my order #816-6541983-6448586 and process a full refund immediately.,Hi! We want to help get this sorted. Please send us a direct message with order #816-6541983-6448586 and return tracking number so we can verify with our billing team.,Sun Oct 22 08:48:00 +0000 2017,AmazonHelp,please cancel my order order number and process a full refund immediately.
100892,@AmazonHelp Please cancel my order #456-3137316-9521981 and process a full refund immediately.,Hi! We want to help get this sorted. Please send us a direct message with order #456-3137316-9521981 and return tracking number so we can verify with our billing team.,Sun Oct 22 08:31:00 +0000 2017,AmazonHelp,please cancel my order order number and process a full refund immediately.
100894,"@AmazonHelp Charged $138.50 annual subscription fee by mistake, please reverse this charge.","Sorry for the unexpected charge! If you did not intend to renew Prime, please DM us your email and we can help reverse eligible fees.",Mon Oct 16 22:47:00 +0000 2017,AmazonHelp,"charged currency amount annual subscription fee by mistake, please reverse this charge."
100896,@AmazonHelp Why was my credit card charged $44.50 when my order total was only $15.00?,We apologize for the billing confusion. Please reach out via DM with the last 4 digits of the card and transaction date so we can inspect.,Wed Oct 04 13:02:00 +0000 2017,AmazonHelp,why was my credit card charged currency amount when my order total was only currency amount ?
100898,"@AmazonHelp Where is my package? Order #933-7357071-6492998 was supposed to arrive 2 days ago, still nothing!","Hello! We apologize for the delivery issue with #933-7357071-6492998. Please check around your porch/neighbors, and if still missing, DM us your account email.",Sun Oct 08 04:00:00 +0000 2017,AmazonHelp,"where is my package? order order number was supposed to arrive 2 days ago, still nothing!"
100900,@AmazonHelp Lost access to my old phone number and now 2FA won't let me log into my account.,"Hi! For your security, please don't share passwords publicly. Please visit amzn.to/account-recovery or DM us to begin identity verification.",Sun Oct 01 17:53:00 +0000 2017,AmazonHelp,lost access to my old phone number and now 2fa won't let me log into my account.
100902,@AmazonHelp Amazon customer service never disappoints. Replaced my broken item with no hassle. Thanks!,Thank you so much for the kind words! We love hearing this and will pass your compliments along to the team. Have a wonderful day!,Mon Oct 02 19:04:00 +0000 2017,AmazonHelp,amazon customer service never disappoints. replaced my broken item with no hassle. thanks!
100904,"@AmazonHelp Received broken item in order #704-7614724-6337290. I want my money back, not a replacement.",We're sorry for the delay in your refund! Please reach out to us in DM with order #704-7614724-6337290 and your email address so we can review the return.,Sat Oct 07 16:55:00 +0000 2017,AmazonHelp,"received broken item in order order number . i want my money back, not a replacement."
100906,@AmazonHelp Locked out of my account. The OTP verification code is not being sent to my phone.,"Hi! For your security, please don't share passwords publicly. Please visit amzn.to/account-recovery or DM us to begin identity verification.",Mon Oct 02 02:10:00 +0000 2017,AmazonHelp,locked out of my account. the otp verification code is not being sent to my phone.
100908,"@AmazonHelp Wishlist won't let me remove deleted items, says 'Failed to update wishlist'.",We apologize for the technical glitch! Our technical team is monitoring site stability. Please send us a DM with a screenshot if the error continues.,Tue Oct 24 13:26:00 +0000 2017,AmazonHelp,"wishlist won't let me remove deleted items, says 'failed to update wishlist'."
100910,"@AmazonHelp Help! Account locked due to too many failed attempts, how do I unlock it?",We're sorry you're having trouble accessing your account. Please send us a DM so we can securely guide you through the two-step verification reset.,Tue Oct 24 05:02:00 +0000 2017,AmazonHelp,"help! account locked due to too many failed attempts, how do i unlock it?"
100912,@AmazonHelp Need a refund for #659-7156735-1561397. Sent back via drop-off locker 5 days ago.,"Hello! Once an item is received at our fulfillment center, refunds usually take 3-5 business days. Please DM us your order #659-7156735-1561397 to check status.",Wed Oct 25 07:59:00 +0000 2017,AmazonHelp,need a refund for order number . sent back via drop-off locker 5 days ago.
100914,@AmazonHelp Unable to sign in to my account from my new laptop. Says suspicious activity detected.,"Hi! For your security, please don't share passwords publicly. Please visit amzn.to/account-recovery or DM us to begin identity verification.",Wed Oct 25 17:24:00 +0000 2017,AmazonHelp,unable to sign in to my account from my new laptop. says suspicious activity detected.
100916,"@AmazonHelp My account was compromised or hacked, someone changed the email on file. Need help urgently!","Hi! For your security, please don't share passwords publicly. Please visit amzn.to/account-recovery or DM us to begin identity verification.",Sat Oct 28 13:47:00 +0000 2017,AmazonHelp,"my account was compromised or hacked, someone changed the email on file. need help urgently!"
100918,@AmazonHelp Your iOS app keeps crashing every time I tap the checkout button. Version 18.2.,"Hello! Please try accessing the site in an incognito window or restarting your device. If the bug persists, DM us your app version and device model.",Mon Oct 02 14:50:00 +0000 2017,AmazonHelp,your ios app keeps crashing every time i tap the checkout button. version 18.2.
100920,@AmazonHelp Unable to sign in to my account from my new laptop. Says suspicious activity detected.,"Hello! If you suspect unauthorized access, please visit amzn.to/security immediately. You can also DM us your associated phone or email.",Fri Oct 13 01:40:00 +0000 2017,AmazonHelp,unable to sign in to my account from my new laptop. says suspicious activity detected.
100922,"@AmazonHelp The mobile app is not loading product images, just showing blank white boxes.",We're sorry for the app crash. Please ensure you are running the latest app update. DM us if you need further technical troubleshooting.,Wed Oct 25 09:03:00 +0000 2017,AmazonHelp,"the mobile app is not loading product images, just showing blank white boxes."
100924,"@AmazonHelp Received broken item in order #186-3433874-3586212. I want my money back, not a replacement.",Apologies for the inconvenience! Please DM us your account details so we can check on return #186-3433874-3586212 and expedite your refund.,Sun Oct 08 23:44:00 +0000 2017,AmazonHelp,"received broken item in order order number . i want my money back, not a replacement."
100926,@AmazonHelp Why was my credit card charged $179.99 when my order total was only $29.00?,"Sorry for the unexpected charge! If you did not intend to renew Prime, please DM us your email and we can help reverse eligible fees.",Mon Oct 23 01:11:00 +0000 2017,AmazonHelp,why was my credit card charged currency amount when my order total was only currency amount ?
100928,"@AmazonHelp Every time I try to log in, it loops back to the login screen without an error message.","Hi! For your security, please don't share passwords publicly. Please visit amzn.to/account-recovery or DM us to begin identity verification.",Sat Oct 21 19:14:00 +0000 2017,AmazonHelp,"every time i try to log in, it loops back to the login screen without an error message."
100930,@AmazonHelp Can you explain the invoice breakdown for #642-1688161-2633502? There's an extra charge of $249.99.,We apologize for the billing confusion. Please reach out via DM with the last 4 digits of the card and transaction date so we can inspect.,Thu Oct 05 20:21:00 +0000 2017,AmazonHelp,can you explain the invoice breakdown for order number ? there's an extra charge of currency amount .
100932,@AmazonHelp Payment declined on my card even though there are sufficient funds available.,Hi! We'd be glad to look into this charge for you. Please send us a DM with the date and amount so we can locate the transaction securely.,Sun Oct 01 18:16:00 +0000 2017,AmazonHelp,payment declined on my card even though there are sufficient funds available.
100934,@AmazonHelp Package #200-9812472-2743274 has been stuck in transit in transit hub for over 48 hours. What gives?,"Hello! We apologize for the delivery issue with #200-9812472-2743274. Please check around your porch/neighbors, and if still missing, DM us your account email.",Mon Oct 02 10:54:00 +0000 2017,AmazonHelp,package order number has been stuck in transit in transit hub for over 48 hours. what gives?
100936,@AmazonHelp shipment #708-4637715-3043299 is delayed by 3 days already. Any update on when it will arrive?,"Hi there, we're sorry to hear your order #708-4637715-3043299 is delayed! Please send us a DM at amzn.to/help with your details so we can investigate.",Mon Oct 09 18:16:00 +0000 2017,AmazonHelp,shipment order number is delayed by 3 days already. any update on when it will arrive?
100938,@AmazonHelp I was told my refund of $85.50 for order #776-2270273-8607523 would be in my account in 3-5 days. It's been 10 days.,"Hello! Once an item is received at our fulfillment center, refunds usually take 3-5 business days. Please DM us your order #776-2270273-8607523 to check status.",Wed Oct 04 05:09:00 +0000 2017,AmazonHelp,i was told my refund of currency amount for order order number would be in my account in 3-5 days. it's been 10 days.
100940,@AmazonHelp Charged for an item I sent back last Monday. When will my refund of $60.50 arrive?,We're sorry for the delay in your refund! Please reach out to us in DM with order #161-5332524-5440339 and your email address so we can review the return.,Mon Oct 23 18:28:00 +0000 2017,AmazonHelp,charged for an item i sent back last monday. when will my refund of currency amount arrive?
100942,"@AmazonHelp Where is my package? Order #887-8235234-4663917 was supposed to arrive yesterday, still nothing!","Hi there, we're sorry to hear your order #887-8235234-4663917 is delayed! Please send us a DM at amzn.to/help with your details so we can investigate.",Fri Oct 27 09:04:00 +0000 2017,AmazonHelp,"where is my package? order order number was supposed to arrive yesterday, still nothing!"
100944,@AmazonHelp Search bar on the website is completely unresponsive on Chrome desktop.,"Hello! Please try accessing the site in an incognito window or restarting your device. If the bug persists, DM us your app version and device model.",Fri Oct 27 12:40:00 +0000 2017,AmazonHelp,search bar on the website is completely unresponsive on chrome desktop.
100946,"@AmazonHelp Two-factor authentication is failing, says invalid token even though it's correct.","Hi! For your security, please don't share passwords publicly. Please visit amzn.to/account-recovery or DM us to begin identity verification.",Mon Oct 23 07:33:00 +0000 2017,AmazonHelp,"two-factor authentication is failing, says invalid token even though it's correct."
100948,@AmazonHelp Payment declined on my card even though there are sufficient funds available.,Hi! We'd be glad to look into this charge for you. Please send us a DM with the date and amount so we can locate the transaction securely.,Sun Oct 22 07:03:00 +0000 2017,AmazonHelp,payment declined on my card even though there are sufficient funds available.
100950,@AmazonHelp Payment declined on my card even though there are sufficient funds available.,"Sorry for the unexpected charge! If you did not intend to renew Prime, please DM us your email and we can help reverse eligible fees.",Sat Oct 21 07:24:00 +0000 2017,AmazonHelp,payment declined on my card even though there are sufficient funds available.
100952,@AmazonHelp Can someone check on order #297-1425547-5001116? It's a birthday gift and now it's late.,"Hi there, we're sorry to hear your order #297-1425547-5001116 is delayed! Please send us a DM at amzn.to/help with your details so we can investigate.",Mon Oct 16 19:36:00 +0000 2017,AmazonHelp,can someone check on order order number ? it's a birthday gift and now it's late.
100954,@AmazonHelp I was told my refund of $45.49 for order #838-1718308-7803292 would be in my account in 3-5 days. It's been 10 days.,We're sorry for the delay in your refund! Please reach out to us in DM with order #838-1718308-7803292 and your email address so we can review the return.,Tue Oct 03 01:17:00 +0000 2017,AmazonHelp,i was told my refund of currency amount for order order number would be in my account in 3-5 days. it's been 10 days.
100956,@AmazonHelp Unable to sign in to my account from my new laptop. Says suspicious activity detected.,"Hi! For your security, please don't share passwords publicly. Please visit amzn.to/account-recovery or DM us to begin identity verification.",Mon Oct 09 03:27:00 +0000 2017,AmazonHelp,unable to sign in to my account from my new laptop. says suspicious activity detected.
100958,@AmazonHelp Ordered express next-day delivery on #937-2783941-2915617 and it still hasn't shipped!,So sorry for the delay on #937-2783941-2915617! Please DM us your order details and we will check the transit status directly for you.,Fri Oct 06 20:57:00 +0000 2017,AmazonHelp,ordered express next-day delivery on order number and it still hasn't shipped!
100960,@AmazonHelp Unable to sign in to my account from my new laptop. Says suspicious activity detected.,We're sorry you're having trouble accessing your account. Please send us a DM so we can securely guide you through the two-step verification reset.,Fri Oct 20 06:28:00 +0000 2017,AmazonHelp,unable to sign in to my account from my new laptop. says suspicious activity detected.
100962,"@AmazonHelp Charged $77.00 annual subscription fee by mistake, please reverse this charge.","Hello, duplicate charges are often pending authorizations that drop off in 2-3 business days. Please DM us your order #666-3768343-8359513 to confirm.",Mon Oct 23 12:54:00 +0000 2017,AmazonHelp,"charged currency amount annual subscription fee by mistake, please reverse this charge."
100964,@AmazonHelp shipment #283-2495541-5760225 is delayed by 3 days already. Any update on when it will arrive?,We understand your concern regarding order #283-2495541-5760225. Please drop us a DM with your tracking link and postal code so we can check with the carrier.,Sat Oct 21 20:59:00 +0000 2017,AmazonHelp,shipment order number is delayed by 3 days already. any update on when it will arrive?
100966,@AmazonHelp Ordered express next-day delivery on #278-1631179-4019906 and it still hasn't shipped!,So sorry for the delay on #278-1631179-4019906! Please DM us your order details and we will check the transit status directly for you.,Thu Oct 26 18:11:00 +0000 2017,AmazonHelp,ordered express next-day delivery on order number and it still hasn't shipped!
100968,"@AmazonHelp Where is my package? Order #642-2605308-7071696 was supposed to arrive this morning, still nothing!","Hello! We apologize for the delivery issue with #642-2605308-7071696. Please check around your porch/neighbors, and if still missing, DM us your account email.",Sun Oct 08 04:00:00 +0000 2017,AmazonHelp,"where is my package? order order number was supposed to arrive this morning, still nothing!"
100970,@AmazonHelp Unable to sign in to my account from my new laptop. Says suspicious activity detected.,"Hello! If you suspect unauthorized access, please visit amzn.to/security immediately. You can also DM us your associated phone or email.",Sat Oct 21 23:58:00 +0000 2017,AmazonHelp,unable to sign in to my account from my new laptop. says suspicious activity detected.
100972,@AmazonHelp Carrier marked order #153-3950904-3651565 as delivered at front door but there is no package anywhere.,So sorry for the delay on #153-3950904-3651565! Please DM us your order details and we will check the transit status directly for you.,Fri Oct 27 18:16:00 +0000 2017,AmazonHelp,carrier marked order order number as delivered at front door but there is no package anywhere.
100974,"@AmazonHelp Received broken item in order #865-6464086-4859820. I want my money back, not a replacement.",Apologies for the inconvenience! Please DM us your account details so we can check on return #865-6464086-4859820 and expedite your refund.,Wed Oct 18 11:11:00 +0000 2017,AmazonHelp,"received broken item in order order number . i want my money back, not a replacement."
100976,@AmazonHelp Can someone check on order #699-9127012-1911663? It's a birthday gift and now it's late.,"Hello! We apologize for the delivery issue with #699-9127012-1911663. Please check around your porch/neighbors, and if still missing, DM us your account email.",Wed Oct 18 08:57:00 +0000 2017,AmazonHelp,can someone check on order order number ? it's a birthday gift and now it's late.
100978,@AmazonHelp Locked out of my account. The OTP verification code is not being sent to my phone.,"Hello! If you suspect unauthorized access, please visit amzn.to/security immediately. You can also DM us your associated phone or email.",Fri Oct 06 10:22:00 +0000 2017,AmazonHelp,locked out of my account. the otp verification code is not being sent to my phone.
100980,"@AmazonHelp My account was compromised or hacked, someone changed the email on file. Need help urgently!",We're sorry you're having trouble accessing your account. Please send us a DM so we can securely guide you through the two-step verification reset.,Fri Oct 20 02:41:00 +0000 2017,AmazonHelp,"my account was compromised or hacked, someone changed the email on file. need help urgently!"
100982,"@AmazonHelp Two-factor authentication is failing, says invalid token even though it's correct.","Hello! If you suspect unauthorized access, please visit amzn.to/security immediately. You can also DM us your associated phone or email.",Fri Oct 27 17:56:00 +0000 2017,AmazonHelp,"two-factor authentication is failing, says invalid token even though it's correct."
100984,@AmazonHelp WORST CUSTOMER SERVICE EVER! Representative hung up on me after waiting 45 minutes on hold!,This is definitely not the experience we want for our customers. Please reach out in DM with your contact information so an escalation manager can connect with you.,Thu Oct 19 07:43:00 +0000 2017,AmazonHelp,worst customer service ever! representative hung up on me after waiting 45 minutes on hold!
100986,@AmazonHelp What is the return window for holiday purchases made in November?,Hello! Most electronics purchased from authorized sellers include standard warranty. Please DM us the product ASIN to check details.,Sat Oct 14 20:05:00 +0000 2017,AmazonHelp,what is the return window for holiday purchases made in november?
100988,@AmazonHelp I was charged $186.99 twice for order #192-1267263-9049422. Please check your billing system.,"Sorry for the unexpected charge! If you did not intend to renew Prime, please DM us your email and we can help reverse eligible fees.",Sat Oct 07 16:25:00 +0000 2017,AmazonHelp,i was charged currency amount twice for order order number . please check your billing system.
100990,@AmazonHelp Ordered express next-day delivery on #992-7214624-8789590 and it still hasn't shipped!,"Hi there, we're sorry to hear your order #992-7214624-8789590 is delayed! Please send us a DM at amzn.to/help with your details so we can investigate.",Fri Oct 20 18:12:00 +0000 2017,AmazonHelp,ordered express next-day delivery on order number and it still hasn't shipped!
100992,@AmazonHelp Payment declined on my card even though there are sufficient funds available.,Hi! We'd be glad to look into this charge for you. Please send us a DM with the date and amount so we can locate the transaction securely.,Wed Oct 18 19:18:00 +0000 2017,AmazonHelp,payment declined on my card even though there are sufficient funds available.
100994,@AmazonHelp Lost access to my old phone number and now 2FA won't let me log into my account.,We're sorry you're having trouble accessing your account. Please send us a DM so we can securely guide you through the two-step verification reset.,Fri Oct 06 13:03:00 +0000 2017,AmazonHelp,lost access to my old phone number and now 2fa won't let me log into my account.
100996,@AmazonHelp Locked out of my account. The OTP verification code is not being sent to my phone.,"Hi! For your security, please don't share passwords publicly. Please visit amzn.to/account-recovery or DM us to begin identity verification.",Tue Oct 17 02:05:00 +0000 2017,AmazonHelp,locked out of my account. the otp verification code is not being sent to my phone.
100998,"@AmazonHelp Two-factor authentication is failing, says invalid token even though it's correct.","Hi there, please ensure SMS isn't blocked by your carrier, or try clearing browser cache. If the issue persists, send us a DM.",Thu Oct 05 00:35:00 +0000 2017,AmazonHelp,"two-factor authentication is failing, says invalid token even though it's correct."
101000,@AmazonHelp You have lied to me three times about my delivery. I am reporting this fraud to the Better Business Bureau.,We are very sorry to hear this and take feedback like this seriously. Please send us a direct message with your account details and phone number so we can escalate to a supervisor.,Mon Oct 02 09:48:00 +0000 2017,AmazonHelp,you have lied to me three times about my delivery. i am reporting this fraud to the better business bureau.
101002,"@AmazonHelp Received broken item in order #798-3215051-8950805. I want my money back, not a replacement.","Hello! Once an item is received at our fulfillment center, refunds usually take 3-5 business days. Please DM us your order #798-3215051-8950805 to check status.",Wed Oct 11 22:46:00 +0000 2017,AmazonHelp,"received broken item in order order number . i want my money back, not a replacement."
101004,@AmazonHelp Why was my credit card charged $139.50 when my order total was only $19.99?,We apologize for the billing confusion. Please reach out via DM with the last 4 digits of the card and transaction date so we can inspect.,Fri Oct 13 05:00:00 +0000 2017,AmazonHelp,why was my credit card charged currency amount when my order total was only currency amount ?
101006,"@AmazonHelp My account was compromised or hacked, someone changed the email on file. Need help urgently!","Hello! If you suspect unauthorized access, please visit amzn.to/security immediately. You can also DM us your associated phone or email.",Mon Oct 09 08:33:00 +0000 2017,AmazonHelp,"my account was compromised or hacked, someone changed the email on file. need help urgently!"
101008,@AmazonHelp Getting 'An unexpected error occurred' whenever I try to add items to my shopping cart.,"Hello! Please try accessing the site in an incognito window or restarting your device. If the bug persists, DM us your app version and device model.",Tue Oct 10 17:06:00 +0000 2017,AmazonHelp,getting 'an unexpected error occurred' whenever i try to add items to my shopping cart.
101010,@AmazonHelp Getting 'An unexpected error occurred' whenever I try to add items to my shopping cart.,"Hi! Thanks for bringing this to our attention. Have you tried reinstalling the app or clearing your cache? If so, please DM us your device OS version.",Thu Oct 19 18:54:00 +0000 2017,AmazonHelp,getting 'an unexpected error occurred' whenever i try to add items to my shopping cart.
101012,@AmazonHelp Getting 'An unexpected error occurred' whenever I try to add items to my shopping cart.,We apologize for the technical glitch! Our technical team is monitoring site stability. Please send us a DM with a screenshot if the error continues.,Fri Oct 27 02:24:00 +0000 2017,AmazonHelp,getting 'an unexpected error occurred' whenever i try to add items to my shopping cart.
101014,"@AmazonHelp Received broken item in order #215-9035971-1672446. I want my money back, not a replacement.",Apologies for the inconvenience! Please DM us your account details so we can check on return #215-9035971-1672446 and expedite your refund.,Thu Oct 05 14:01:00 +0000 2017,AmazonHelp,"received broken item in order order number . i want my money back, not a replacement."
101016,@AmazonHelp Can someone check on order #756-4274069-9832094? It's a birthday gift and now it's late.,"Hi there, we're sorry to hear your order #756-4274069-9832094 is delayed! Please send us a DM at amzn.to/help with your details so we can investigate.",Thu Oct 19 07:49:00 +0000 2017,AmazonHelp,can someone check on order order number ? it's a birthday gift and now it's late.
101018,@AmazonHelp Lost access to my old phone number and now 2FA won't let me log into my account.,"Hi there, please ensure SMS isn't blocked by your carrier, or try clearing browser cache. If the issue persists, send us a DM.",Sun Oct 01 22:19:00 +0000 2017,AmazonHelp,lost access to my old phone number and now 2fa won't let me log into my account.
101020,@AmazonHelp How long does it take for a refund to process to my original payment method for return #415-8475525-2469661?,We're sorry for the delay in your refund! Please reach out to us in DM with order #415-8475525-2469661 and your email address so we can review the return.,Fri Oct 20 15:57:00 +0000 2017,AmazonHelp,how long does it take for a refund to process to my original payment method for return order number ?
101022,@AmazonHelp Tracking status says delivery attempted but nobody buzzed or knocked. Order #701-2444148-3409867.,"Hi there, we're sorry to hear your order #701-2444148-3409867 is delayed! Please send us a DM at amzn.to/help with your details so we can investigate.",Fri Oct 20 00:15:00 +0000 2017,AmazonHelp,tracking status says delivery attempted but nobody buzzed or knocked. order order number .
101024,@AmazonHelp Your support agent was extremely rude and unhelpful. Disgraceful treatment of a 10-year customer.,This is definitely not the experience we want for our customers. Please reach out in DM with your contact information so an escalation manager can connect with you.,Sun Oct 15 02:52:00 +0000 2017,AmazonHelp,your support agent was extremely rude and unhelpful. disgraceful treatment of a 10-year customer.
101026,@AmazonHelp Need a refund for #672-8775431-4766824. Sent back via drop-off locker 5 days ago.,"Hello! Once an item is received at our fulfillment center, refunds usually take 3-5 business days. Please DM us your order #672-8775431-4766824 to check status.",Sat Oct 14 11:14:00 +0000 2017,AmazonHelp,need a refund for order number . sent back via drop-off locker 5 days ago.
101028,@AmazonHelp Ordered express next-day delivery on #804-5106228-1477187 and it still hasn't shipped!,So sorry for the delay on #804-5106228-1477187! Please DM us your order details and we will check the transit status directly for you.,Sat Oct 21 05:19:00 +0000 2017,AmazonHelp,ordered express next-day delivery on order number and it still hasn't shipped!
101030,@AmazonHelp I was charged $146.00 twice for order #587-3006281-7261294. Please check your billing system.,"Hello, duplicate charges are often pending authorizations that drop off in 2-3 business days. Please DM us your order #587-3006281-7261294 to confirm.",Sun Oct 22 08:35:00 +0000 2017,AmazonHelp,i was charged currency amount twice for order order number . please check your billing system.
101032,@AmazonHelp Please cancel my order #154-5574649-7059317 and process a full refund immediately.,We're sorry for the delay in your refund! Please reach out to us in DM with order #154-5574649-7059317 and your email address so we can review the return.,Mon Oct 09 17:10:00 +0000 2017,AmazonHelp,please cancel my order order number and process a full refund immediately.
101034,@AmazonHelp Payment declined on my card even though there are sufficient funds available.,"Hello, duplicate charges are often pending authorizations that drop off in 2-3 business days. Please DM us your order #271-6412444-6305130 to confirm.",Sat Oct 07 14:36:00 +0000 2017,AmazonHelp,payment declined on my card even though there are sufficient funds available.
101036,"@AmazonHelp Received broken item in order #897-9135255-7912120. I want my money back, not a replacement.",We're sorry for the delay in your refund! Please reach out to us in DM with order #897-9135255-7912120 and your email address so we can review the return.,Thu Oct 26 19:13:00 +0000 2017,AmazonHelp,"received broken item in order order number . i want my money back, not a replacement."
101038,@AmazonHelp I was charged $121.50 twice for order #638-9927083-2912044. Please check your billing system.,"Sorry for the unexpected charge! If you did not intend to renew Prime, please DM us your email and we can help reverse eligible fees.",Sun Oct 15 13:20:00 +0000 2017,AmazonHelp,i was charged currency amount twice for order order number . please check your billing system.
101040,@AmazonHelp shipment #552-9776515-6738565 is delayed by 3 days already. Any update on when it will arrive?,"Hello! We apologize for the delivery issue with #552-9776515-6738565. Please check around your porch/neighbors, and if still missing, DM us your account email.",Wed Oct 11 16:29:00 +0000 2017,AmazonHelp,shipment order number is delayed by 3 days already. any update on when it will arrive?
101042,@AmazonHelp Tracking status says delivery attempted but nobody buzzed or knocked. Order #233-2318772-8127046.,"Hi there, we're sorry to hear your order #233-2318772-8127046 is delayed! Please send us a DM at amzn.to/help with your details so we can investigate.",Fri Oct 06 06:46:00 +0000 2017,AmazonHelp,tracking status says delivery attempted but nobody buzzed or knocked. order order number .
101044,@AmazonHelp Your iOS app keeps crashing every time I tap the checkout button. Version 18.2.,"Hi! Thanks for bringing this to our attention. Have you tried reinstalling the app or clearing your cache? If so, please DM us your device OS version.",Sat Oct 07 00:13:00 +0000 2017,AmazonHelp,your ios app keeps crashing every time i tap the checkout button. version 18.2.
101046,@AmazonHelp Ordered express next-day delivery on #304-4100124-6897756 and it still hasn't shipped!,We understand your concern regarding order #304-4100124-6897756. Please drop us a DM with your tracking link and postal code so we can check with the carrier.,Tue Oct 24 03:50:00 +0000 2017,AmazonHelp,ordered express next-day delivery on order number and it still hasn't shipped!
101048,@AmazonHelp Package #683-2146505-2662717 has been stuck in transit in transit hub for over 48 hours. What gives?,"Hello! We apologize for the delivery issue with #683-2146505-2662717. Please check around your porch/neighbors, and if still missing, DM us your account email.",Wed Oct 25 19:42:00 +0000 2017,AmazonHelp,package order number has been stuck in transit in transit hub for over 48 hours. what gives?
101050,@AmazonHelp Thank you so much for the quick replacement on order #201-4590582-9458992. You guys are the best!,"We're thrilled to hear Sarah was able to help! Thank you for choosing us, and please don't hesitate to reach out if you ever need anything else.",Tue Oct 17 12:34:00 +0000 2017,AmazonHelp,thank you so much for the quick replacement on order order number . you guys are the best!
101052,@AmazonHelp I was told my refund of $43.99 for order #626-4817726-7838023 would be in my account in 3-5 days. It's been 10 days.,Apologies for the inconvenience! Please DM us your account details so we can check on return #626-4817726-7838023 and expedite your refund.,Tue Oct 17 19:35:00 +0000 2017,AmazonHelp,i was told my refund of currency amount for order order number would be in my account in 3-5 days. it's been 10 days.
101054,@AmazonHelp Unable to sign in to my account from my new laptop. Says suspicious activity detected.,"Hi there, please ensure SMS isn't blocked by your carrier, or try clearing browser cache. If the issue persists, send us a DM.",Thu Oct 26 14:02:00 +0000 2017,AmazonHelp,unable to sign in to my account from my new laptop. says suspicious activity detected.
101056,@AmazonHelp I was told my refund of $234.00 for order #975-8180005-4167286 would be in my account in 3-5 days. It's been 10 days.,"Hello! Once an item is received at our fulfillment center, refunds usually take 3-5 business days. Please DM us your order #975-8180005-4167286 to check status.",Mon Oct 23 18:01:00 +0000 2017,AmazonHelp,i was told my refund of currency amount for order order number would be in my account in 3-5 days. it's been 10 days.
101058,@AmazonHelp Please cancel my order #635-2426162-3000143 and process a full refund immediately.,Hi! We want to help get this sorted. Please send us a direct message with order #635-2426162-3000143 and return tracking number so we can verify with our billing team.,Mon Oct 16 18:53:00 +0000 2017,AmazonHelp,please cancel my order order number and process a full refund immediately.
101060,@AmazonHelp Can you explain the invoice breakdown for #513-3059607-4906904? There's an extra charge of $229.50.,"Sorry for the unexpected charge! If you did not intend to renew Prime, please DM us your email and we can help reverse eligible fees.",Mon Oct 23 00:44:00 +0000 2017,AmazonHelp,can you explain the invoice breakdown for order number ? there's an extra charge of currency amount .
101062,@AmazonHelp Just noticed an unauthorized charge of $86.49 for Prime membership that I never authorized.,We apologize for the billing confusion. Please reach out via DM with the last 4 digits of the card and transaction date so we can inspect.,Tue Oct 24 00:10:00 +0000 2017,AmazonHelp,just noticed an unauthorized charge of currency amount for prime membership that i never authorized.
101064,@AmazonHelp Why was my credit card charged $203.00 when my order total was only $7.99?,"Sorry for the unexpected charge! If you did not intend to renew Prime, please DM us your email and we can help reverse eligible fees.",Mon Oct 16 06:08:00 +0000 2017,AmazonHelp,why was my credit card charged currency amount when my order total was only currency amount ?
101066,@AmazonHelp How long does it take for a refund to process to my original payment method for return #738-2616210-2283746?,Apologies for the inconvenience! Please DM us your account details so we can check on return #738-2616210-2283746 and expedite your refund.,Tue Oct 24 08:23:00 +0000 2017,AmazonHelp,how long does it take for a refund to process to my original payment method for return order number ?
101068,"@AmazonHelp Every time I try to log in, it loops back to the login screen without an error message.","Hi there, please ensure SMS isn't blocked by your carrier, or try clearing browser cache. If the issue persists, send us a DM.",Tue Oct 03 00:19:00 +0000 2017,AmazonHelp,"every time i try to log in, it loops back to the login screen without an error message."
101070,@AmazonHelp Can someone check on order #775-6084244-3753883? It's a birthday gift and now it's late.,"Hi there, we're sorry to hear your order #775-6084244-3753883 is delayed! Please send us a DM at amzn.to/help with your details so we can investigate.",Mon Oct 23 16:49:00 +0000 2017,AmazonHelp,can someone check on order order number ? it's a birthday gift and now it's late.
101072,@AmazonHelp Unable to sign in to my account from my new laptop. Says suspicious activity detected.,"Hi there, please ensure SMS isn't blocked by your carrier, or try clearing browser cache. If the issue persists, send us a DM.",Wed Oct 18 13:40:00 +0000 2017,AmazonHelp,unable to sign in to my account from my new laptop. says suspicious activity detected.
101074,@AmazonHelp Payment declined on my card even though there are sufficient funds available.,We apologize for the billing confusion. Please reach out via DM with the last 4 digits of the card and transaction date so we can inspect.,Fri Oct 27 22:51:00 +0000 2017,AmazonHelp,payment declined on my card even though there are sufficient funds available.
101076,@AmazonHelp The video streaming player on Prime Video keeps stuttering and buffering on my Smart TV.,"Hi! Thanks for bringing this to our attention. Have you tried reinstalling the app or clearing your cache? If so, please DM us your device OS version.",Thu Oct 12 11:46:00 +0000 2017,AmazonHelp,the video streaming player on prime video keeps stuttering and buffering on my smart tv.
101078,"@AmazonHelp Where is my package? Order #419-2425085-2098911 was supposed to arrive 2 days ago, still nothing!",We understand your concern regarding order #419-2425085-2098911. Please drop us a DM with your tracking link and postal code so we can check with the carrier.,Sun Oct 22 08:27:00 +0000 2017,AmazonHelp,"where is my package? order order number was supposed to arrive 2 days ago, still nothing!"
101080,@AmazonHelp Do you ship internationally to Germany and what are the customs fees?,"Hi there! Yes, Amazon gift cards can be applied to Kindle digital purchases. Check out amzn.to/giftcard-faq for more information.",Fri Oct 27 07:59:00 +0000 2017,AmazonHelp,do you ship internationally to germany and what are the customs fees?
101082,@AmazonHelp Return status says received at warehouse but refund not initiated for #200-9193298-2678672. Please help.,We're sorry for the delay in your refund! Please reach out to us in DM with order #200-9193298-2678672 and your email address so we can review the return.,Sun Oct 15 00:10:00 +0000 2017,AmazonHelp,return status says received at warehouse but refund not initiated for order number . please help.
101084,@AmazonHelp Your support team went above and beyond today. Thank you for the courteous and prompt help!,Hearing this makes our day! Thank you for your feedback and support. We're always here to help!,Wed Oct 11 15:44:00 +0000 2017,AmazonHelp,your support team went above and beyond today. thank you for the courteous and prompt help!
101086,"@AmazonHelp The mobile app is not loading product images, just showing blank white boxes.","Hello! Please try accessing the site in an incognito window or restarting your device. If the bug persists, DM us your app version and device model.",Wed Oct 04 20:45:00 +0000 2017,AmazonHelp,"the mobile app is not loading product images, just showing blank white boxes."
101088,@AmazonHelp Do you offer student discounts on annual Prime memberships?,"Hello! Our standard return policy is 30 days, but extended holiday return windows often apply. Let us know if you have a specific item in mind!",Thu Oct 26 07:06:00 +0000 2017,AmazonHelp,do you offer student discounts on annual prime memberships?
101090,@AmazonHelp I demand an immediate escalation to executive customer relations. No more generic bot answers!,We sincerely apologize for this distressing experience. This is certainly not the level of service we aim to provide. Please DM us immediately so a senior specialist can assist.,Tue Oct 10 12:10:00 +0000 2017,AmazonHelp,i demand an immediate escalation to executive customer relations. no more generic bot answers!
101092,"@AmazonHelp Two-factor authentication is failing, says invalid token even though it's correct.","Hi there, please ensure SMS isn't blocked by your carrier, or try clearing browser cache. If the issue persists, send us a DM.",Sat Oct 14 10:32:00 +0000 2017,AmazonHelp,"two-factor authentication is failing, says invalid token even though it's correct."
101094,@AmazonHelp Carrier marked order #803-4961601-7809300 as delivered at front door but there is no package anywhere.,We understand your concern regarding order #803-4961601-7809300. Please drop us a DM with your tracking link and postal code so we can check with the carrier.,Mon Oct 23 11:11:00 +0000 2017,AmazonHelp,carrier marked order order number as delivered at front door but there is no package anywhere.
101096,@AmazonHelp Your support team went above and beyond today. Thank you for the courteous and prompt help!,"We're thrilled to hear Sarah was able to help! Thank you for choosing us, and please don't hesitate to reach out if you ever need anything else.",Tue Oct 03 07:08:00 +0000 2017,AmazonHelp,your support team went above and beyond today. thank you for the courteous and prompt help!
101098,@AmazonHelp Website gives error 500 internal server error when trying to view my order history.,We're sorry for the app crash. Please ensure you are running the latest app update. DM us if you need further technical troubleshooting.,Sat Oct 07 18:32:00 +0000 2017,AmazonHelp,website gives error 500 internal server error when trying to view my order history.
101100,@AmazonHelp My tracking says delivered but I have not received anything for order #852-9392777-3024047!,We understand your concern regarding order #852-9392777-3024047. Please drop us a DM with your tracking link and postal code so we can check with the carrier.,Fri Oct 27 23:15:00 +0000 2017,AmazonHelp,my tracking says delivered but i have not received anything for order order number !
101102,@AmazonHelp Do you offer student discounts on annual Prime memberships?,"Hello! Our standard return policy is 30 days, but extended holiday return windows often apply. Let us know if you have a specific item in mind!",Thu Oct 12 22:47:00 +0000 2017,AmazonHelp,do you offer student discounts on annual prime memberships?
101104,@AmazonHelp shipment #646-7286506-2895176 is delayed by 3 days already. Any update on when it will arrive?,We understand your concern regarding order #646-7286506-2895176. Please drop us a DM with your tracking link and postal code so we can check with the carrier.,Wed Oct 18 02:41:00 +0000 2017,AmazonHelp,shipment order number is delayed by 3 days already. any update on when it will arrive?
101106,@AmazonHelp Ordered express next-day delivery on #720-1584005-1917249 and it still hasn't shipped!,"Hi there, we're sorry to hear your order #720-1584005-1917249 is delayed! Please send us a DM at amzn.to/help with your details so we can investigate.",Thu Oct 12 03:12:00 +0000 2017,AmazonHelp,ordered express next-day delivery on order number and it still hasn't shipped!
101108,@AmazonHelp Need a refund for #502-5287143-6048065. Sent back via drop-off locker 5 days ago.,Hi! We want to help get this sorted. Please send us a direct message with order #502-5287143-6048065 and return tracking number so we can verify with our billing team.,Thu Oct 19 20:47:00 +0000 2017,AmazonHelp,need a refund for order number . sent back via drop-off locker 5 days ago.
101110,@AmazonHelp I was told my refund of $203.50 for order #182-9249220-8903600 would be in my account in 3-5 days. It's been 10 days.,Hi! We want to help get this sorted. Please send us a direct message with order #182-9249220-8903600 and return tracking number so we can verify with our billing team.,Wed Oct 04 09:30:00 +0000 2017,AmazonHelp,i was told my refund of currency amount for order order number would be in my account in 3-5 days. it's been 10 days.
101112,@AmazonHelp Need a refund for #846-6482263-8604470. Sent back via drop-off locker 5 days ago.,We're sorry for the delay in your refund! Please reach out to us in DM with order #846-6482263-8604470 and your email address so we can review the return.,Thu Oct 19 14:38:00 +0000 2017,AmazonHelp,need a refund for order number . sent back via drop-off locker 5 days ago.
101114,"@AmazonHelp Charged $55.49 annual subscription fee by mistake, please reverse this charge.",We apologize for the billing confusion. Please reach out via DM with the last 4 digits of the card and transaction date so we can inspect.,Mon Oct 23 03:31:00 +0000 2017,AmazonHelp,"charged currency amount annual subscription fee by mistake, please reverse this charge."
101116,@AmazonHelp Charged for an item I sent back last Monday. When will my refund of $65.00 arrive?,Apologies for the inconvenience! Please DM us your account details so we can check on return #803-6495887-5727774 and expedite your refund.,Fri Oct 27 08:02:00 +0000 2017,AmazonHelp,charged for an item i sent back last monday. when will my refund of currency amount arrive?
101118,@AmazonHelp Tracking status says delivery attempted but nobody buzzed or knocked. Order #123-4837070-2492779.,So sorry for the delay on #123-4837070-2492779! Please DM us your order details and we will check the transit status directly for you.,Fri Oct 13 05:10:00 +0000 2017,AmazonHelp,tracking status says delivery attempted but nobody buzzed or knocked. order order number .
101120,@AmazonHelp My tracking says delivered but I have not received anything for order #476-3854188-2968815!,"Hello! We apologize for the delivery issue with #476-3854188-2968815. Please check around your porch/neighbors, and if still missing, DM us your account email.",Tue Oct 10 14:54:00 +0000 2017,AmazonHelp,my tracking says delivered but i have not received anything for order order number !
101122,"@AmazonHelp If my issue is not resolved today, I will be taking legal action with my attorney. Order #932-5466142-5831200.",We are very sorry to hear this and take feedback like this seriously. Please send us a direct message with your account details and phone number so we can escalate to a supervisor.,Sat Oct 14 06:05:00 +0000 2017,AmazonHelp,"if my issue is not resolved today, i will be taking legal action with my attorney. order order number ."
101124,@AmazonHelp Return status says received at warehouse but refund not initiated for #518-3448514-1482732. Please help.,Apologies for the inconvenience! Please DM us your account details so we can check on return #518-3448514-1482732 and expedite your refund.,Sun Oct 01 20:17:00 +0000 2017,AmazonHelp,return status says received at warehouse but refund not initiated for order number . please help.
101126,@AmazonHelp Package #431-7669861-4560421 has been stuck in transit in transit hub for over 48 hours. What gives?,"Hi there, we're sorry to hear your order #431-7669861-4560421 is delayed! Please send us a DM at amzn.to/help with your details so we can investigate.",Thu Oct 26 17:24:00 +0000 2017,AmazonHelp,package order number has been stuck in transit in transit hub for over 48 hours. what gives?
101128,@AmazonHelp Tracking status says delivery attempted but nobody buzzed or knocked. Order #340-8900934-6944195.,We understand your concern regarding order #340-8900934-6944195. Please drop us a DM with your tracking link and postal code so we can check with the carrier.,Wed Oct 18 06:08:00 +0000 2017,AmazonHelp,tracking status says delivery attempted but nobody buzzed or knocked. order order number .
101130,@AmazonHelp Thank you @AmazonHelp for resolving my billing query so smoothly today!,"We're thrilled to hear Sarah was able to help! Thank you for choosing us, and please don't hesitate to reach out if you ever need anything else.",Sun Oct 15 19:36:00 +0000 2017,AmazonHelp,thank you for resolving my billing query so smoothly today!
101132,@AmazonHelp Charged for an item I sent back last Monday. When will my refund of $26.49 arrive?,Hi! We want to help get this sorted. Please send us a direct message with order #366-2960284-6255791 and return tracking number so we can verify with our billing team.,Fri Oct 13 09:06:00 +0000 2017,AmazonHelp,charged for an item i sent back last monday. when will my refund of currency amount arrive?
101134,"@AmazonHelp Received broken item in order #268-6293931-9242223. I want my money back, not a replacement.",We're sorry for the delay in your refund! Please reach out to us in DM with order #268-6293931-9242223 and your email address so we can review the return.,Wed Oct 11 20:05:00 +0000 2017,AmazonHelp,"received broken item in order order number . i want my money back, not a replacement."
101136,@AmazonHelp Ordered express next-day delivery on #366-3743996-8837188 and it still hasn't shipped!,So sorry for the delay on #366-3743996-8837188! Please DM us your order details and we will check the transit status directly for you.,Mon Oct 23 19:29:00 +0000 2017,AmazonHelp,ordered express next-day delivery on order number and it still hasn't shipped!
101138,@AmazonHelp Can I use Amazon gift cards to purchase digital books on Kindle?,"Hi there! Yes, Amazon gift cards can be applied to Kindle digital purchases. Check out amzn.to/giftcard-faq for more information.",Sat Oct 28 00:43:00 +0000 2017,AmazonHelp,can i use amazon gift cards to purchase digital books on kindle?
101140,@AmazonHelp Payment declined on my card even though there are sufficient funds available.,Hi! We'd be glad to look into this charge for you. Please send us a DM with the date and amount so we can locate the transaction securely.,Fri Oct 06 22:15:00 +0000 2017,AmazonHelp,payment declined on my card even though there are sufficient funds available.
101142,@AmazonHelp How long does it take for a refund to process to my original payment method for return #208-6428072-3579924?,"Hello! Once an item is received at our fulfillment center, refunds usually take 3-5 business days. Please DM us your order #208-6428072-3579924 to check status.",Tue Oct 03 08:54:00 +0000 2017,AmazonHelp,how long does it take for a refund to process to my original payment method for return order number ?
101144,@AmazonHelp I was charged $69.00 twice for order #563-6451176-3169632. Please check your billing system.,Hi! We'd be glad to look into this charge for you. Please send us a DM with the date and amount so we can locate the transaction securely.,Sat Oct 28 18:52:00 +0000 2017,AmazonHelp,i was charged currency amount twice for order order number . please check your billing system.
101146,@AmazonHelp shipment #361-3986525-5027876 is delayed by 3 days already. Any update on when it will arrive?,So sorry for the delay on #361-3986525-5027876! Please DM us your order details and we will check the transit status directly for you.,Thu Oct 19 16:32:00 +0000 2017,AmazonHelp,shipment order number is delayed by 3 days already. any update on when it will arrive?
101148,@AmazonHelp Why was my credit card charged $91.50 when my order total was only $30.99?,We apologize for the billing confusion. Please reach out via DM with the last 4 digits of the card and transaction date so we can inspect.,Thu Oct 05 17:59:00 +0000 2017,AmazonHelp,why was my credit card charged currency amount when my order total was only currency amount ?
101150,"@AmazonHelp Every time I try to log in, it loops back to the login screen without an error message.","Hello! If you suspect unauthorized access, please visit amzn.to/security immediately. You can also DM us your associated phone or email.",Mon Oct 09 20:34:00 +0000 2017,AmazonHelp,"every time i try to log in, it loops back to the login screen without an error message."
101152,@AmazonHelp You guys billed me twice on the same day for order #195-1678438-9612440. Please fix this duplicate charge.,Hi! We'd be glad to look into this charge for you. Please send us a DM with the date and amount so we can locate the transaction securely.,Sun Oct 22 16:26:00 +0000 2017,AmazonHelp,you guys billed me twice on the same day for order order number . please fix this duplicate charge.
101154,@AmazonHelp Tracking status says delivery attempted but nobody buzzed or knocked. Order #920-9012989-6039762.,We understand your concern regarding order #920-9012989-6039762. Please drop us a DM with your tracking link and postal code so we can check with the carrier.,Tue Oct 03 13:08:00 +0000 2017,AmazonHelp,tracking status says delivery attempted but nobody buzzed or knocked. order order number .
101156,@AmazonHelp Package #146-9613666-2805768 has been stuck in transit in transit hub for over 48 hours. What gives?,We understand your concern regarding order #146-9613666-2805768. Please drop us a DM with your tracking link and postal code so we can check with the carrier.,Sat Oct 28 00:36:00 +0000 2017,AmazonHelp,package order number has been stuck in transit in transit hub for over 48 hours. what gives?
101158,"@AmazonHelp Wishlist won't let me remove deleted items, says 'Failed to update wishlist'.","Hello! Please try accessing the site in an incognito window or restarting your device. If the bug persists, DM us your app version and device model.",Sat Oct 28 02:24:00 +0000 2017,AmazonHelp,"wishlist won't let me remove deleted items, says 'failed to update wishlist'."
101160,@AmazonHelp Getting 'An unexpected error occurred' whenever I try to add items to my shopping cart.,"Hi! Thanks for bringing this to our attention. Have you tried reinstalling the app or clearing your cache? If so, please DM us your device OS version.",Wed Oct 25 16:41:00 +0000 2017,AmazonHelp,getting 'an unexpected error occurred' whenever i try to add items to my shopping cart.
101162,@AmazonHelp Can someone check on order #219-1223214-3881241? It's a birthday gift and now it's late.,We understand your concern regarding order #219-1223214-3881241. Please drop us a DM with your tracking link and postal code so we can check with the carrier.,Tue Oct 17 19:01:00 +0000 2017,AmazonHelp,can someone check on order order number ? it's a birthday gift and now it's late.
101164,@AmazonHelp Do you ship internationally to Germany and what are the customs fees?,Hello! Most electronics purchased from authorized sellers include standard warranty. Please DM us the product ASIN to check details.,Sat Oct 07 23:33:00 +0000 2017,AmazonHelp,do you ship internationally to germany and what are the customs fees?
101166,"@AmazonHelp Where is my package? Order #962-4203013-2444410 was supposed to arrive on Friday, still nothing!","Hi there, we're sorry to hear your order #962-4203013-2444410 is delayed! Please send us a DM at amzn.to/help with your details so we can investigate.",Sun Oct 08 07:30:00 +0000 2017,AmazonHelp,"where is my package? order order number was supposed to arrive on friday, still nothing!"
101168,@AmazonHelp 5 stars to the agent who helped me reset my account this morning. Great experience!,Thank you so much for the kind words! We love hearing this and will pass your compliments along to the team. Have a wonderful day!,Sun Oct 01 17:37:00 +0000 2017,AmazonHelp,5 stars to the agent who helped me reset my account this morning. great experience!
101170,@AmazonHelp You guys billed me twice on the same day for order #830-8244199-7974052. Please fix this duplicate charge.,"Sorry for the unexpected charge! If you did not intend to renew Prime, please DM us your email and we can help reverse eligible fees.",Tue Oct 24 17:44:00 +0000 2017,AmazonHelp,you guys billed me twice on the same day for order order number . please fix this duplicate charge.
101172,@AmazonHelp The video streaming player on Prime Video keeps stuttering and buffering on my Smart TV.,"Hi! Thanks for bringing this to our attention. Have you tried reinstalling the app or clearing your cache? If so, please DM us your device OS version.",Fri Oct 20 08:38:00 +0000 2017,AmazonHelp,the video streaming player on prime video keeps stuttering and buffering on my smart tv.
101174,@AmazonHelp Carrier marked order #737-6817736-8521651 as delivered at front door but there is no package anywhere.,So sorry for the delay on #737-6817736-8521651! Please DM us your order details and we will check the transit status directly for you.,Sat Oct 21 07:33:00 +0000 2017,AmazonHelp,carrier marked order order number as delivered at front door but there is no package anywhere.
101176,@AmazonHelp Lost access to my old phone number and now 2FA won't let me log into my account.,"Hi there, please ensure SMS isn't blocked by your carrier, or try clearing browser cache. If the issue persists, send us a DM.",Sun Oct 08 17:59:00 +0000 2017,AmazonHelp,lost access to my old phone number and now 2fa won't let me log into my account.
101178,@AmazonHelp Can someone check on order #807-2446060-9101545? It's a birthday gift and now it's late.,"Hi there, we're sorry to hear your order #807-2446060-9101545 is delayed! Please send us a DM at amzn.to/help with your details so we can investigate.",Fri Oct 20 07:22:00 +0000 2017,AmazonHelp,can someone check on order order number ? it's a birthday gift and now it's late.
101180,@AmazonHelp I returned item on order #314-1789356-1304180 over a week ago and still haven't received my refund.,"Hello! Once an item is received at our fulfillment center, refunds usually take 3-5 business days. Please DM us your order #314-1789356-1304180 to check status.",Fri Oct 20 23:22:00 +0000 2017,AmazonHelp,i returned item on order order number over a week ago and still haven't received my refund.
101182,@AmazonHelp Can you explain the invoice breakdown for #223-4759700-9159855? There's an extra charge of $81.99.,"Hello, duplicate charges are often pending authorizations that drop off in 2-3 business days. Please DM us your order #223-4759700-9159855 to confirm.",Tue Oct 24 19:57:00 +0000 2017,AmazonHelp,can you explain the invoice breakdown for order number ? there's an extra charge of currency amount .
101184,@AmazonHelp Just noticed an unauthorized charge of $219.50 for Prime membership that I never authorized.,Hi! We'd be glad to look into this charge for you. Please send us a DM with the date and amount so we can locate the transaction securely.,Fri Oct 06 04:09:00 +0000 2017,AmazonHelp,just noticed an unauthorized charge of currency amount for prime membership that i never authorized.
101186,@AmazonHelp You guys billed me twice on the same day for order #991-4445809-7067286. Please fix this duplicate charge.,Hi! We'd be glad to look into this charge for you. Please send us a DM with the date and amount so we can locate the transaction securely.,Tue Oct 17 22:18:00 +0000 2017,AmazonHelp,you guys billed me twice on the same day for order order number . please fix this duplicate charge.
101188,@AmazonHelp Do you offer student discounts on annual Prime memberships?,Hello! Most electronics purchased from authorized sellers include standard warranty. Please DM us the product ASIN to check details.,Fri Oct 13 11:34:00 +0000 2017,AmazonHelp,do you offer student discounts on annual prime memberships?
101190,"@AmazonHelp Wishlist won't let me remove deleted items, says 'Failed to update wishlist'.",We're sorry for the app crash. Please ensure you are running the latest app update. DM us if you need further technical troubleshooting.,Sun Oct 22 06:05:00 +0000 2017,AmazonHelp,"wishlist won't let me remove deleted items, says 'failed to update wishlist'."
101192,@AmazonHelp The video streaming player on Prime Video keeps stuttering and buffering on my Smart TV.,"Hello! Please try accessing the site in an incognito window or restarting your device. If the bug persists, DM us your app version and device model.",Sun Oct 08 20:30:00 +0000 2017,AmazonHelp,the video streaming player on prime video keeps stuttering and buffering on my smart tv.
101194,@AmazonHelp Tracking status says delivery attempted but nobody buzzed or knocked. Order #877-1622329-3532555.,We understand your concern regarding order #877-1622329-3532555. Please drop us a DM with your tracking link and postal code so we can check with the carrier.,Sun Oct 15 15:39:00 +0000 2017,AmazonHelp,tracking status says delivery attempted but nobody buzzed or knocked. order order number .
101196,@AmazonHelp Can someone check on order #386-9854875-3463932? It's a birthday gift and now it's late.,We understand your concern regarding order #386-9854875-3463932. Please drop us a DM with your tracking link and postal code so we can check with the carrier.,Thu Oct 19 18:50:00 +0000 2017,AmazonHelp,can someone check on order order number ? it's a birthday gift and now it's late.
101198,@AmazonHelp This is completely unacceptable. I want to speak to a supervisor or corporate manager right now!,We hear your frustration and apologize for the breakdown in communication. Please DM us your order #186-1620256-6611860 so we can urgently review this with our leadership team.,Mon Oct 16 21:09:00 +0000 2017,AmazonHelp,this is completely unacceptable. i want to speak to a supervisor or corporate manager right now!
101200,@AmazonHelp My tracking says delivered but I have not received anything for order #128-5340101-5049009!,"Hi there, we're sorry to hear your order #128-5340101-5049009 is delayed! Please send us a DM at amzn.to/help with your details so we can investigate.",Wed Oct 18 08:24:00 +0000 2017,AmazonHelp,my tracking says delivered but i have not received anything for order order number !
101202,@AmazonHelp I was charged $208.00 twice for order #462-3077237-1800824. Please check your billing system.,"Sorry for the unexpected charge! If you did not intend to renew Prime, please DM us your email and we can help reverse eligible fees.",Thu Oct 12 02:53:00 +0000 2017,AmazonHelp,i was charged currency amount twice for order order number . please check your billing system.
101204,@AmazonHelp My subscription auto-renewed even though I turned off auto-renew last week!,Hi! We'd be glad to look into this charge for you. Please send us a DM with the date and amount so we can locate the transaction securely.,Tue Oct 24 21:07:00 +0000 2017,AmazonHelp,my subscription auto-renewed even though i turned off auto-renew last week!
101206,@AmazonHelp My tracking says delivered but I have not received anything for order #897-7061063-8622050!,"Hi there, we're sorry to hear your order #897-7061063-8622050 is delayed! Please send us a DM at amzn.to/help with your details so we can investigate.",Fri Oct 20 17:06:00 +0000 2017,AmazonHelp,my tracking says delivered but i have not received anything for order order number !
101208,"@AmazonHelp Help! Account locked due to too many failed attempts, how do I unlock it?","Hi there, please ensure SMS isn't blocked by your carrier, or try clearing browser cache. If the issue persists, send us a DM.",Mon Oct 23 15:43:00 +0000 2017,AmazonHelp,"help! account locked due to too many failed attempts, how do i unlock it?"
101210,@AmazonHelp Does this product come with a power adapter or do I need to buy it separately?,"Hello! Our standard return policy is 30 days, but extended holiday return windows often apply. Let us know if you have a specific item in mind!",Sun Oct 08 12:19:00 +0000 2017,AmazonHelp,does this product come with a power adapter or do i need to buy it separately?
101212,@AmazonHelp I was told my refund of $45.99 for order #221-7855503-2851133 would be in my account in 3-5 days. It's been 10 days.,"Hello! Once an item is received at our fulfillment center, refunds usually take 3-5 business days. Please DM us your order #221-7855503-2851133 to check status.",Sun Oct 15 06:04:00 +0000 2017,AmazonHelp,i was told my refund of currency amount for order order number would be in my account in 3-5 days. it's been 10 days.
101214,"@AmazonHelp Received broken item in order #597-1469389-3396950. I want my money back, not a replacement.",We're sorry for the delay in your refund! Please reach out to us in DM with order #597-1469389-3396950 and your email address so we can review the return.,Mon Oct 23 14:54:00 +0000 2017,AmazonHelp,"received broken item in order order number . i want my money back, not a replacement."
101216,@AmazonHelp Can someone check on order #457-2133544-1749647? It's a birthday gift and now it's late.,We understand your concern regarding order #457-2133544-1749647. Please drop us a DM with your tracking link and postal code so we can check with the carrier.,Wed Oct 18 13:08:00 +0000 2017,AmazonHelp,can someone check on order order number ? it's a birthday gift and now it's late.
101218,@AmazonHelp Can I use Amazon gift cards to purchase digital books on Kindle?,"Hi there! Yes, Amazon gift cards can be applied to Kindle digital purchases. Check out amzn.to/giftcard-faq for more information.",Fri Oct 20 00:26:00 +0000 2017,AmazonHelp,can i use amazon gift cards to purchase digital books on kindle?
101220,@AmazonHelp shipment #504-6687440-1768727 is delayed by 3 days already. Any update on when it will arrive?,"Hi there, we're sorry to hear your order #504-6687440-1768727 is delayed! Please send us a DM at amzn.to/help with your details so we can investigate.",Sun Oct 15 10:21:00 +0000 2017,AmazonHelp,shipment order number is delayed by 3 days already. any update on when it will arrive?
101222,@AmazonHelp I was charged $173.00 twice for order #759-2428614-4228384. Please check your billing system.,Hi! We'd be glad to look into this charge for you. Please send us a DM with the date and amount so we can locate the transaction securely.,Wed Oct 25 13:56:00 +0000 2017,AmazonHelp,i was charged currency amount twice for order order number . please check your billing system.
101224,@AmazonHelp Huge shoutout to Sarah from customer support who solved my lost package in 5 minutes! Amazing service!,Hearing this makes our day! Thank you for your feedback and support. We're always here to help!,Mon Oct 16 20:20:00 +0000 2017,AmazonHelp,huge shoutout to sarah from customer support who solved my lost package in 5 minutes! amazing service!
101226,@AmazonHelp shipment #124-9856721-6324793 is delayed by 3 days already. Any update on when it will arrive?,We understand your concern regarding order #124-9856721-6324793. Please drop us a DM with your tracking link and postal code so we can check with the carrier.,Mon Oct 09 16:32:00 +0000 2017,AmazonHelp,shipment order number is delayed by 3 days already. any update on when it will arrive?
101228,@AmazonHelp Your iOS app keeps crashing every time I tap the checkout button. Version 18.2.,"Hi! Thanks for bringing this to our attention. Have you tried reinstalling the app or clearing your cache? If so, please DM us your device OS version.",Thu Oct 19 02:56:00 +0000 2017,AmazonHelp,your ios app keeps crashing every time i tap the checkout button. version 18.2.
101230,"@AmazonHelp Received broken item in order #522-6439471-5327419. I want my money back, not a replacement.",Apologies for the inconvenience! Please DM us your account details so we can check on return #522-6439471-5327419 and expedite your refund.,Tue Oct 24 07:58:00 +0000 2017,AmazonHelp,"received broken item in order order number . i want my money back, not a replacement."
101232,@AmazonHelp I demand an immediate escalation to executive customer relations. No more generic bot answers!,We are very sorry to hear this and take feedback like this seriously. Please send us a direct message with your account details and phone number so we can escalate to a supervisor.,Fri Oct 13 15:00:00 +0000 2017,AmazonHelp,i demand an immediate escalation to executive customer relations. no more generic bot answers!
101234,@AmazonHelp Thank you so much for the quick replacement on order #791-2703045-5132498. You guys are the best!,"We're thrilled to hear Sarah was able to help! Thank you for choosing us, and please don't hesitate to reach out if you ever need anything else.",Sat Oct 07 20:31:00 +0000 2017,AmazonHelp,thank you so much for the quick replacement on order order number . you guys are the best!
101236,@AmazonHelp Unable to sign in to my account from my new laptop. Says suspicious activity detected.,We're sorry you're having trouble accessing your account. Please send us a DM so we can securely guide you through the two-step verification reset.,Wed Oct 04 02:44:00 +0000 2017,AmazonHelp,unable to sign in to my account from my new laptop. says suspicious activity detected.
101238,@AmazonHelp I was told my refund of $230.49 for order #356-7377917-6895814 would be in my account in 3-5 days. It's been 10 days.,"Hello! Once an item is received at our fulfillment center, refunds usually take 3-5 business days. Please DM us your order #356-7377917-6895814 to check status.",Thu Oct 05 11:00:00 +0000 2017,AmazonHelp,i was told my refund of currency amount for order order number would be in my account in 3-5 days. it's been 10 days.
101240,@AmazonHelp Can you explain the invoice breakdown for #950-3342942-5688532? There's an extra charge of $239.50.,"Sorry for the unexpected charge! If you did not intend to renew Prime, please DM us your email and we can help reverse eligible fees.",Thu Oct 12 13:38:00 +0000 2017,AmazonHelp,can you explain the invoice breakdown for order number ? there's an extra charge of currency amount .
101242,@AmazonHelp Thank you @AmazonHelp for resolving my billing query so smoothly today!,Thank you so much for the kind words! We love hearing this and will pass your compliments along to the team. Have a wonderful day!,Mon Oct 09 06:33:00 +0000 2017,AmazonHelp,thank you for resolving my billing query so smoothly today!
101244,@AmazonHelp Locked out of my account. The OTP verification code is not being sent to my phone.,"Hi there, please ensure SMS isn't blocked by your carrier, or try clearing browser cache. If the issue persists, send us a DM.",Fri Oct 06 23:49:00 +0000 2017,AmazonHelp,locked out of my account. the otp verification code is not being sent to my phone.
101246,@AmazonHelp Just wanted to say thank you for delivering my package ahead of schedule! Great job!,Hearing this makes our day! Thank you for your feedback and support. We're always here to help!,Wed Oct 11 10:58:00 +0000 2017,AmazonHelp,just wanted to say thank you for delivering my package ahead of schedule! great job!
101248,@AmazonHelp Checkout page freezes when selecting saved shipping address.,"Hello! Please try accessing the site in an incognito window or restarting your device. If the bug persists, DM us your app version and device model.",Sat Oct 14 03:40:00 +0000 2017,AmazonHelp,checkout page freezes when selecting saved shipping address.
101250,"@AmazonHelp Unbelievable negligence. Damaged goods, ruined anniversary, zero accountability from your team.",We are very sorry to hear this and take feedback like this seriously. Please send us a direct message with your account details and phone number so we can escalate to a supervisor.,Tue Oct 10 04:39:00 +0000 2017,AmazonHelp,"unbelievable negligence. damaged goods, ruined anniversary, zero accountability from your team."
101252,@AmazonHelp Getting 'An unexpected error occurred' whenever I try to add items to my shopping cart.,We apologize for the technical glitch! Our technical team is monitoring site stability. Please send us a DM with a screenshot if the error continues.,Fri Oct 13 20:39:00 +0000 2017,AmazonHelp,getting 'an unexpected error occurred' whenever i try to add items to my shopping cart.
101254,@AmazonHelp How can I change my primary delivery address before placing an order?,"Hello! Our standard return policy is 30 days, but extended holiday return windows often apply. Let us know if you have a specific item in mind!",Thu Oct 19 21:26:00 +0000 2017,AmazonHelp,how can i change my primary delivery address before placing an order?
101256,@AmazonHelp Package #630-8828026-9314364 has been stuck in transit in transit hub for over 48 hours. What gives?,So sorry for the delay on #630-8828026-9314364! Please DM us your order details and we will check the transit status directly for you.,Sat Oct 21 19:17:00 +0000 2017,AmazonHelp,package order number has been stuck in transit in transit hub for over 48 hours. what gives?
101258,@AmazonHelp My tracking says delivered but I have not received anything for order #299-6615431-2372525!,"Hello! We apologize for the delivery issue with #299-6615431-2372525. Please check around your porch/neighbors, and if still missing, DM us your account email.",Sun Oct 08 20:40:00 +0000 2017,AmazonHelp,my tracking says delivered but i have not received anything for order order number !
101260,@AmazonHelp Return status says received at warehouse but refund not initiated for #741-2622794-1467627. Please help.,Hi! We want to help get this sorted. Please send us a direct message with order #741-2622794-1467627 and return tracking number so we can verify with our billing team.,Fri Oct 06 06:48:00 +0000 2017,AmazonHelp,return status says received at warehouse but refund not initiated for order number . please help.
101262,@AmazonHelp Can someone check on order #448-1913231-6596685? It's a birthday gift and now it's late.,"Hi there, we're sorry to hear your order #448-1913231-6596685 is delayed! Please send us a DM at amzn.to/help with your details so we can investigate.",Wed Oct 04 03:18:00 +0000 2017,AmazonHelp,can someone check on order order number ? it's a birthday gift and now it's late.
101264,@AmazonHelp Charged for an item I sent back last Monday. When will my refund of $30.50 arrive?,"Hello! Once an item is received at our fulfillment center, refunds usually take 3-5 business days. Please DM us your order #968-2090992-3139695 to check status.",Tue Oct 03 21:57:00 +0000 2017,AmazonHelp,charged for an item i sent back last monday. when will my refund of currency amount arrive?
101266,@AmazonHelp Tracking status says delivery attempted but nobody buzzed or knocked. Order #970-7399761-7739123.,So sorry for the delay on #970-7399761-7739123! Please DM us your order details and we will check the transit status directly for you.,Fri Oct 20 20:37:00 +0000 2017,AmazonHelp,tracking status says delivery attempted but nobody buzzed or knocked. order order number .
101268,@AmazonHelp Just noticed an unauthorized charge of $147.99 for Prime membership that I never authorized.,Hi! We'd be glad to look into this charge for you. Please send us a DM with the date and amount so we can locate the transaction securely.,Wed Oct 04 10:47:00 +0000 2017,AmazonHelp,just noticed an unauthorized charge of currency amount for prime membership that i never authorized.
101270,@AmazonHelp Checkout page freezes when selecting saved shipping address.,We apologize for the technical glitch! Our technical team is monitoring site stability. Please send us a DM with a screenshot if the error continues.,Sat Oct 07 15:23:00 +0000 2017,AmazonHelp,checkout page freezes when selecting saved shipping address.
101272,@AmazonHelp Can someone check on order #419-8312318-9608821? It's a birthday gift and now it's late.,We understand your concern regarding order #419-8312318-9608821. Please drop us a DM with your tracking link and postal code so we can check with the carrier.,Mon Oct 16 23:33:00 +0000 2017,AmazonHelp,can someone check on order order number ? it's a birthday gift and now it's late.
101274,@AmazonHelp Return status says received at warehouse but refund not initiated for #108-9685239-3425991. Please help.,We're sorry for the delay in your refund! Please reach out to us in DM with order #108-9685239-3425991 and your email address so we can review the return.,Tue Oct 10 12:50:00 +0000 2017,AmazonHelp,return status says received at warehouse but refund not initiated for order number . please help.
101276,@AmazonHelp How long does it take for a refund to process to my original payment method for return #783-8981342-8841710?,Apologies for the inconvenience! Please DM us your account details so we can check on return #783-8981342-8841710 and expedite your refund.,Sun Oct 08 18:16:00 +0000 2017,AmazonHelp,how long does it take for a refund to process to my original payment method for return order number ?
101278,"@AmazonHelp Help! Account locked due to too many failed attempts, how do I unlock it?",We're sorry you're having trouble accessing your account. Please send us a DM so we can securely guide you through the two-step verification reset.,Mon Oct 23 06:07:00 +0000 2017,AmazonHelp,"help! account locked due to too many failed attempts, how do i unlock it?"
101280,@AmazonHelp How can I change my primary delivery address before placing an order?,Hi! You can check international shipping options and estimated import duties at checkout or by visiting amzn.to/shipping-rates.,Fri Oct 06 14:50:00 +0000 2017,AmazonHelp,how can i change my primary delivery address before placing an order?
101282,"@AmazonHelp Received broken item in order #299-7038275-1736600. I want my money back, not a replacement.",Hi! We want to help get this sorted. Please send us a direct message with order #299-7038275-1736600 and return tracking number so we can verify with our billing team.,Mon Oct 09 07:22:00 +0000 2017,AmazonHelp,"received broken item in order order number . i want my money back, not a replacement."
101284,@AmazonHelp Can I use Amazon gift cards to purchase digital books on Kindle?,"Hello! Our standard return policy is 30 days, but extended holiday return windows often apply. Let us know if you have a specific item in mind!",Fri Oct 06 10:13:00 +0000 2017,AmazonHelp,can i use amazon gift cards to purchase digital books on kindle?
101286,@AmazonHelp I demand an immediate escalation to executive customer relations. No more generic bot answers!,We sincerely apologize for this distressing experience. This is certainly not the level of service we aim to provide. Please DM us immediately so a senior specialist can assist.,Sat Oct 07 22:46:00 +0000 2017,AmazonHelp,i demand an immediate escalation to executive customer relations. no more generic bot answers!
101288,@AmazonHelp Your iOS app keeps crashing every time I tap the checkout button. Version 18.2.,We apologize for the technical glitch! Our technical team is monitoring site stability. Please send us a DM with a screenshot if the error continues.,Wed Oct 25 17:53:00 +0000 2017,AmazonHelp,your ios app keeps crashing every time i tap the checkout button. version 18.2.
101290,@AmazonHelp Website gives error 500 internal server error when trying to view my order history.,We're sorry for the app crash. Please ensure you are running the latest app update. DM us if you need further technical troubleshooting.,Wed Oct 04 07:52:00 +0000 2017,AmazonHelp,website gives error 500 internal server error when trying to view my order history.
101292,"@AmazonHelp Help! Account locked due to too many failed attempts, how do I unlock it?","Hi there, please ensure SMS isn't blocked by your carrier, or try clearing browser cache. If the issue persists, send us a DM.",Fri Oct 13 14:06:00 +0000 2017,AmazonHelp,"help! account locked due to too many failed attempts, how do i unlock it?"
101294,"@AmazonHelp Received broken item in order #909-1614121-4476232. I want my money back, not a replacement.",Hi! We want to help get this sorted. Please send us a direct message with order #909-1614121-4476232 and return tracking number so we can verify with our billing team.,Wed Oct 18 12:53:00 +0000 2017,AmazonHelp,"received broken item in order order number . i want my money back, not a replacement."
101296,@AmazonHelp Can someone check on order #962-7276479-5270292? It's a birthday gift and now it's late.,We understand your concern regarding order #962-7276479-5270292. Please drop us a DM with your tracking link and postal code so we can check with the carrier.,Fri Oct 27 22:51:00 +0000 2017,AmazonHelp,can someone check on order order number ? it's a birthday gift and now it's late.
101298,"@AmazonHelp Help! Account locked due to too many failed attempts, how do I unlock it?","Hello! If you suspect unauthorized access, please visit amzn.to/security immediately. You can also DM us your associated phone or email.",Wed Oct 18 18:40:00 +0000 2017,AmazonHelp,"help! account locked due to too many failed attempts, how do i unlock it?"
101300,@AmazonHelp Carrier marked order #339-5456445-2273196 as delivered at front door but there is no package anywhere.,"Hi there, we're sorry to hear your order #339-5456445-2273196 is delayed! Please send us a DM at amzn.to/help with your details so we can investigate.",Wed Oct 04 14:56:00 +0000 2017,AmazonHelp,carrier marked order order number as delivered at front door but there is no package anywhere.
101302,@AmazonHelp Carrier marked order #305-6599527-4299177 as delivered at front door but there is no package anywhere.,"Hello! We apologize for the delivery issue with #305-6599527-4299177. Please check around your porch/neighbors, and if still missing, DM us your account email.",Thu Oct 26 02:15:00 +0000 2017,AmazonHelp,carrier marked order order number as delivered at front door but there is no package anywhere.
101304,@AmazonHelp shipment #406-5728578-6815525 is delayed by 3 days already. Any update on when it will arrive?,So sorry for the delay on #406-5728578-6815525! Please DM us your order details and we will check the transit status directly for you.,Wed Oct 11 16:52:00 +0000 2017,AmazonHelp,shipment order number is delayed by 3 days already. any update on when it will arrive?
101306,"@AmazonHelp Every time I try to log in, it loops back to the login screen without an error message.",We're sorry you're having trouble accessing your account. Please send us a DM so we can securely guide you through the two-step verification reset.,Sat Oct 21 20:30:00 +0000 2017,AmazonHelp,"every time i try to log in, it loops back to the login screen without an error message."
101308,@AmazonHelp Carrier marked order #242-3153282-6126646 as delivered at front door but there is no package anywhere.,So sorry for the delay on #242-3153282-6126646! Please DM us your order details and we will check the transit status directly for you.,Thu Oct 19 17:36:00 +0000 2017,AmazonHelp,carrier marked order order number as delivered at front door but there is no package anywhere.
101310,"@AmazonHelp Received broken item in order #701-1389899-1540377. I want my money back, not a replacement.",Apologies for the inconvenience! Please DM us your account details so we can check on return #701-1389899-1540377 and expedite your refund.,Wed Oct 25 16:49:00 +0000 2017,AmazonHelp,"received broken item in order order number . i want my money back, not a replacement."
101312,@AmazonHelp shipment #211-6517042-8575505 is delayed by 3 days already. Any update on when it will arrive?,"Hi there, we're sorry to hear your order #211-6517042-8575505 is delayed! Please send us a DM at amzn.to/help with your details so we can investigate.",Sat Oct 28 20:03:00 +0000 2017,AmazonHelp,shipment order number is delayed by 3 days already. any update on when it will arrive?
101314,@AmazonHelp My tracking says delivered but I have not received anything for order #303-2165866-7474228!,So sorry for the delay on #303-2165866-7474228! Please DM us your order details and we will check the transit status directly for you.,Wed Oct 18 03:40:00 +0000 2017,AmazonHelp,my tracking says delivered but i have not received anything for order order number !
101316,@AmazonHelp My tracking says delivered but I have not received anything for order #434-7893107-7561657!,So sorry for the delay on #434-7893107-7561657! Please DM us your order details and we will check the transit status directly for you.,Sat Oct 07 06:56:00 +0000 2017,AmazonHelp,my tracking says delivered but i have not received anything for order order number !
101318,@AmazonHelp Need a refund for #937-8965487-3663907. Sent back via drop-off locker 5 days ago.,Hi! We want to help get this sorted. Please send us a direct message with order #937-8965487-3663907 and return tracking number so we can verify with our billing team.,Sun Oct 01 17:08:00 +0000 2017,AmazonHelp,need a refund for order number . sent back via drop-off locker 5 days ago.
101320,"@AmazonHelp Help! Account locked due to too many failed attempts, how do I unlock it?","Hi! For your security, please don't share passwords publicly. Please visit amzn.to/account-recovery or DM us to begin identity verification.",Thu Oct 05 12:31:00 +0000 2017,AmazonHelp,"help! account locked due to too many failed attempts, how do i unlock it?"
101322,"@AmazonHelp Charged $115.49 annual subscription fee by mistake, please reverse this charge.","Sorry for the unexpected charge! If you did not intend to renew Prime, please DM us your email and we can help reverse eligible fees.",Mon Oct 09 17:23:00 +0000 2017,AmazonHelp,"charged currency amount annual subscription fee by mistake, please reverse this charge."
101324,@AmazonHelp Carrier marked order #815-1732568-5021419 as delivered at front door but there is no package anywhere.,So sorry for the delay on #815-1732568-5021419! Please DM us your order details and we will check the transit status directly for you.,Thu Oct 26 12:50:00 +0000 2017,AmazonHelp,carrier marked order order number as delivered at front door but there is no package anywhere.
101326,@AmazonHelp Your support team went above and beyond today. Thank you for the courteous and prompt help!,"We're thrilled to hear Sarah was able to help! Thank you for choosing us, and please don't hesitate to reach out if you ever need anything else.",Tue Oct 03 09:46:00 +0000 2017,AmazonHelp,your support team went above and beyond today. thank you for the courteous and prompt help!
101328,"@AmazonHelp Where is my package? Order #754-8749462-7394729 was supposed to arrive yesterday, still nothing!",We understand your concern regarding order #754-8749462-7394729. Please drop us a DM with your tracking link and postal code so we can check with the carrier.,Sat Oct 07 14:05:00 +0000 2017,AmazonHelp,"where is my package? order order number was supposed to arrive yesterday, still nothing!"
101330,@AmazonHelp Why was my credit card charged $32.00 when my order total was only $22.00?,"Sorry for the unexpected charge! If you did not intend to renew Prime, please DM us your email and we can help reverse eligible fees.",Sat Oct 14 01:54:00 +0000 2017,AmazonHelp,why was my credit card charged currency amount when my order total was only currency amount ?
101332,@AmazonHelp My tracking says delivered but I have not received anything for order #118-2686363-3973536!,"Hi there, we're sorry to hear your order #118-2686363-3973536 is delayed! Please send us a DM at amzn.to/help with your details so we can investigate.",Fri Oct 13 19:28:00 +0000 2017,AmazonHelp,my tracking says delivered but i have not received anything for order order number !
101334,@AmazonHelp I forgot my password and the password reset link is never arriving in my inbox.,"Hi there, please ensure SMS isn't blocked by your carrier, or try clearing browser cache. If the issue persists, send us a DM.",Sun Oct 15 09:47:00 +0000 2017,AmazonHelp,i forgot my password and the password reset link is never arriving in my inbox.
101336,@AmazonHelp Carrier marked order #104-1816458-7331646 as delivered at front door but there is no package anywhere.,"Hi there, we're sorry to hear your order #104-1816458-7331646 is delayed! Please send us a DM at amzn.to/help with your details so we can investigate.",Fri Oct 20 13:36:00 +0000 2017,AmazonHelp,carrier marked order order number as delivered at front door but there is no package anywhere.
101338,@AmazonHelp Huge shoutout to Sarah from customer support who solved my lost package in 5 minutes! Amazing service!,Hearing this makes our day! Thank you for your feedback and support. We're always here to help!,Fri Oct 06 06:38:00 +0000 2017,AmazonHelp,huge shoutout to sarah from customer support who solved my lost package in 5 minutes! amazing service!
101340,"@AmazonHelp Received broken item in order #741-4180079-4474885. I want my money back, not a replacement.","Hello! Once an item is received at our fulfillment center, refunds usually take 3-5 business days. Please DM us your order #741-4180079-4474885 to check status.",Mon Oct 16 02:13:00 +0000 2017,AmazonHelp,"received broken item in order order number . i want my money back, not a replacement."
101342,@AmazonHelp Package #769-6305630-1201014 has been stuck in transit in transit hub for over 48 hours. What gives?,We understand your concern regarding order #769-6305630-1201014. Please drop us a DM with your tracking link and postal code so we can check with the carrier.,Wed Oct 04 10:33:00 +0000 2017,AmazonHelp,package order number has been stuck in transit in transit hub for over 48 hours. what gives?
101344,@AmazonHelp Return status says received at warehouse but refund not initiated for #885-9381494-2708148. Please help.,Apologies for the inconvenience! Please DM us your account details so we can check on return #885-9381494-2708148 and expedite your refund.,Sat Oct 07 10:12:00 +0000 2017,AmazonHelp,return status says received at warehouse but refund not initiated for order number . please help.
101346,@AmazonHelp Carrier marked order #879-6334600-9088805 as delivered at front door but there is no package anywhere.,"Hi there, we're sorry to hear your order #879-6334600-9088805 is delayed! Please send us a DM at amzn.to/help with your details so we can investigate.",Mon Oct 02 08:11:00 +0000 2017,AmazonHelp,carrier marked order order number as delivered at front door but there is no package anywhere.
101348,@AmazonHelp Website gives error 500 internal server error when trying to view my order history.,"Hi! Thanks for bringing this to our attention. Have you tried reinstalling the app or clearing your cache? If so, please DM us your device OS version.",Wed Oct 18 10:05:00 +0000 2017,AmazonHelp,website gives error 500 internal server error when trying to view my order history.
101350,@AmazonHelp I was told my refund of $179.00 for order #255-7304004-4429016 would be in my account in 3-5 days. It's been 10 days.,Hi! We want to help get this sorted. Please send us a direct message with order #255-7304004-4429016 and return tracking number so we can verify with our billing team.,Tue Oct 03 04:16:00 +0000 2017,AmazonHelp,i was told my refund of currency amount for order order number would be in my account in 3-5 days. it's been 10 days.
101352,@AmazonHelp Your iOS app keeps crashing every time I tap the checkout button. Version 18.2.,We apologize for the technical glitch! Our technical team is monitoring site stability. Please send us a DM with a screenshot if the error continues.,Wed Oct 11 11:59:00 +0000 2017,AmazonHelp,your ios app keeps crashing every time i tap the checkout button. version 18.2.
101354,@AmazonHelp What is the return window for holiday purchases made in November?,Hi! You can check international shipping options and estimated import duties at checkout or by visiting amzn.to/shipping-rates.,Sat Oct 07 19:36:00 +0000 2017,AmazonHelp,what is the return window for holiday purchases made in november?
101356,@AmazonHelp shipment #277-4428815-4964626 is delayed by 3 days already. Any update on when it will arrive?,"Hello! We apologize for the delivery issue with #277-4428815-4964626. Please check around your porch/neighbors, and if still missing, DM us your account email.",Fri Oct 20 16:09:00 +0000 2017,AmazonHelp,shipment order number is delayed by 3 days already. any update on when it will arrive?
101358,@AmazonHelp Payment declined on my card even though there are sufficient funds available.,"Sorry for the unexpected charge! If you did not intend to renew Prime, please DM us your email and we can help reverse eligible fees.",Mon Oct 09 00:15:00 +0000 2017,AmazonHelp,payment declined on my card even though there are sufficient funds available.
101360,@AmazonHelp I forgot my password and the password reset link is never arriving in my inbox.,"Hello! If you suspect unauthorized access, please visit amzn.to/security immediately. You can also DM us your associated phone or email.",Wed Oct 25 19:46:00 +0000 2017,AmazonHelp,i forgot my password and the password reset link is never arriving in my inbox.
101362,"@AmazonHelp Help! Account locked due to too many failed attempts, how do I unlock it?","Hi! For your security, please don't share passwords publicly. Please visit amzn.to/account-recovery or DM us to begin identity verification.",Sat Oct 07 14:16:00 +0000 2017,AmazonHelp,"help! account locked due to too many failed attempts, how do i unlock it?"
101364,@AmazonHelp Tracking status says delivery attempted but nobody buzzed or knocked. Order #294-1070138-1215323.,We understand your concern regarding order #294-1070138-1215323. Please drop us a DM with your tracking link and postal code so we can check with the carrier.,Mon Oct 23 15:44:00 +0000 2017,AmazonHelp,tracking status says delivery attempted but nobody buzzed or knocked. order order number .
101366,@AmazonHelp Why was my credit card charged $241.00 when my order total was only $8.99?,"Hello, duplicate charges are often pending authorizations that drop off in 2-3 business days. Please DM us your order #702-2195114-7858317 to confirm.",Sat Oct 21 05:34:00 +0000 2017,AmazonHelp,why was my credit card charged currency amount when my order total was only currency amount ?
101368,"@AmazonHelp Wishlist won't let me remove deleted items, says 'Failed to update wishlist'.",We're sorry for the app crash. Please ensure you are running the latest app update. DM us if you need further technical troubleshooting.,Thu Oct 12 14:34:00 +0000 2017,AmazonHelp,"wishlist won't let me remove deleted items, says 'failed to update wishlist'."
101370,@AmazonHelp Unable to sign in to my account from my new laptop. Says suspicious activity detected.,We're sorry you're having trouble accessing your account. Please send us a DM so we can securely guide you through the two-step verification reset.,Fri Oct 27 16:43:00 +0000 2017,AmazonHelp,unable to sign in to my account from my new laptop. says suspicious activity detected.
101372,@AmazonHelp What is the return window for holiday purchases made in November?,"Hello! Our standard return policy is 30 days, but extended holiday return windows often apply. Let us know if you have a specific item in mind!",Fri Oct 20 19:16:00 +0000 2017,AmazonHelp,what is the return window for holiday purchases made in november?
101374,@AmazonHelp Just noticed an unauthorized charge of $165.99 for Prime membership that I never authorized.,We apologize for the billing confusion. Please reach out via DM with the last 4 digits of the card and transaction date so we can inspect.,Sat Oct 07 20:53:00 +0000 2017,AmazonHelp,just noticed an unauthorized charge of currency amount for prime membership that i never authorized.
101376,@AmazonHelp Website gives error 500 internal server error when trying to view my order history.,We're sorry for the app crash. Please ensure you are running the latest app update. DM us if you need further technical troubleshooting.,Fri Oct 20 08:19:00 +0000 2017,AmazonHelp,website gives error 500 internal server error when trying to view my order history.
101378,@AmazonHelp Need a refund for #541-3862767-3959522. Sent back via drop-off locker 5 days ago.,We're sorry for the delay in your refund! Please reach out to us in DM with order #541-3862767-3959522 and your email address so we can review the return.,Fri Oct 06 09:25:00 +0000 2017,AmazonHelp,need a refund for order number . sent back via drop-off locker 5 days ago.
101380,"@AmazonHelp Charged $30.49 annual subscription fee by mistake, please reverse this charge.","Sorry for the unexpected charge! If you did not intend to renew Prime, please DM us your email and we can help reverse eligible fees.",Fri Oct 06 08:17:00 +0000 2017,AmazonHelp,"charged currency amount annual subscription fee by mistake, please reverse this charge."
101382,@AmazonHelp Carrier marked order #400-2437925-7337233 as delivered at front door but there is no package anywhere.,So sorry for the delay on #400-2437925-7337233! Please DM us your order details and we will check the transit status directly for you.,Thu Oct 05 23:07:00 +0000 2017,AmazonHelp,carrier marked order order number as delivered at front door but there is no package anywhere.
101384,@AmazonHelp Package #869-1121243-1702283 has been stuck in transit in transit hub for over 48 hours. What gives?,So sorry for the delay on #869-1121243-1702283! Please DM us your order details and we will check the transit status directly for you.,Mon Oct 16 17:08:00 +0000 2017,AmazonHelp,package order number has been stuck in transit in transit hub for over 48 hours. what gives?
101386,@AmazonHelp I returned item on order #479-6755884-6288577 over a week ago and still haven't received my refund.,Hi! We want to help get this sorted. Please send us a direct message with order #479-6755884-6288577 and return tracking number so we can verify with our billing team.,Thu Oct 05 22:26:00 +0000 2017,AmazonHelp,i returned item on order order number over a week ago and still haven't received my refund.
101388,@AmazonHelp Lost access to my old phone number and now 2FA won't let me log into my account.,"Hi there, please ensure SMS isn't blocked by your carrier, or try clearing browser cache. If the issue persists, send us a DM.",Mon Oct 23 00:03:00 +0000 2017,AmazonHelp,lost access to my old phone number and now 2fa won't let me log into my account.
101390,"@AmazonHelp Received broken item in order #292-1052497-6405343. I want my money back, not a replacement.",Apologies for the inconvenience! Please DM us your account details so we can check on return #292-1052497-6405343 and expedite your refund.,Thu Oct 05 01:53:00 +0000 2017,AmazonHelp,"received broken item in order order number . i want my money back, not a replacement."
101392,@AmazonHelp I returned item on order #587-2685367-7456854 over a week ago and still haven't received my refund.,We're sorry for the delay in your refund! Please reach out to us in DM with order #587-2685367-7456854 and your email address so we can review the return.,Thu Oct 05 08:08:00 +0000 2017,AmazonHelp,i returned item on order order number over a week ago and still haven't received my refund.
101394,@AmazonHelp What is the return window for holiday purchases made in November?,Hello! Most electronics purchased from authorized sellers include standard warranty. Please DM us the product ASIN to check details.,Mon Oct 09 03:10:00 +0000 2017,AmazonHelp,what is the return window for holiday purchases made in november?
101396,@AmazonHelp Can you explain the invoice breakdown for #208-8296300-1490260? There's an extra charge of $56.99.,"Sorry for the unexpected charge! If you did not intend to renew Prime, please DM us your email and we can help reverse eligible fees.",Fri Oct 06 23:28:00 +0000 2017,AmazonHelp,can you explain the invoice breakdown for order number ? there's an extra charge of currency amount .
101398,@AmazonHelp Tracking status says delivery attempted but nobody buzzed or knocked. Order #647-9253698-2517360.,So sorry for the delay on #647-9253698-2517360! Please DM us your order details and we will check the transit status directly for you.,Thu Oct 26 22:45:00 +0000 2017,AmazonHelp,tracking status says delivery attempted but nobody buzzed or knocked. order order number .
101400,@AmazonHelp What is the return window for holiday purchases made in November?,Hi! You can check international shipping options and estimated import duties at checkout or by visiting amzn.to/shipping-rates.,Wed Oct 18 02:41:00 +0000 2017,AmazonHelp,what is the return window for holiday purchases made in november?
101402,@AmazonHelp How can I change my primary delivery address before placing an order?,Hello! Most electronics purchased from authorized sellers include standard warranty. Please DM us the product ASIN to check details.,Sat Oct 28 18:08:00 +0000 2017,AmazonHelp,how can i change my primary delivery address before placing an order?
101404,@AmazonHelp Can someone check on order #504-1154157-8727632? It's a birthday gift and now it's late.,"Hello! We apologize for the delivery issue with #504-1154157-8727632. Please check around your porch/neighbors, and if still missing, DM us your account email.",Sat Oct 14 06:33:00 +0000 2017,AmazonHelp,can someone check on order order number ? it's a birthday gift and now it's late.
101406,@AmazonHelp Checkout page freezes when selecting saved shipping address.,"Hello! Please try accessing the site in an incognito window or restarting your device. If the bug persists, DM us your app version and device model.",Wed Oct 18 12:28:00 +0000 2017,AmazonHelp,checkout page freezes when selecting saved shipping address.
101408,@AmazonHelp Thank you @AmazonHelp for resolving my billing query so smoothly today!,Hearing this makes our day! Thank you for your feedback and support. We're always here to help!,Sun Oct 08 14:53:00 +0000 2017,AmazonHelp,thank you for resolving my billing query so smoothly today!
101410,@AmazonHelp Unable to sign in to my account from my new laptop. Says suspicious activity detected.,"Hello! If you suspect unauthorized access, please visit amzn.to/security immediately. You can also DM us your associated phone or email.",Tue Oct 10 06:06:00 +0000 2017,AmazonHelp,unable to sign in to my account from my new laptop. says suspicious activity detected.
101412,@AmazonHelp I was told my refund of $232.99 for order #234-6426063-1908038 would be in my account in 3-5 days. It's been 10 days.,Apologies for the inconvenience! Please DM us your account details so we can check on return #234-6426063-1908038 and expedite your refund.,Mon Oct 23 07:58:00 +0000 2017,AmazonHelp,i was told my refund of currency amount for order order number would be in my account in 3-5 days. it's been 10 days.
101414,@AmazonHelp I demand an immediate escalation to executive customer relations. No more generic bot answers!,This is definitely not the experience we want for our customers. Please reach out in DM with your contact information so an escalation manager can connect with you.,Mon Oct 09 00:45:00 +0000 2017,AmazonHelp,i demand an immediate escalation to executive customer relations. no more generic bot answers!
101416,@AmazonHelp Tracking status says delivery attempted but nobody buzzed or knocked. Order #585-4013739-1880336.,"Hello! We apologize for the delivery issue with #585-4013739-1880336. Please check around your porch/neighbors, and if still missing, DM us your account email.",Fri Oct 06 18:46:00 +0000 2017,AmazonHelp,tracking status says delivery attempted but nobody buzzed or knocked. order order number .
101418,@AmazonHelp How long does it take for a refund to process to my original payment method for return #409-3893851-7297691?,Apologies for the inconvenience! Please DM us your account details so we can check on return #409-3893851-7297691 and expedite your refund.,Sun Oct 01 21:41:00 +0000 2017,AmazonHelp,how long does it take for a refund to process to my original payment method for return order number ?
101420,@AmazonHelp My tracking says delivered but I have not received anything for order #224-9207723-9552160!,"Hello! We apologize for the delivery issue with #224-9207723-9552160. Please check around your porch/neighbors, and if still missing, DM us your account email.",Mon Oct 23 09:52:00 +0000 2017,AmazonHelp,my tracking says delivered but i have not received anything for order order number !
101422,@AmazonHelp Your iOS app keeps crashing every time I tap the checkout button. Version 18.2.,We're sorry for the app crash. Please ensure you are running the latest app update. DM us if you need further technical troubleshooting.,Wed Oct 25 18:55:00 +0000 2017,AmazonHelp,your ios app keeps crashing every time i tap the checkout button. version 18.2.
101424,"@AmazonHelp Help! Account locked due to too many failed attempts, how do I unlock it?","Hello! If you suspect unauthorized access, please visit amzn.to/security immediately. You can also DM us your associated phone or email.",Tue Oct 03 03:46:00 +0000 2017,AmazonHelp,"help! account locked due to too many failed attempts, how do i unlock it?"
101426,@AmazonHelp Just noticed an unauthorized charge of $158.99 for Prime membership that I never authorized.,We apologize for the billing confusion. Please reach out via DM with the last 4 digits of the card and transaction date so we can inspect.,Thu Oct 26 03:40:00 +0000 2017,AmazonHelp,just noticed an unauthorized charge of currency amount for prime membership that i never authorized.
101428,@AmazonHelp Need a refund for #773-1001435-5166404. Sent back via drop-off locker 5 days ago.,We're sorry for the delay in your refund! Please reach out to us in DM with order #773-1001435-5166404 and your email address so we can review the return.,Mon Oct 23 16:42:00 +0000 2017,AmazonHelp,need a refund for order number . sent back via drop-off locker 5 days ago.
101430,@AmazonHelp Locked out of my account. The OTP verification code is not being sent to my phone.,We're sorry you're having trouble accessing your account. Please send us a DM so we can securely guide you through the two-step verification reset.,Sun Oct 15 00:22:00 +0000 2017,AmazonHelp,locked out of my account. the otp verification code is not being sent to my phone.
101432,@AmazonHelp Your support team went above and beyond today. Thank you for the courteous and prompt help!,You're very welcome! We're so glad everything was resolved smoothly. Thank you for being a valued customer!,Sun Oct 08 19:24:00 +0000 2017,AmazonHelp,your support team went above and beyond today. thank you for the courteous and prompt help!
101434,@AmazonHelp Lost access to my old phone number and now 2FA won't let me log into my account.,We're sorry you're having trouble accessing your account. Please send us a DM so we can securely guide you through the two-step verification reset.,Sun Oct 08 08:40:00 +0000 2017,AmazonHelp,lost access to my old phone number and now 2fa won't let me log into my account.
101436,@AmazonHelp Thank you so much for the quick replacement on order #544-7357590-1434695. You guys are the best!,Hearing this makes our day! Thank you for your feedback and support. We're always here to help!,Mon Oct 16 08:45:00 +0000 2017,AmazonHelp,thank you so much for the quick replacement on order order number . you guys are the best!
101438,@AmazonHelp Tracking status says delivery attempted but nobody buzzed or knocked. Order #441-5584424-3455003.,"Hello! We apologize for the delivery issue with #441-5584424-3455003. Please check around your porch/neighbors, and if still missing, DM us your account email.",Fri Oct 06 03:42:00 +0000 2017,AmazonHelp,tracking status says delivery attempted but nobody buzzed or knocked. order order number .
101440,@AmazonHelp Package #845-6143048-9214437 has been stuck in transit in transit hub for over 48 hours. What gives?,"Hi there, we're sorry to hear your order #845-6143048-9214437 is delayed! Please send us a DM at amzn.to/help with your details so we can investigate.",Mon Oct 09 03:31:00 +0000 2017,AmazonHelp,package order number has been stuck in transit in transit hub for over 48 hours. what gives?
101442,@AmazonHelp WORST CUSTOMER SERVICE EVER! Representative hung up on me after waiting 45 minutes on hold!,We are very sorry to hear this and take feedback like this seriously. Please send us a direct message with your account details and phone number so we can escalate to a supervisor.,Sat Oct 07 03:02:00 +0000 2017,AmazonHelp,worst customer service ever! representative hung up on me after waiting 45 minutes on hold!
101444,@AmazonHelp Charged for an item I sent back last Monday. When will my refund of $250.99 arrive?,Apologies for the inconvenience! Please DM us your account details so we can check on return #853-5485722-1886921 and expedite your refund.,Sat Oct 21 08:28:00 +0000 2017,AmazonHelp,charged for an item i sent back last monday. when will my refund of currency amount arrive?
101446,"@AmazonHelp Wishlist won't let me remove deleted items, says 'Failed to update wishlist'.","Hello! Please try accessing the site in an incognito window or restarting your device. If the bug persists, DM us your app version and device model.",Thu Oct 05 11:28:00 +0000 2017,AmazonHelp,"wishlist won't let me remove deleted items, says 'failed to update wishlist'."
101448,@AmazonHelp Can someone check on order #847-5027148-2570911? It's a birthday gift and now it's late.,"Hi there, we're sorry to hear your order #847-5027148-2570911 is delayed! Please send us a DM at amzn.to/help with your details so we can investigate.",Tue Oct 24 12:38:00 +0000 2017,AmazonHelp,can someone check on order order number ? it's a birthday gift and now it's late.
101450,"@AmazonHelp Every time I try to log in, it loops back to the login screen without an error message.","Hello! If you suspect unauthorized access, please visit amzn.to/security immediately. You can also DM us your associated phone or email.",Wed Oct 25 09:51:00 +0000 2017,AmazonHelp,"every time i try to log in, it loops back to the login screen without an error message."
101452,@AmazonHelp shipment #559-3827503-9783147 is delayed by 3 days already. Any update on when it will arrive?,We understand your concern regarding order #559-3827503-9783147. Please drop us a DM with your tracking link and postal code so we can check with the carrier.,Fri Oct 20 14:44:00 +0000 2017,AmazonHelp,shipment order number is delayed by 3 days already. any update on when it will arrive?
101454,@AmazonHelp How long does it take for a refund to process to my original payment method for return #482-2899743-6670004?,Apologies for the inconvenience! Please DM us your account details so we can check on return #482-2899743-6670004 and expedite your refund.,Fri Oct 13 10:11:00 +0000 2017,AmazonHelp,how long does it take for a refund to process to my original payment method for return order number ?
101456,@AmazonHelp Ordered express next-day delivery on #746-7603872-4648426 and it still hasn't shipped!,"Hi there, we're sorry to hear your order #746-7603872-4648426 is delayed! Please send us a DM at amzn.to/help with your details so we can investigate.",Sun Oct 22 07:50:00 +0000 2017,AmazonHelp,ordered express next-day delivery on order number and it still hasn't shipped!
101458,@AmazonHelp Please cancel my order #209-1086476-6867356 and process a full refund immediately.,Apologies for the inconvenience! Please DM us your account details so we can check on return #209-1086476-6867356 and expedite your refund.,Tue Oct 10 08:47:00 +0000 2017,AmazonHelp,please cancel my order order number and process a full refund immediately.
101460,"@AmazonHelp Two-factor authentication is failing, says invalid token even though it's correct.","Hi there, please ensure SMS isn't blocked by your carrier, or try clearing browser cache. If the issue persists, send us a DM.",Wed Oct 18 09:51:00 +0000 2017,AmazonHelp,"two-factor authentication is failing, says invalid token even though it's correct."
101462,@AmazonHelp I was told my refund of $42.50 for order #286-9999758-5521152 would be in my account in 3-5 days. It's been 10 days.,Hi! We want to help get this sorted. Please send us a direct message with order #286-9999758-5521152 and return tracking number so we can verify with our billing team.,Sat Oct 21 03:01:00 +0000 2017,AmazonHelp,i was told my refund of currency amount for order order number would be in my account in 3-5 days. it's been 10 days.
101464,@AmazonHelp Charged for an item I sent back last Monday. When will my refund of $63.99 arrive?,Hi! We want to help get this sorted. Please send us a direct message with order #991-4329683-2856661 and return tracking number so we can verify with our billing team.,Sun Oct 08 16:07:00 +0000 2017,AmazonHelp,charged for an item i sent back last monday. when will my refund of currency amount arrive?
101466,@AmazonHelp Ordered express next-day delivery on #590-5459377-2993004 and it still hasn't shipped!,So sorry for the delay on #590-5459377-2993004! Please DM us your order details and we will check the transit status directly for you.,Thu Oct 19 01:44:00 +0000 2017,AmazonHelp,ordered express next-day delivery on order number and it still hasn't shipped!
101468,"@AmazonHelp Where is my package? Order #210-1354875-3116002 was supposed to arrive 2 days ago, still nothing!",We understand your concern regarding order #210-1354875-3116002. Please drop us a DM with your tracking link and postal code so we can check with the carrier.,Sat Oct 28 13:11:00 +0000 2017,AmazonHelp,"where is my package? order order number was supposed to arrive 2 days ago, still nothing!"
101470,@AmazonHelp I was told my refund of $36.50 for order #396-5734922-9152539 would be in my account in 3-5 days. It's been 10 days.,We're sorry for the delay in your refund! Please reach out to us in DM with order #396-5734922-9152539 and your email address so we can review the return.,Fri Oct 06 14:38:00 +0000 2017,AmazonHelp,i was told my refund of currency amount for order order number would be in my account in 3-5 days. it's been 10 days.
101472,@AmazonHelp Incredible customer support experience today. Truly appreciate how fast my issue was handled.,"We're thrilled to hear Sarah was able to help! Thank you for choosing us, and please don't hesitate to reach out if you ever need anything else.",Sat Oct 07 09:31:00 +0000 2017,AmazonHelp,incredible customer support experience today. truly appreciate how fast my issue was handled.
101474,@AmazonHelp Tracking status says delivery attempted but nobody buzzed or knocked. Order #296-3452982-8152177.,We understand your concern regarding order #296-3452982-8152177. Please drop us a DM with your tracking link and postal code so we can check with the carrier.,Wed Oct 11 21:47:00 +0000 2017,AmazonHelp,tracking status says delivery attempted but nobody buzzed or knocked. order order number .
101476,@AmazonHelp Return status says received at warehouse but refund not initiated for #590-2029277-9554093. Please help.,Hi! We want to help get this sorted. Please send us a direct message with order #590-2029277-9554093 and return tracking number so we can verify with our billing team.,Fri Oct 20 09:39:00 +0000 2017,AmazonHelp,return status says received at warehouse but refund not initiated for order number . please help.
101478,@AmazonHelp How long does it take for a refund to process to my original payment method for return #148-4049286-1686005?,Apologies for the inconvenience! Please DM us your account details so we can check on return #148-4049286-1686005 and expedite your refund.,Sat Oct 28 23:30:00 +0000 2017,AmazonHelp,how long does it take for a refund to process to my original payment method for return order number ?
101480,@AmazonHelp I was told my refund of $100.99 for order #358-9242417-7099881 would be in my account in 3-5 days. It's been 10 days.,Hi! We want to help get this sorted. Please send us a direct message with order #358-9242417-7099881 and return tracking number so we can verify with our billing team.,Tue Oct 17 19:44:00 +0000 2017,AmazonHelp,i was told my refund of currency amount for order order number would be in my account in 3-5 days. it's been 10 days.
101482,@AmazonHelp I forgot my password and the password reset link is never arriving in my inbox.,"Hi! For your security, please don't share passwords publicly. Please visit amzn.to/account-recovery or DM us to begin identity verification.",Tue Oct 10 01:01:00 +0000 2017,AmazonHelp,i forgot my password and the password reset link is never arriving in my inbox.
101484,@AmazonHelp Search bar on the website is completely unresponsive on Chrome desktop.,"Hi! Thanks for bringing this to our attention. Have you tried reinstalling the app or clearing your cache? If so, please DM us your device OS version.",Tue Oct 10 02:24:00 +0000 2017,AmazonHelp,search bar on the website is completely unresponsive on chrome desktop.
101486,"@AmazonHelp Every time I try to log in, it loops back to the login screen without an error message.","Hi! For your security, please don't share passwords publicly. Please visit amzn.to/account-recovery or DM us to begin identity verification.",Sat Oct 28 15:27:00 +0000 2017,AmazonHelp,"every time i try to log in, it loops back to the login screen without an error message."
101488,@AmazonHelp You guys billed me twice on the same day for order #232-5859627-1762444. Please fix this duplicate charge.,Hi! We'd be glad to look into this charge for you. Please send us a DM with the date and amount so we can locate the transaction securely.,Sat Oct 21 07:09:00 +0000 2017,AmazonHelp,you guys billed me twice on the same day for order order number . please fix this duplicate charge.
101490,@AmazonHelp I was told my refund of $170.99 for order #898-7547256-7725129 would be in my account in 3-5 days. It's been 10 days.,We're sorry for the delay in your refund! Please reach out to us in DM with order #898-7547256-7725129 and your email address so we can review the return.,Sun Oct 01 18:41:00 +0000 2017,AmazonHelp,i was told my refund of currency amount for order order number would be in my account in 3-5 days. it's been 10 days.
101492,@AmazonHelp I forgot my password and the password reset link is never arriving in my inbox.,We're sorry you're having trouble accessing your account. Please send us a DM so we can securely guide you through the two-step verification reset.,Tue Oct 03 10:50:00 +0000 2017,AmazonHelp,i forgot my password and the password reset link is never arriving in my inbox.
101494,@AmazonHelp Carrier marked order #140-3485367-5659980 as delivered at front door but there is no package anywhere.,"Hi there, we're sorry to hear your order #140-3485367-5659980 is delayed! Please send us a DM at amzn.to/help with your details so we can investigate.",Tue Oct 17 04:32:00 +0000 2017,AmazonHelp,carrier marked order order number as delivered at front door but there is no package anywhere.
101496,@AmazonHelp Can you explain the invoice breakdown for #477-6445244-2396638? There's an extra charge of $195.99.,We apologize for the billing confusion. Please reach out via DM with the last 4 digits of the card and transaction date so we can inspect.,Sun Oct 01 20:23:00 +0000 2017,AmazonHelp,can you explain the invoice breakdown for order number ? there's an extra charge of currency amount .
101498,@AmazonHelp Carrier marked order #386-3965125-5294752 as delivered at front door but there is no package anywhere.,So sorry for the delay on #386-3965125-5294752! Please DM us your order details and we will check the transit status directly for you.,Mon Oct 16 03:11:00 +0000 2017,AmazonHelp,carrier marked order order number as delivered at front door but there is no package anywhere.
101500,@AmazonHelp shipment #744-7634775-3611230 is delayed by 3 days already. Any update on when it will arrive?,So sorry for the delay on #744-7634775-3611230! Please DM us your order details and we will check the transit status directly for you.,Mon Oct 23 22:44:00 +0000 2017,AmazonHelp,shipment order number is delayed by 3 days already. any update on when it will arrive?
101502,@AmazonHelp Locked out of my account. The OTP verification code is not being sent to my phone.,"Hello! If you suspect unauthorized access, please visit amzn.to/security immediately. You can also DM us your associated phone or email.",Mon Oct 09 11:08:00 +0000 2017,AmazonHelp,locked out of my account. the otp verification code is not being sent to my phone.
101504,@AmazonHelp Just noticed an unauthorized charge of $33.50 for Prime membership that I never authorized.,"Hello, duplicate charges are often pending authorizations that drop off in 2-3 business days. Please DM us your order #292-2165246-3407905 to confirm.",Sun Oct 01 21:53:00 +0000 2017,AmazonHelp,just noticed an unauthorized charge of currency amount for prime membership that i never authorized.
101506,@AmazonHelp Carrier marked order #493-1347555-2846089 as delivered at front door but there is no package anywhere.,"Hi there, we're sorry to hear your order #493-1347555-2846089 is delayed! Please send us a DM at amzn.to/help with your details so we can investigate.",Sat Oct 07 20:48:00 +0000 2017,AmazonHelp,carrier marked order order number as delivered at front door but there is no package anywhere.
101508,@AmazonHelp Why was my credit card charged $153.99 when my order total was only $27.00?,"Sorry for the unexpected charge! If you did not intend to renew Prime, please DM us your email and we can help reverse eligible fees.",Thu Oct 26 23:48:00 +0000 2017,AmazonHelp,why was my credit card charged currency amount when my order total was only currency amount ?
101510,@AmazonHelp Is the manufacturer warranty valid if I buy an electronic item through third party sellers?,Hi! You can check international shipping options and estimated import duties at checkout or by visiting amzn.to/shipping-rates.,Tue Oct 03 09:39:00 +0000 2017,AmazonHelp,is the manufacturer warranty valid if i buy an electronic item through third party sellers?
101512,"@AmazonHelp Every time I try to log in, it loops back to the login screen without an error message.","Hi there, please ensure SMS isn't blocked by your carrier, or try clearing browser cache. If the issue persists, send us a DM.",Tue Oct 17 10:55:00 +0000 2017,AmazonHelp,"every time i try to log in, it loops back to the login screen without an error message."
101514,@AmazonHelp How long does it take for a refund to process to my original payment method for return #800-7454929-2885904?,Hi! We want to help get this sorted. Please send us a direct message with order #800-7454929-2885904 and return tracking number so we can verify with our billing team.,Mon Oct 16 13:31:00 +0000 2017,AmazonHelp,how long does it take for a refund to process to my original payment method for return order number ?
101516,@AmazonHelp I was told my refund of $60.50 for order #186-1727239-3535087 would be in my account in 3-5 days. It's been 10 days.,Apologies for the inconvenience! Please DM us your account details so we can check on return #186-1727239-3535087 and expedite your refund.,Sun Oct 15 02:24:00 +0000 2017,AmazonHelp,i was told my refund of currency amount for order order number would be in my account in 3-5 days. it's been 10 days.
101518,@AmazonHelp Is the manufacturer warranty valid if I buy an electronic item through third party sellers?,Hi! You can check international shipping options and estimated import duties at checkout or by visiting amzn.to/shipping-rates.,Sun Oct 08 01:07:00 +0000 2017,AmazonHelp,is the manufacturer warranty valid if i buy an electronic item through third party sellers?
101520,@AmazonHelp My tracking says delivered but I have not received anything for order #557-9026757-2129335!,We understand your concern regarding order #557-9026757-2129335. Please drop us a DM with your tracking link and postal code so we can check with the carrier.,Mon Oct 09 15:40:00 +0000 2017,AmazonHelp,my tracking says delivered but i have not received anything for order order number !
101522,"@AmazonHelp Received broken item in order #606-8110722-9074681. I want my money back, not a replacement.",Apologies for the inconvenience! Please DM us your account details so we can check on return #606-8110722-9074681 and expedite your refund.,Thu Oct 26 09:02:00 +0000 2017,AmazonHelp,"received broken item in order order number . i want my money back, not a replacement."
101524,"@AmazonHelp Every time I try to log in, it loops back to the login screen without an error message.",We're sorry you're having trouble accessing your account. Please send us a DM so we can securely guide you through the two-step verification reset.,Thu Oct 05 08:19:00 +0000 2017,AmazonHelp,"every time i try to log in, it loops back to the login screen without an error message."
101526,@AmazonHelp Return status says received at warehouse but refund not initiated for #308-1287807-7080036. Please help.,Hi! We want to help get this sorted. Please send us a direct message with order #308-1287807-7080036 and return tracking number so we can verify with our billing team.,Sat Oct 07 17:13:00 +0000 2017,AmazonHelp,return status says received at warehouse but refund not initiated for order number . please help.
101528,"@AmazonHelp My account was compromised or hacked, someone changed the email on file. Need help urgently!","Hi there, please ensure SMS isn't blocked by your carrier, or try clearing browser cache. If the issue persists, send us a DM.",Mon Oct 02 13:47:00 +0000 2017,AmazonHelp,"my account was compromised or hacked, someone changed the email on file. need help urgently!"
101530,@AmazonHelp I was told my refund of $137.49 for order #818-2778549-2237660 would be in my account in 3-5 days. It's been 10 days.,"Hello! Once an item is received at our fulfillment center, refunds usually take 3-5 business days. Please DM us your order #818-2778549-2237660 to check status.",Wed Oct 04 21:11:00 +0000 2017,AmazonHelp,i was told my refund of currency amount for order order number would be in my account in 3-5 days. it's been 10 days.
101532,@AmazonHelp Can you explain the invoice breakdown for #933-7987624-3511838? There's an extra charge of $210.49.,"Sorry for the unexpected charge! If you did not intend to renew Prime, please DM us your email and we can help reverse eligible fees.",Mon Oct 16 17:28:00 +0000 2017,AmazonHelp,can you explain the invoice breakdown for order number ? there's an extra charge of currency amount .
101534,@AmazonHelp Search bar on the website is completely unresponsive on Chrome desktop.,We apologize for the technical glitch! Our technical team is monitoring site stability. Please send us a DM with a screenshot if the error continues.,Thu Oct 19 09:58:00 +0000 2017,AmazonHelp,search bar on the website is completely unresponsive on chrome desktop.
101536,@AmazonHelp Why was my credit card charged $250.99 when my order total was only $27.00?,We apologize for the billing confusion. Please reach out via DM with the last 4 digits of the card and transaction date so we can inspect.,Wed Oct 25 02:38:00 +0000 2017,AmazonHelp,why was my credit card charged currency amount when my order total was only currency amount ?
101538,@AmazonHelp Thank you so much for the quick replacement on order #228-4554492-7717637. You guys are the best!,Hearing this makes our day! Thank you for your feedback and support. We're always here to help!,Sun Oct 15 15:06:00 +0000 2017,AmazonHelp,thank you so much for the quick replacement on order order number . you guys are the best!
101540,@AmazonHelp Can you explain the invoice breakdown for #947-7383228-3765293? There's an extra charge of $28.99.,Hi! We'd be glad to look into this charge for you. Please send us a DM with the date and amount so we can locate the transaction securely.,Wed Oct 04 22:00:00 +0000 2017,AmazonHelp,can you explain the invoice breakdown for order number ? there's an extra charge of currency amount .
101542,@AmazonHelp My subscription auto-renewed even though I turned off auto-renew last week!,Hi! We'd be glad to look into this charge for you. Please send us a DM with the date and amount so we can locate the transaction securely.,Sun Oct 15 10:39:00 +0000 2017,AmazonHelp,my subscription auto-renewed even though i turned off auto-renew last week!
101544,"@AmazonHelp Help! Account locked due to too many failed attempts, how do I unlock it?","Hi! For your security, please don't share passwords publicly. Please visit amzn.to/account-recovery or DM us to begin identity verification.",Sun Oct 15 16:37:00 +0000 2017,AmazonHelp,"help! account locked due to too many failed attempts, how do i unlock it?"
101546,@AmazonHelp You have lied to me three times about my delivery. I am reporting this fraud to the Better Business Bureau.,We sincerely apologize for this distressing experience. This is certainly not the level of service we aim to provide. Please DM us immediately so a senior specialist can assist.,Thu Oct 19 21:52:00 +0000 2017,AmazonHelp,you have lied to me three times about my delivery. i am reporting this fraud to the better business bureau.
101548,@AmazonHelp shipment #926-3519714-1397373 is delayed by 3 days already. Any update on when it will arrive?,"Hello! We apologize for the delivery issue with #926-3519714-1397373. Please check around your porch/neighbors, and if still missing, DM us your account email.",Sun Oct 22 10:51:00 +0000 2017,AmazonHelp,shipment order number is delayed by 3 days already. any update on when it will arrive?
101550,@AmazonHelp Absolute scam. Stole my money and refusing to help. Give me someone who actually has authority.,This is definitely not the experience we want for our customers. Please reach out in DM with your contact information so an escalation manager can connect with you.,Sat Oct 07 08:19:00 +0000 2017,AmazonHelp,absolute scam. stole my money and refusing to help. give me someone who actually has authority.
101552,@AmazonHelp Please cancel my order #738-8229326-1671305 and process a full refund immediately.,We're sorry for the delay in your refund! Please reach out to us in DM with order #738-8229326-1671305 and your email address so we can review the return.,Tue Oct 24 00:26:00 +0000 2017,AmazonHelp,please cancel my order order number and process a full refund immediately.
101554,@AmazonHelp Do you offer student discounts on annual Prime memberships?,Hello! Most electronics purchased from authorized sellers include standard warranty. Please DM us the product ASIN to check details.,Sat Oct 14 02:58:00 +0000 2017,AmazonHelp,do you offer student discounts on annual prime memberships?
101556,@AmazonHelp Need a refund for #191-2193429-4006246. Sent back via drop-off locker 5 days ago.,We're sorry for the delay in your refund! Please reach out to us in DM with order #191-2193429-4006246 and your email address so we can review the return.,Fri Oct 27 06:13:00 +0000 2017,AmazonHelp,need a refund for order number . sent back via drop-off locker 5 days ago.
101558,@AmazonHelp Ordered express next-day delivery on #979-5808770-7726643 and it still hasn't shipped!,We understand your concern regarding order #979-5808770-7726643. Please drop us a DM with your tracking link and postal code so we can check with the carrier.,Fri Oct 20 04:20:00 +0000 2017,AmazonHelp,ordered express next-day delivery on order number and it still hasn't shipped!
101560,@AmazonHelp I forgot my password and the password reset link is never arriving in my inbox.,"Hello! If you suspect unauthorized access, please visit amzn.to/security immediately. You can also DM us your associated phone or email.",Sun Oct 08 13:49:00 +0000 2017,AmazonHelp,i forgot my password and the password reset link is never arriving in my inbox.
101562,@AmazonHelp Need a refund for #174-4742179-7513301. Sent back via drop-off locker 5 days ago.,Apologies for the inconvenience! Please DM us your account details so we can check on return #174-4742179-7513301 and expedite your refund.,Wed Oct 25 17:30:00 +0000 2017,AmazonHelp,need a refund for order number . sent back via drop-off locker 5 days ago.
101564,@AmazonHelp My tracking says delivered but I have not received anything for order #284-2817783-7659629!,We understand your concern regarding order #284-2817783-7659629. Please drop us a DM with your tracking link and postal code so we can check with the carrier.,Sat Oct 28 21:08:00 +0000 2017,AmazonHelp,my tracking says delivered but i have not received anything for order order number !
101566,@AmazonHelp shipment #859-8989636-2918079 is delayed by 3 days already. Any update on when it will arrive?,"Hello! We apologize for the delivery issue with #859-8989636-2918079. Please check around your porch/neighbors, and if still missing, DM us your account email.",Fri Oct 27 05:38:00 +0000 2017,AmazonHelp,shipment order number is delayed by 3 days already. any update on when it will arrive?
101568,@AmazonHelp Just wanted to say thank you for delivering my package ahead of schedule! Great job!,Thank you so much for the kind words! We love hearing this and will pass your compliments along to the team. Have a wonderful day!,Mon Oct 02 10:04:00 +0000 2017,AmazonHelp,just wanted to say thank you for delivering my package ahead of schedule! great job!
101570,@AmazonHelp How long does it take for a refund to process to my original payment method for return #750-3954562-2402429?,Apologies for the inconvenience! Please DM us your account details so we can check on return #750-3954562-2402429 and expedite your refund.,Wed Oct 25 06:12:00 +0000 2017,AmazonHelp,how long does it take for a refund to process to my original payment method for return order number ?
101572,@AmazonHelp My subscription auto-renewed even though I turned off auto-renew last week!,We apologize for the billing confusion. Please reach out via DM with the last 4 digits of the card and transaction date so we can inspect.,Mon Oct 23 07:04:00 +0000 2017,AmazonHelp,my subscription auto-renewed even though i turned off auto-renew last week!
101574,"@AmazonHelp My account was compromised or hacked, someone changed the email on file. Need help urgently!","Hello! If you suspect unauthorized access, please visit amzn.to/security immediately. You can also DM us your associated phone or email.",Sun Oct 15 18:44:00 +0000 2017,AmazonHelp,"my account was compromised or hacked, someone changed the email on file. need help urgently!"
101576,"@AmazonHelp Where is my package? Order #569-3474414-9379307 was supposed to arrive this morning, still nothing!",So sorry for the delay on #569-3474414-9379307! Please DM us your order details and we will check the transit status directly for you.,Sat Oct 07 02:20:00 +0000 2017,AmazonHelp,"where is my package? order order number was supposed to arrive this morning, still nothing!"
101578,"@AmazonHelp Every time I try to log in, it loops back to the login screen without an error message.",We're sorry you're having trouble accessing your account. Please send us a DM so we can securely guide you through the two-step verification reset.,Tue Oct 10 22:08:00 +0000 2017,AmazonHelp,"every time i try to log in, it loops back to the login screen without an error message."
101580,@AmazonHelp Thank you so much for the quick replacement on order #690-1241105-7211871. You guys are the best!,Hearing this makes our day! Thank you for your feedback and support. We're always here to help!,Sun Oct 22 03:05:00 +0000 2017,AmazonHelp,thank you so much for the quick replacement on order order number . you guys are the best!
101582,@AmazonHelp Charged for an item I sent back last Monday. When will my refund of $210.99 arrive?,Hi! We want to help get this sorted. Please send us a direct message with order #460-8144563-9777333 and return tracking number so we can verify with our billing team.,Thu Oct 26 12:46:00 +0000 2017,AmazonHelp,charged for an item i sent back last monday. when will my refund of currency amount arrive?
101584,@AmazonHelp My tracking says delivered but I have not received anything for order #546-7401570-5781975!,"Hi there, we're sorry to hear your order #546-7401570-5781975 is delayed! Please send us a DM at amzn.to/help with your details so we can investigate.",Fri Oct 06 02:24:00 +0000 2017,AmazonHelp,my tracking says delivered but i have not received anything for order order number !
101586,@AmazonHelp I was charged $142.00 twice for order #731-7900127-2739382. Please check your billing system.,We apologize for the billing confusion. Please reach out via DM with the last 4 digits of the card and transaction date so we can inspect.,Fri Oct 20 12:28:00 +0000 2017,AmazonHelp,i was charged currency amount twice for order order number . please check your billing system.
101588,@AmazonHelp Tracking status says delivery attempted but nobody buzzed or knocked. Order #565-7393458-2921009.,So sorry for the delay on #565-7393458-2921009! Please DM us your order details and we will check the transit status directly for you.,Wed Oct 18 10:13:00 +0000 2017,AmazonHelp,tracking status says delivery attempted but nobody buzzed or knocked. order order number .
101590,"@AmazonHelp Every time I try to log in, it loops back to the login screen without an error message.","Hi! For your security, please don't share passwords publicly. Please visit amzn.to/account-recovery or DM us to begin identity verification.",Mon Oct 02 13:41:00 +0000 2017,AmazonHelp,"every time i try to log in, it loops back to the login screen without an error message."
101592,"@AmazonHelp Wishlist won't let me remove deleted items, says 'Failed to update wishlist'.",We apologize for the technical glitch! Our technical team is monitoring site stability. Please send us a DM with a screenshot if the error continues.,Thu Oct 19 06:37:00 +0000 2017,AmazonHelp,"wishlist won't let me remove deleted items, says 'failed to update wishlist'."
101594,@AmazonHelp How can I change my primary delivery address before placing an order?,Hello! Most electronics purchased from authorized sellers include standard warranty. Please DM us the product ASIN to check details.,Wed Oct 11 21:17:00 +0000 2017,AmazonHelp,how can i change my primary delivery address before placing an order?
101596,@AmazonHelp Search bar on the website is completely unresponsive on Chrome desktop.,"Hello! Please try accessing the site in an incognito window or restarting your device. If the bug persists, DM us your app version and device model.",Thu Oct 05 14:52:00 +0000 2017,AmazonHelp,search bar on the website is completely unresponsive on chrome desktop.
101598,@AmazonHelp shipment #111-3567729-1466714 is delayed by 3 days already. Any update on when it will arrive?,So sorry for the delay on #111-3567729-1466714! Please DM us your order details and we will check the transit status directly for you.,Tue Oct 17 16:10:00 +0000 2017,AmazonHelp,shipment order number is delayed by 3 days already. any update on when it will arrive?
101600,"@AmazonHelp Where is my package? Order #327-5981533-4251909 was supposed to arrive this morning, still nothing!",We understand your concern regarding order #327-5981533-4251909. Please drop us a DM with your tracking link and postal code so we can check with the carrier.,Sat Oct 07 22:03:00 +0000 2017,AmazonHelp,"where is my package? order order number was supposed to arrive this morning, still nothing!"
101602,@AmazonHelp Package #693-2735086-2861122 has been stuck in transit in transit hub for over 48 hours. What gives?,"Hello! We apologize for the delivery issue with #693-2735086-2861122. Please check around your porch/neighbors, and if still missing, DM us your account email.",Wed Oct 04 21:32:00 +0000 2017,AmazonHelp,package order number has been stuck in transit in transit hub for over 48 hours. what gives?
101604,@AmazonHelp Is the manufacturer warranty valid if I buy an electronic item through third party sellers?,"Hello! Our standard return policy is 30 days, but extended holiday return windows often apply. Let us know if you have a specific item in mind!",Wed Oct 04 20:22:00 +0000 2017,AmazonHelp,is the manufacturer warranty valid if i buy an electronic item through third party sellers?
101606,@AmazonHelp Why was my credit card charged $221.49 when my order total was only $10.99?,Hi! We'd be glad to look into this charge for you. Please send us a DM with the date and amount so we can locate the transaction securely.,Mon Oct 16 23:27:00 +0000 2017,AmazonHelp,why was my credit card charged currency amount when my order total was only currency amount ?
101608,@AmazonHelp Locked out of my account. The OTP verification code is not being sent to my phone.,"Hi! For your security, please don't share passwords publicly. Please visit amzn.to/account-recovery or DM us to begin identity verification.",Tue Oct 24 15:58:00 +0000 2017,AmazonHelp,locked out of my account. the otp verification code is not being sent to my phone.
101610,@AmazonHelp shipment #473-2925830-4639947 is delayed by 3 days already. Any update on when it will arrive?,We understand your concern regarding order #473-2925830-4639947. Please drop us a DM with your tracking link and postal code so we can check with the carrier.,Mon Oct 23 07:01:00 +0000 2017,AmazonHelp,shipment order number is delayed by 3 days already. any update on when it will arrive?
101612,@AmazonHelp Your support team went above and beyond today. Thank you for the courteous and prompt help!,"We're thrilled to hear Sarah was able to help! Thank you for choosing us, and please don't hesitate to reach out if you ever need anything else.",Sat Oct 14 04:02:00 +0000 2017,AmazonHelp,your support team went above and beyond today. thank you for the courteous and prompt help!
101614,@AmazonHelp Can someone check on order #912-6227531-3779198? It's a birthday gift and now it's late.,So sorry for the delay on #912-6227531-3779198! Please DM us your order details and we will check the transit status directly for you.,Fri Oct 13 17:45:00 +0000 2017,AmazonHelp,can someone check on order order number ? it's a birthday gift and now it's late.
101616,@AmazonHelp Why was my credit card charged $66.99 when my order total was only $16.00?,Hi! We'd be glad to look into this charge for you. Please send us a DM with the date and amount so we can locate the transaction securely.,Thu Oct 12 21:25:00 +0000 2017,AmazonHelp,why was my credit card charged currency amount when my order total was only currency amount ?
101618,@AmazonHelp Charged for an item I sent back last Monday. When will my refund of $116.00 arrive?,We're sorry for the delay in your refund! Please reach out to us in DM with order #718-9900282-6909830 and your email address so we can review the return.,Thu Oct 12 12:58:00 +0000 2017,AmazonHelp,charged for an item i sent back last monday. when will my refund of currency amount arrive?
101620,"@AmazonHelp Where is my package? Order #480-7240525-3433361 was supposed to arrive this morning, still nothing!",We understand your concern regarding order #480-7240525-3433361. Please drop us a DM with your tracking link and postal code so we can check with the carrier.,Sun Oct 22 13:19:00 +0000 2017,AmazonHelp,"where is my package? order order number was supposed to arrive this morning, still nothing!"
101622,@AmazonHelp Getting 'An unexpected error occurred' whenever I try to add items to my shopping cart.,"Hi! Thanks for bringing this to our attention. Have you tried reinstalling the app or clearing your cache? If so, please DM us your device OS version.",Fri Oct 20 13:40:00 +0000 2017,AmazonHelp,getting 'an unexpected error occurred' whenever i try to add items to my shopping cart.
101624,@AmazonHelp Charged for an item I sent back last Monday. When will my refund of $27.50 arrive?,"Hello! Once an item is received at our fulfillment center, refunds usually take 3-5 business days. Please DM us your order #427-4324412-4307179 to check status.",Sat Oct 21 23:34:00 +0000 2017,AmazonHelp,charged for an item i sent back last monday. when will my refund of currency amount arrive?
101626,@AmazonHelp I was charged $162.00 twice for order #705-7423283-4966501. Please check your billing system.,"Sorry for the unexpected charge! If you did not intend to renew Prime, please DM us your email and we can help reverse eligible fees.",Sat Oct 07 08:10:00 +0000 2017,AmazonHelp,i was charged currency amount twice for order order number . please check your billing system.
101628,@AmazonHelp Tracking status says delivery attempted but nobody buzzed or knocked. Order #646-9850211-1656328.,We understand your concern regarding order #646-9850211-1656328. Please drop us a DM with your tracking link and postal code so we can check with the carrier.,Sun Oct 15 19:28:00 +0000 2017,AmazonHelp,tracking status says delivery attempted but nobody buzzed or knocked. order order number .
101630,@AmazonHelp Need a refund for #669-6254198-9284901. Sent back via drop-off locker 5 days ago.,"Hello! Once an item is received at our fulfillment center, refunds usually take 3-5 business days. Please DM us your order #669-6254198-9284901 to check status.",Wed Oct 18 09:25:00 +0000 2017,AmazonHelp,need a refund for order number . sent back via drop-off locker 5 days ago.
101632,@AmazonHelp shipment #329-1802525-1174416 is delayed by 3 days already. Any update on when it will arrive?,"Hi there, we're sorry to hear your order #329-1802525-1174416 is delayed! Please send us a DM at amzn.to/help with your details so we can investigate.",Wed Oct 18 03:55:00 +0000 2017,AmazonHelp,shipment order number is delayed by 3 days already. any update on when it will arrive?
101634,@AmazonHelp Thank you so much for the quick replacement on order #804-1880652-5356836. You guys are the best!,You're very welcome! We're so glad everything was resolved smoothly. Thank you for being a valued customer!,Wed Oct 18 15:35:00 +0000 2017,AmazonHelp,thank you so much for the quick replacement on order order number . you guys are the best!
101636,@AmazonHelp Just noticed an unauthorized charge of $47.99 for Prime membership that I never authorized.,"Hello, duplicate charges are often pending authorizations that drop off in 2-3 business days. Please DM us your order #241-8729158-3011612 to confirm.",Mon Oct 23 03:02:00 +0000 2017,AmazonHelp,just noticed an unauthorized charge of currency amount for prime membership that i never authorized.
101638,@AmazonHelp Lost access to my old phone number and now 2FA won't let me log into my account.,We're sorry you're having trouble accessing your account. Please send us a DM so we can securely guide you through the two-step verification reset.,Tue Oct 10 17:54:00 +0000 2017,AmazonHelp,lost access to my old phone number and now 2fa won't let me log into my account.
101640,@AmazonHelp Can someone check on order #606-2011111-4564746? It's a birthday gift and now it's late.,"Hi there, we're sorry to hear your order #606-2011111-4564746 is delayed! Please send us a DM at amzn.to/help with your details so we can investigate.",Tue Oct 10 20:55:00 +0000 2017,AmazonHelp,can someone check on order order number ? it's a birthday gift and now it's late.
101642,@AmazonHelp Website gives error 500 internal server error when trying to view my order history.,We apologize for the technical glitch! Our technical team is monitoring site stability. Please send us a DM with a screenshot if the error continues.,Tue Oct 17 22:12:00 +0000 2017,AmazonHelp,website gives error 500 internal server error when trying to view my order history.
101644,@AmazonHelp 5 stars to the agent who helped me reset my account this morning. Great experience!,"We're thrilled to hear Sarah was able to help! Thank you for choosing us, and please don't hesitate to reach out if you ever need anything else.",Sun Oct 15 08:30:00 +0000 2017,AmazonHelp,5 stars to the agent who helped me reset my account this morning. great experience!
101646,@AmazonHelp Why was my credit card charged $205.00 when my order total was only $12.00?,We apologize for the billing confusion. Please reach out via DM with the last 4 digits of the card and transaction date so we can inspect.,Mon Oct 23 01:11:00 +0000 2017,AmazonHelp,why was my credit card charged currency amount when my order total was only currency amount ?
101648,"@AmazonHelp My account was compromised or hacked, someone changed the email on file. Need help urgently!","Hi there, please ensure SMS isn't blocked by your carrier, or try clearing browser cache. If the issue persists, send us a DM.",Fri Oct 20 23:37:00 +0000 2017,AmazonHelp,"my account was compromised or hacked, someone changed the email on file. need help urgently!"
101650,"@AmazonHelp Received broken item in order #551-5573282-7203890. I want my money back, not a replacement.",Hi! We want to help get this sorted. Please send us a direct message with order #551-5573282-7203890 and return tracking number so we can verify with our billing team.,Thu Oct 19 16:51:00 +0000 2017,AmazonHelp,"received broken item in order order number . i want my money back, not a replacement."
101652,@AmazonHelp Just noticed an unauthorized charge of $125.00 for Prime membership that I never authorized.,"Hello, duplicate charges are often pending authorizations that drop off in 2-3 business days. Please DM us your order #642-9281506-9700973 to confirm.",Tue Oct 03 19:03:00 +0000 2017,AmazonHelp,just noticed an unauthorized charge of currency amount for prime membership that i never authorized.
101654,"@AmazonHelp Charged $40.99 annual subscription fee by mistake, please reverse this charge.",Hi! We'd be glad to look into this charge for you. Please send us a DM with the date and amount so we can locate the transaction securely.,Fri Oct 13 14:02:00 +0000 2017,AmazonHelp,"charged currency amount annual subscription fee by mistake, please reverse this charge."
101656,@AmazonHelp My tracking says delivered but I have not received anything for order #904-4415429-6832315!,"Hello! We apologize for the delivery issue with #904-4415429-6832315. Please check around your porch/neighbors, and if still missing, DM us your account email.",Mon Oct 23 01:45:00 +0000 2017,AmazonHelp,my tracking says delivered but i have not received anything for order order number !
101658,@AmazonHelp Does this product come with a power adapter or do I need to buy it separately?,Hello! Most electronics purchased from authorized sellers include standard warranty. Please DM us the product ASIN to check details.,Sun Oct 22 23:24:00 +0000 2017,AmazonHelp,does this product come with a power adapter or do i need to buy it separately?
101660,@AmazonHelp I returned item on order #281-5426369-2291460 over a week ago and still haven't received my refund.,Apologies for the inconvenience! Please DM us your account details so we can check on return #281-5426369-2291460 and expedite your refund.,Sun Oct 22 21:11:00 +0000 2017,AmazonHelp,i returned item on order order number over a week ago and still haven't received my refund.
101662,@AmazonHelp My tracking says delivered but I have not received anything for order #117-5876441-4830031!,We understand your concern regarding order #117-5876441-4830031. Please drop us a DM with your tracking link and postal code so we can check with the carrier.,Mon Oct 16 15:39:00 +0000 2017,AmazonHelp,my tracking says delivered but i have not received anything for order order number !
101664,@AmazonHelp Unable to sign in to my account from my new laptop. Says suspicious activity detected.,"Hello! If you suspect unauthorized access, please visit amzn.to/security immediately. You can also DM us your associated phone or email.",Sat Oct 28 11:43:00 +0000 2017,AmazonHelp,unable to sign in to my account from my new laptop. says suspicious activity detected.
101666,@AmazonHelp Can someone check on order #802-9712557-1347746? It's a birthday gift and now it's late.,"Hi there, we're sorry to hear your order #802-9712557-1347746 is delayed! Please send us a DM at amzn.to/help with your details so we can investigate.",Fri Oct 27 15:53:00 +0000 2017,AmazonHelp,can someone check on order order number ? it's a birthday gift and now it's late.
101668,@AmazonHelp Need a refund for #862-2497768-4252130. Sent back via drop-off locker 5 days ago.,We're sorry for the delay in your refund! Please reach out to us in DM with order #862-2497768-4252130 and your email address so we can review the return.,Tue Oct 17 06:02:00 +0000 2017,AmazonHelp,need a refund for order number . sent back via drop-off locker 5 days ago.
101670,@AmazonHelp Please cancel my order #527-5634657-6189583 and process a full refund immediately.,Apologies for the inconvenience! Please DM us your account details so we can check on return #527-5634657-6189583 and expedite your refund.,Sun Oct 22 02:01:00 +0000 2017,AmazonHelp,please cancel my order order number and process a full refund immediately.
101672,@AmazonHelp Incredible customer support experience today. Truly appreciate how fast my issue was handled.,You're very welcome! We're so glad everything was resolved smoothly. Thank you for being a valued customer!,Thu Oct 26 18:39:00 +0000 2017,AmazonHelp,incredible customer support experience today. truly appreciate how fast my issue was handled.
101674,@AmazonHelp Carrier marked order #598-5836199-2084084 as delivered at front door but there is no package anywhere.,We understand your concern regarding order #598-5836199-2084084. Please drop us a DM with your tracking link and postal code so we can check with the carrier.,Sat Oct 28 08:48:00 +0000 2017,AmazonHelp,carrier marked order order number as delivered at front door but there is no package anywhere.
101676,@AmazonHelp Ordered express next-day delivery on #413-1085400-8219619 and it still hasn't shipped!,We understand your concern regarding order #413-1085400-8219619. Please drop us a DM with your tracking link and postal code so we can check with the carrier.,Tue Oct 24 05:19:00 +0000 2017,AmazonHelp,ordered express next-day delivery on order number and it still hasn't shipped!
101678,@AmazonHelp Thank you so much for the quick replacement on order #674-3601089-2442898. You guys are the best!,You're very welcome! We're so glad everything was resolved smoothly. Thank you for being a valued customer!,Mon Oct 02 20:07:00 +0000 2017,AmazonHelp,thank you so much for the quick replacement on order order number . you guys are the best!
101680,@AmazonHelp Your support agent was extremely rude and unhelpful. Disgraceful treatment of a 10-year customer.,We are very sorry to hear this and take feedback like this seriously. Please send us a direct message with your account details and phone number so we can escalate to a supervisor.,Sat Oct 21 05:02:00 +0000 2017,AmazonHelp,your support agent was extremely rude and unhelpful. disgraceful treatment of a 10-year customer.
101682,@AmazonHelp Do you offer student discounts on annual Prime memberships?,Hi! You can check international shipping options and estimated import duties at checkout or by visiting amzn.to/shipping-rates.,Fri Oct 27 03:57:00 +0000 2017,AmazonHelp,do you offer student discounts on annual prime memberships?
101684,@AmazonHelp Lost access to my old phone number and now 2FA won't let me log into my account.,"Hi there, please ensure SMS isn't blocked by your carrier, or try clearing browser cache. If the issue persists, send us a DM.",Fri Oct 20 20:08:00 +0000 2017,AmazonHelp,lost access to my old phone number and now 2fa won't let me log into my account.
101686,@AmazonHelp I was told my refund of $248.00 for order #520-8739061-1464274 would be in my account in 3-5 days. It's been 10 days.,Hi! We want to help get this sorted. Please send us a direct message with order #520-8739061-1464274 and return tracking number so we can verify with our billing team.,Thu Oct 12 10:03:00 +0000 2017,AmazonHelp,i was told my refund of currency amount for order order number would be in my account in 3-5 days. it's been 10 days.
101688,"@AmazonHelp Help! Account locked due to too many failed attempts, how do I unlock it?","Hi there, please ensure SMS isn't blocked by your carrier, or try clearing browser cache. If the issue persists, send us a DM.",Tue Oct 03 20:22:00 +0000 2017,AmazonHelp,"help! account locked due to too many failed attempts, how do i unlock it?"
101690,"@AmazonHelp Where is my package? Order #949-2795982-6594923 was supposed to arrive this morning, still nothing!","Hi there, we're sorry to hear your order #949-2795982-6594923 is delayed! Please send us a DM at amzn.to/help with your details so we can investigate.",Fri Oct 27 23:34:00 +0000 2017,AmazonHelp,"where is my package? order order number was supposed to arrive this morning, still nothing!"
101692,@AmazonHelp Getting 'An unexpected error occurred' whenever I try to add items to my shopping cart.,"Hello! Please try accessing the site in an incognito window or restarting your device. If the bug persists, DM us your app version and device model.",Sun Oct 01 16:03:00 +0000 2017,AmazonHelp,getting 'an unexpected error occurred' whenever i try to add items to my shopping cart.
101694,@AmazonHelp Just noticed an unauthorized charge of $15.49 for Prime membership that I never authorized.,"Hello, duplicate charges are often pending authorizations that drop off in 2-3 business days. Please DM us your order #305-2924495-2126456 to confirm.",Fri Oct 06 02:10:00 +0000 2017,AmazonHelp,just noticed an unauthorized charge of currency amount for prime membership that i never authorized.
101696,@AmazonHelp shipment #617-8445994-7555091 is delayed by 3 days already. Any update on when it will arrive?,"Hello! We apologize for the delivery issue with #617-8445994-7555091. Please check around your porch/neighbors, and if still missing, DM us your account email.",Thu Oct 26 06:10:00 +0000 2017,AmazonHelp,shipment order number is delayed by 3 days already. any update on when it will arrive?
101698,@AmazonHelp Can I use Amazon gift cards to purchase digital books on Kindle?,Hello! Most electronics purchased from authorized sellers include standard warranty. Please DM us the product ASIN to check details.,Tue Oct 24 15:43:00 +0000 2017,AmazonHelp,can i use amazon gift cards to purchase digital books on kindle?
101700,@AmazonHelp Package #591-5865999-5856148 has been stuck in transit in transit hub for over 48 hours. What gives?,So sorry for the delay on #591-5865999-5856148! Please DM us your order details and we will check the transit status directly for you.,Fri Oct 06 06:15:00 +0000 2017,AmazonHelp,package order number has been stuck in transit in transit hub for over 48 hours. what gives?
101702,@AmazonHelp How long does it take for a refund to process to my original payment method for return #535-3485821-1469269?,"Hello! Once an item is received at our fulfillment center, refunds usually take 3-5 business days. Please DM us your order #535-3485821-1469269 to check status.",Sat Oct 21 14:30:00 +0000 2017,AmazonHelp,how long does it take for a refund to process to my original payment method for return order number ?
101704,@AmazonHelp Absolute scam. Stole my money and refusing to help. Give me someone who actually has authority.,We are very sorry to hear this and take feedback like this seriously. Please send us a direct message with your account details and phone number so we can escalate to a supervisor.,Wed Oct 25 06:31:00 +0000 2017,AmazonHelp,absolute scam. stole my money and refusing to help. give me someone who actually has authority.
101706,@AmazonHelp Unable to sign in to my account from my new laptop. Says suspicious activity detected.,"Hi there, please ensure SMS isn't blocked by your carrier, or try clearing browser cache. If the issue persists, send us a DM.",Mon Oct 23 09:23:00 +0000 2017,AmazonHelp,unable to sign in to my account from my new laptop. says suspicious activity detected.
101708,@AmazonHelp Amazon customer service never disappoints. Replaced my broken item with no hassle. Thanks!,Hearing this makes our day! Thank you for your feedback and support. We're always here to help!,Tue Oct 03 10:05:00 +0000 2017,AmazonHelp,amazon customer service never disappoints. replaced my broken item with no hassle. thanks!
101710,@AmazonHelp What is the return window for holiday purchases made in November?,Hello! Most electronics purchased from authorized sellers include standard warranty. Please DM us the product ASIN to check details.,Mon Oct 09 07:04:00 +0000 2017,AmazonHelp,what is the return window for holiday purchases made in november?
101712,@AmazonHelp Checkout page freezes when selecting saved shipping address.,"Hello! Please try accessing the site in an incognito window or restarting your device. If the bug persists, DM us your app version and device model.",Mon Oct 02 17:11:00 +0000 2017,AmazonHelp,checkout page freezes when selecting saved shipping address.
101714,@AmazonHelp Need a refund for #815-8541520-7335562. Sent back via drop-off locker 5 days ago.,Hi! We want to help get this sorted. Please send us a direct message with order #815-8541520-7335562 and return tracking number so we can verify with our billing team.,Tue Oct 10 12:46:00 +0000 2017,AmazonHelp,need a refund for order number . sent back via drop-off locker 5 days ago.
101716,@AmazonHelp I returned item on order #641-4226188-2443147 over a week ago and still haven't received my refund.,We're sorry for the delay in your refund! Please reach out to us in DM with order #641-4226188-2443147 and your email address so we can review the return.,Tue Oct 17 17:45:00 +0000 2017,AmazonHelp,i returned item on order order number over a week ago and still haven't received my refund.
101718,@AmazonHelp You guys billed me twice on the same day for order #985-2207374-6716187. Please fix this duplicate charge.,We apologize for the billing confusion. Please reach out via DM with the last 4 digits of the card and transaction date so we can inspect.,Thu Oct 26 19:15:00 +0000 2017,AmazonHelp,you guys billed me twice on the same day for order order number . please fix this duplicate charge.
101720,@AmazonHelp Do you offer student discounts on annual Prime memberships?,Hi! You can check international shipping options and estimated import duties at checkout or by visiting amzn.to/shipping-rates.,Tue Oct 24 01:44:00 +0000 2017,AmazonHelp,do you offer student discounts on annual prime memberships?
101722,@AmazonHelp My tracking says delivered but I have not received anything for order #653-6551912-1378200!,"Hello! We apologize for the delivery issue with #653-6551912-1378200. Please check around your porch/neighbors, and if still missing, DM us your account email.",Wed Oct 04 18:41:00 +0000 2017,AmazonHelp,my tracking says delivered but i have not received anything for order order number !
101724,@AmazonHelp Just noticed an unauthorized charge of $94.50 for Prime membership that I never authorized.,"Sorry for the unexpected charge! If you did not intend to renew Prime, please DM us your email and we can help reverse eligible fees.",Mon Oct 02 17:45:00 +0000 2017,AmazonHelp,just noticed an unauthorized charge of currency amount for prime membership that i never authorized.
101726,@AmazonHelp Return status says received at warehouse but refund not initiated for #367-4364020-6612670. Please help.,"Hello! Once an item is received at our fulfillment center, refunds usually take 3-5 business days. Please DM us your order #367-4364020-6612670 to check status.",Mon Oct 23 20:06:00 +0000 2017,AmazonHelp,return status says received at warehouse but refund not initiated for order number . please help.
101728,@AmazonHelp Does this product come with a power adapter or do I need to buy it separately?,Hello! Most electronics purchased from authorized sellers include standard warranty. Please DM us the product ASIN to check details.,Tue Oct 03 06:36:00 +0000 2017,AmazonHelp,does this product come with a power adapter or do i need to buy it separately?
101730,"@AmazonHelp Where is my package? Order #619-4778984-6876348 was supposed to arrive yesterday, still nothing!","Hi there, we're sorry to hear your order #619-4778984-6876348 is delayed! Please send us a DM at amzn.to/help with your details so we can investigate.",Tue Oct 10 07:17:00 +0000 2017,AmazonHelp,"where is my package? order order number was supposed to arrive yesterday, still nothing!"
101732,"@AmazonHelp Charged $28.50 annual subscription fee by mistake, please reverse this charge.","Sorry for the unexpected charge! If you did not intend to renew Prime, please DM us your email and we can help reverse eligible fees.",Sat Oct 07 15:29:00 +0000 2017,AmazonHelp,"charged currency amount annual subscription fee by mistake, please reverse this charge."
101734,"@AmazonHelp Received broken item in order #730-7169127-6902041. I want my money back, not a replacement.","Hello! Once an item is received at our fulfillment center, refunds usually take 3-5 business days. Please DM us your order #730-7169127-6902041 to check status.",Sun Oct 01 19:59:00 +0000 2017,AmazonHelp,"received broken item in order order number . i want my money back, not a replacement."
101736,@AmazonHelp Please cancel my order #870-9996238-1768056 and process a full refund immediately.,"Hello! Once an item is received at our fulfillment center, refunds usually take 3-5 business days. Please DM us your order #870-9996238-1768056 to check status.",Sat Oct 21 08:02:00 +0000 2017,AmazonHelp,please cancel my order order number and process a full refund immediately.
101738,@AmazonHelp Please cancel my order #421-6866446-5097740 and process a full refund immediately.,"Hello! Once an item is received at our fulfillment center, refunds usually take 3-5 business days. Please DM us your order #421-6866446-5097740 to check status.",Thu Oct 12 18:18:00 +0000 2017,AmazonHelp,please cancel my order order number and process a full refund immediately.
101740,@AmazonHelp Package #822-6988766-4695807 has been stuck in transit in transit hub for over 48 hours. What gives?,We understand your concern regarding order #822-6988766-4695807. Please drop us a DM with your tracking link and postal code so we can check with the carrier.,Thu Oct 26 00:23:00 +0000 2017,AmazonHelp,package order number has been stuck in transit in transit hub for over 48 hours. what gives?
101742,@AmazonHelp Carrier marked order #454-7892648-9157211 as delivered at front door but there is no package anywhere.,We understand your concern regarding order #454-7892648-9157211. Please drop us a DM with your tracking link and postal code so we can check with the carrier.,Thu Oct 26 13:00:00 +0000 2017,AmazonHelp,carrier marked order order number as delivered at front door but there is no package anywhere.
101744,"@AmazonHelp Where is my package? Order #842-3381714-1601759 was supposed to arrive yesterday, still nothing!",So sorry for the delay on #842-3381714-1601759! Please DM us your order details and we will check the transit status directly for you.,Mon Oct 02 21:53:00 +0000 2017,AmazonHelp,"where is my package? order order number was supposed to arrive yesterday, still nothing!"
101746,@AmazonHelp I returned item on order #493-6040091-2417562 over a week ago and still haven't received my refund.,Apologies for the inconvenience! Please DM us your account details so we can check on return #493-6040091-2417562 and expedite your refund.,Sat Oct 21 14:00:00 +0000 2017,AmazonHelp,i returned item on order order number over a week ago and still haven't received my refund.
101748,@AmazonHelp Ordered express next-day delivery on #488-4094168-8232405 and it still hasn't shipped!,"Hi there, we're sorry to hear your order #488-4094168-8232405 is delayed! Please send us a DM at amzn.to/help with your details so we can investigate.",Mon Oct 16 16:15:00 +0000 2017,AmazonHelp,ordered express next-day delivery on order number and it still hasn't shipped!
101750,@AmazonHelp Are recyclable packaging options available for fragile items?,"Hi there! Yes, Amazon gift cards can be applied to Kindle digital purchases. Check out amzn.to/giftcard-faq for more information.",Sun Oct 22 11:17:00 +0000 2017,AmazonHelp,are recyclable packaging options available for fragile items?
101752,@AmazonHelp I was charged $56.50 twice for order #681-9705913-5363765. Please check your billing system.,We apologize for the billing confusion. Please reach out via DM with the last 4 digits of the card and transaction date so we can inspect.,Fri Oct 13 20:43:00 +0000 2017,AmazonHelp,i was charged currency amount twice for order order number . please check your billing system.
101754,@AmazonHelp Your support team went above and beyond today. Thank you for the courteous and prompt help!,You're very welcome! We're so glad everything was resolved smoothly. Thank you for being a valued customer!,Sun Oct 29 01:06:00 +0000 2017,AmazonHelp,your support team went above and beyond today. thank you for the courteous and prompt help!
101756,@AmazonHelp Can someone check on order #682-6385308-5437867? It's a birthday gift and now it's late.,"Hi there, we're sorry to hear your order #682-6385308-5437867 is delayed! Please send us a DM at amzn.to/help with your details so we can investigate.",Tue Oct 03 01:26:00 +0000 2017,AmazonHelp,can someone check on order order number ? it's a birthday gift and now it's late.
101758,"@AmazonHelp Help! Account locked due to too many failed attempts, how do I unlock it?",We're sorry you're having trouble accessing your account. Please send us a DM so we can securely guide you through the two-step verification reset.,Fri Oct 13 22:38:00 +0000 2017,AmazonHelp,"help! account locked due to too many failed attempts, how do i unlock it?"
101760,@AmazonHelp Can I use Amazon gift cards to purchase digital books on Kindle?,"Hello! Our standard return policy is 30 days, but extended holiday return windows often apply. Let us know if you have a specific item in mind!",Sun Oct 15 19:37:00 +0000 2017,AmazonHelp,can i use amazon gift cards to purchase digital books on kindle?
101762,@AmazonHelp Locked out of my account. The OTP verification code is not being sent to my phone.,We're sorry you're having trouble accessing your account. Please send us a DM so we can securely guide you through the two-step verification reset.,Fri Oct 06 08:15:00 +0000 2017,AmazonHelp,locked out of my account. the otp verification code is not being sent to my phone.
101764,@AmazonHelp I forgot my password and the password reset link is never arriving in my inbox.,"Hi there, please ensure SMS isn't blocked by your carrier, or try clearing browser cache. If the issue persists, send us a DM.",Sat Oct 07 21:17:00 +0000 2017,AmazonHelp,i forgot my password and the password reset link is never arriving in my inbox.
101766,@AmazonHelp I returned item on order #907-7044611-6620128 over a week ago and still haven't received my refund.,We're sorry for the delay in your refund! Please reach out to us in DM with order #907-7044611-6620128 and your email address so we can review the return.,Tue Oct 03 09:44:00 +0000 2017,AmazonHelp,i returned item on order order number over a week ago and still haven't received my refund.
101768,@AmazonHelp Absolute scam. Stole my money and refusing to help. Give me someone who actually has authority.,We are very sorry to hear this and take feedback like this seriously. Please send us a direct message with your account details and phone number so we can escalate to a supervisor.,Fri Oct 27 21:27:00 +0000 2017,AmazonHelp,absolute scam. stole my money and refusing to help. give me someone who actually has authority.
101770,@AmazonHelp Just noticed an unauthorized charge of $34.49 for Prime membership that I never authorized.,Hi! We'd be glad to look into this charge for you. Please send us a DM with the date and amount so we can locate the transaction securely.,Sun Oct 22 20:55:00 +0000 2017,AmazonHelp,just noticed an unauthorized charge of currency amount for prime membership that i never authorized.
101772,@AmazonHelp Lost access to my old phone number and now 2FA won't let me log into my account.,We're sorry you're having trouble accessing your account. Please send us a DM so we can securely guide you through the two-step verification reset.,Sun Oct 15 16:52:00 +0000 2017,AmazonHelp,lost access to my old phone number and now 2fa won't let me log into my account.
101774,@AmazonHelp You guys billed me twice on the same day for order #555-7877413-7071358. Please fix this duplicate charge.,"Hello, duplicate charges are often pending authorizations that drop off in 2-3 business days. Please DM us your order #555-7877413-7071358 to confirm.",Fri Oct 20 10:30:00 +0000 2017,AmazonHelp,you guys billed me twice on the same day for order order number . please fix this duplicate charge.
101776,@AmazonHelp Can you explain the invoice breakdown for #946-3101870-5109477? There's an extra charge of $213.50.,We apologize for the billing confusion. Please reach out via DM with the last 4 digits of the card and transaction date so we can inspect.,Sun Oct 15 15:49:00 +0000 2017,AmazonHelp,can you explain the invoice breakdown for order number ? there's an extra charge of currency amount .
101778,@AmazonHelp Can someone check on order #531-9472929-3489714? It's a birthday gift and now it's late.,"Hi there, we're sorry to hear your order #531-9472929-3489714 is delayed! Please send us a DM at amzn.to/help with your details so we can investigate.",Fri Oct 06 20:57:00 +0000 2017,AmazonHelp,can someone check on order order number ? it's a birthday gift and now it's late.
101780,@AmazonHelp Please cancel my order #667-8882947-2694421 and process a full refund immediately.,We're sorry for the delay in your refund! Please reach out to us in DM with order #667-8882947-2694421 and your email address so we can review the return.,Wed Oct 25 11:09:00 +0000 2017,AmazonHelp,please cancel my order order number and process a full refund immediately.
101782,@AmazonHelp Absolute scam. Stole my money and refusing to help. Give me someone who actually has authority.,We hear your frustration and apologize for the breakdown in communication. Please DM us your order #462-3138306-7749767 so we can urgently review this with our leadership team.,Sun Oct 29 01:56:00 +0000 2017,AmazonHelp,absolute scam. stole my money and refusing to help. give me someone who actually has authority.
101784,@AmazonHelp Tracking status says delivery attempted but nobody buzzed or knocked. Order #839-1758962-2237362.,We understand your concern regarding order #839-1758962-2237362. Please drop us a DM with your tracking link and postal code so we can check with the carrier.,Mon Oct 23 02:08:00 +0000 2017,AmazonHelp,tracking status says delivery attempted but nobody buzzed or knocked. order order number .
101786,"@AmazonHelp Wishlist won't let me remove deleted items, says 'Failed to update wishlist'.","Hello! Please try accessing the site in an incognito window or restarting your device. If the bug persists, DM us your app version and device model.",Mon Oct 09 10:02:00 +0000 2017,AmazonHelp,"wishlist won't let me remove deleted items, says 'failed to update wishlist'."
101788,"@AmazonHelp Wishlist won't let me remove deleted items, says 'Failed to update wishlist'.","Hello! Please try accessing the site in an incognito window or restarting your device. If the bug persists, DM us your app version and device model.",Wed Oct 18 20:31:00 +0000 2017,AmazonHelp,"wishlist won't let me remove deleted items, says 'failed to update wishlist'."
101790,@AmazonHelp The video streaming player on Prime Video keeps stuttering and buffering on my Smart TV.,"Hello! Please try accessing the site in an incognito window or restarting your device. If the bug persists, DM us your app version and device model.",Fri Oct 06 18:30:00 +0000 2017,AmazonHelp,the video streaming player on prime video keeps stuttering and buffering on my smart tv.
101792,@AmazonHelp How long does it take for a refund to process to my original payment method for return #549-4751945-3840731?,We're sorry for the delay in your refund! Please reach out to us in DM with order #549-4751945-3840731 and your email address so we can review the return.,Tue Oct 10 18:56:00 +0000 2017,AmazonHelp,how long does it take for a refund to process to my original payment method for return order number ?
101794,@AmazonHelp Does this product come with a power adapter or do I need to buy it separately?,Hi! You can check international shipping options and estimated import duties at checkout or by visiting amzn.to/shipping-rates.,Tue Oct 10 14:54:00 +0000 2017,AmazonHelp,does this product come with a power adapter or do i need to buy it separately?
101796,@AmazonHelp This is completely unacceptable. I want to speak to a supervisor or corporate manager right now!,This is definitely not the experience we want for our customers. Please reach out in DM with your contact information so an escalation manager can connect with you.,Mon Oct 23 19:46:00 +0000 2017,AmazonHelp,this is completely unacceptable. i want to speak to a supervisor or corporate manager right now!
101798,@AmazonHelp Ordered express next-day delivery on #240-5671669-2953918 and it still hasn't shipped!,"Hello! We apologize for the delivery issue with #240-5671669-2953918. Please check around your porch/neighbors, and if still missing, DM us your account email.",Mon Oct 16 15:17:00 +0000 2017,AmazonHelp,ordered express next-day delivery on order number and it still hasn't shipped!
101800,@AmazonHelp Lost access to my old phone number and now 2FA won't let me log into my account.,We're sorry you're having trouble accessing your account. Please send us a DM so we can securely guide you through the two-step verification reset.,Thu Oct 26 18:41:00 +0000 2017,AmazonHelp,lost access to my old phone number and now 2fa won't let me log into my account.
101802,@AmazonHelp What is the return window for holiday purchases made in November?,"Hi there! Yes, Amazon gift cards can be applied to Kindle digital purchases. Check out amzn.to/giftcard-faq for more information.",Sun Oct 08 06:25:00 +0000 2017,AmazonHelp,what is the return window for holiday purchases made in november?
101804,@AmazonHelp What is the return window for holiday purchases made in November?,Hi! You can check international shipping options and estimated import duties at checkout or by visiting amzn.to/shipping-rates.,Wed Oct 04 10:29:00 +0000 2017,AmazonHelp,what is the return window for holiday purchases made in november?
101806,"@AmazonHelp Two-factor authentication is failing, says invalid token even though it's correct.","Hello! If you suspect unauthorized access, please visit amzn.to/security immediately. You can also DM us your associated phone or email.",Wed Oct 25 12:25:00 +0000 2017,AmazonHelp,"two-factor authentication is failing, says invalid token even though it's correct."
101808,@AmazonHelp 5 stars to the agent who helped me reset my account this morning. Great experience!,You're very welcome! We're so glad everything was resolved smoothly. Thank you for being a valued customer!,Mon Oct 23 06:21:00 +0000 2017,AmazonHelp,5 stars to the agent who helped me reset my account this morning. great experience!
101810,@AmazonHelp shipment #215-5819613-8039619 is delayed by 3 days already. Any update on when it will arrive?,So sorry for the delay on #215-5819613-8039619! Please DM us your order details and we will check the transit status directly for you.,Fri Oct 06 13:01:00 +0000 2017,AmazonHelp,shipment order number is delayed by 3 days already. any update on when it will arrive?
101812,@AmazonHelp I was charged $230.50 twice for order #821-3148454-9115789. Please check your billing system.,We apologize for the billing confusion. Please reach out via DM with the last 4 digits of the card and transaction date so we can inspect.,Tue Oct 24 11:19:00 +0000 2017,AmazonHelp,i was charged currency amount twice for order order number . please check your billing system.
101814,@AmazonHelp I demand an immediate escalation to executive customer relations. No more generic bot answers!,This is definitely not the experience we want for our customers. Please reach out in DM with your contact information so an escalation manager can connect with you.,Thu Oct 19 12:28:00 +0000 2017,AmazonHelp,i demand an immediate escalation to executive customer relations. no more generic bot answers!
101816,"@AmazonHelp If my issue is not resolved today, I will be taking legal action with my attorney. Order #374-9145428-4673341.",We are very sorry to hear this and take feedback like this seriously. Please send us a direct message with your account details and phone number so we can escalate to a supervisor.,Tue Oct 10 18:14:00 +0000 2017,AmazonHelp,"if my issue is not resolved today, i will be taking legal action with my attorney. order order number ."
101818,@AmazonHelp My tracking says delivered but I have not received anything for order #728-6531182-3167873!,We understand your concern regarding order #728-6531182-3167873. Please drop us a DM with your tracking link and postal code so we can check with the carrier.,Thu Oct 26 12:55:00 +0000 2017,AmazonHelp,my tracking says delivered but i have not received anything for order order number !
101820,@AmazonHelp Can you explain the invoice breakdown for #631-4530989-7074992? There's an extra charge of $152.49.,"Hello, duplicate charges are often pending authorizations that drop off in 2-3 business days. Please DM us your order #631-4530989-7074992 to confirm.",Mon Oct 16 11:06:00 +0000 2017,AmazonHelp,can you explain the invoice breakdown for order number ? there's an extra charge of currency amount .
101822,@AmazonHelp Tracking status says delivery attempted but nobody buzzed or knocked. Order #850-5172556-1228856.,So sorry for the delay on #850-5172556-1228856! Please DM us your order details and we will check the transit status directly for you.,Sun Oct 08 12:26:00 +0000 2017,AmazonHelp,tracking status says delivery attempted but nobody buzzed or knocked. order order number .
101824,@AmazonHelp I was told my refund of $84.00 for order #335-5149152-1566701 would be in my account in 3-5 days. It's been 10 days.,Hi! We want to help get this sorted. Please send us a direct message with order #335-5149152-1566701 and return tracking number so we can verify with our billing team.,Wed Oct 04 20:36:00 +0000 2017,AmazonHelp,i was told my refund of currency amount for order order number would be in my account in 3-5 days. it's been 10 days.
101826,@AmazonHelp Unable to sign in to my account from my new laptop. Says suspicious activity detected.,"Hello! If you suspect unauthorized access, please visit amzn.to/security immediately. You can also DM us your associated phone or email.",Tue Oct 24 16:38:00 +0000 2017,AmazonHelp,unable to sign in to my account from my new laptop. says suspicious activity detected.
101828,@AmazonHelp Please cancel my order #569-4400182-2672339 and process a full refund immediately.,We're sorry for the delay in your refund! Please reach out to us in DM with order #569-4400182-2672339 and your email address so we can review the return.,Thu Oct 26 21:46:00 +0000 2017,AmazonHelp,please cancel my order order number and process a full refund immediately.
101830,@AmazonHelp Lost access to my old phone number and now 2FA won't let me log into my account.,"Hi! For your security, please don't share passwords publicly. Please visit amzn.to/account-recovery or DM us to begin identity verification.",Wed Oct 11 13:45:00 +0000 2017,AmazonHelp,lost access to my old phone number and now 2fa won't let me log into my account.
101832,@AmazonHelp Amazon customer service never disappoints. Replaced my broken item with no hassle. Thanks!,"We're thrilled to hear Sarah was able to help! Thank you for choosing us, and please don't hesitate to reach out if you ever need anything else.",Thu Oct 05 04:22:00 +0000 2017,AmazonHelp,amazon customer service never disappoints. replaced my broken item with no hassle. thanks!
101834,@AmazonHelp My subscription auto-renewed even though I turned off auto-renew last week!,Hi! We'd be glad to look into this charge for you. Please send us a DM with the date and amount so we can locate the transaction securely.,Mon Oct 23 19:57:00 +0000 2017,AmazonHelp,my subscription auto-renewed even though i turned off auto-renew last week!
101836,@AmazonHelp How long does it take for a refund to process to my original payment method for return #858-6668492-3526849?,We're sorry for the delay in your refund! Please reach out to us in DM with order #858-6668492-3526849 and your email address so we can review the return.,Thu Oct 26 23:19:00 +0000 2017,AmazonHelp,how long does it take for a refund to process to my original payment method for return order number ?
101838,"@AmazonHelp Every time I try to log in, it loops back to the login screen without an error message.","Hi! For your security, please don't share passwords publicly. Please visit amzn.to/account-recovery or DM us to begin identity verification.",Sat Oct 07 04:02:00 +0000 2017,AmazonHelp,"every time i try to log in, it loops back to the login screen without an error message."
101840,@AmazonHelp Can someone check on order #866-3038057-3788322? It's a birthday gift and now it's late.,"Hello! We apologize for the delivery issue with #866-3038057-3788322. Please check around your porch/neighbors, and if still missing, DM us your account email.",Wed Oct 25 06:00:00 +0000 2017,AmazonHelp,can someone check on order order number ? it's a birthday gift and now it's late.
101842,@AmazonHelp Package #995-8015348-7700915 has been stuck in transit in transit hub for over 48 hours. What gives?,We understand your concern regarding order #995-8015348-7700915. Please drop us a DM with your tracking link and postal code so we can check with the carrier.,Wed Oct 18 06:56:00 +0000 2017,AmazonHelp,package order number has been stuck in transit in transit hub for over 48 hours. what gives?
101844,@AmazonHelp Can you explain the invoice breakdown for #244-5868694-9778699? There's an extra charge of $190.49.,"Sorry for the unexpected charge! If you did not intend to renew Prime, please DM us your email and we can help reverse eligible fees.",Tue Oct 10 23:04:00 +0000 2017,AmazonHelp,can you explain the invoice breakdown for order number ? there's an extra charge of currency amount .
101846,@AmazonHelp You have lied to me three times about my delivery. I am reporting this fraud to the Better Business Bureau.,We are very sorry to hear this and take feedback like this seriously. Please send us a direct message with your account details and phone number so we can escalate to a supervisor.,Wed Oct 04 10:15:00 +0000 2017,AmazonHelp,you have lied to me three times about my delivery. i am reporting this fraud to the better business bureau.
101848,@AmazonHelp Need a refund for #292-4343156-2574505. Sent back via drop-off locker 5 days ago.,We're sorry for the delay in your refund! Please reach out to us in DM with order #292-4343156-2574505 and your email address so we can review the return.,Tue Oct 17 07:48:00 +0000 2017,AmazonHelp,need a refund for order number . sent back via drop-off locker 5 days ago.
101850,@AmazonHelp Unable to sign in to my account from my new laptop. Says suspicious activity detected.,"Hello! If you suspect unauthorized access, please visit amzn.to/security immediately. You can also DM us your associated phone or email.",Thu Oct 19 17:29:00 +0000 2017,AmazonHelp,unable to sign in to my account from my new laptop. says suspicious activity detected.
101852,@AmazonHelp Why was my credit card charged $166.49 when my order total was only $8.00?,We apologize for the billing confusion. Please reach out via DM with the last 4 digits of the card and transaction date so we can inspect.,Fri Oct 06 00:46:00 +0000 2017,AmazonHelp,why was my credit card charged currency amount when my order total was only currency amount ?
101854,@AmazonHelp Search bar on the website is completely unresponsive on Chrome desktop.,"Hi! Thanks for bringing this to our attention. Have you tried reinstalling the app or clearing your cache? If so, please DM us your device OS version.",Wed Oct 11 22:14:00 +0000 2017,AmazonHelp,search bar on the website is completely unresponsive on chrome desktop.
101856,"@AmazonHelp Where is my package? Order #922-3457722-3404734 was supposed to arrive yesterday, still nothing!","Hello! We apologize for the delivery issue with #922-3457722-3404734. Please check around your porch/neighbors, and if still missing, DM us your account email.",Sat Oct 21 09:16:00 +0000 2017,AmazonHelp,"where is my package? order order number was supposed to arrive yesterday, still nothing!"
101858,"@AmazonHelp Charged $209.00 annual subscription fee by mistake, please reverse this charge.","Sorry for the unexpected charge! If you did not intend to renew Prime, please DM us your email and we can help reverse eligible fees.",Sun Oct 15 13:32:00 +0000 2017,AmazonHelp,"charged currency amount annual subscription fee by mistake, please reverse this charge."
101860,@AmazonHelp Need a refund for #180-4588635-3786969. Sent back via drop-off locker 5 days ago.,Apologies for the inconvenience! Please DM us your account details so we can check on return #180-4588635-3786969 and expedite your refund.,Thu Oct 12 18:40:00 +0000 2017,AmazonHelp,need a refund for order number . sent back via drop-off locker 5 days ago.
101862,"@AmazonHelp Two-factor authentication is failing, says invalid token even though it's correct.",We're sorry you're having trouble accessing your account. Please send us a DM so we can securely guide you through the two-step verification reset.,Wed Oct 18 09:44:00 +0000 2017,AmazonHelp,"two-factor authentication is failing, says invalid token even though it's correct."
101864,@AmazonHelp This is completely unacceptable. I want to speak to a supervisor or corporate manager right now!,We hear your frustration and apologize for the breakdown in communication. Please DM us your order #110-4285584-8416881 so we can urgently review this with our leadership team.,Tue Oct 24 06:12:00 +0000 2017,AmazonHelp,this is completely unacceptable. i want to speak to a supervisor or corporate manager right now!
101866,@AmazonHelp I was charged $116.00 twice for order #134-5612919-9031838. Please check your billing system.,Hi! We'd be glad to look into this charge for you. Please send us a DM with the date and amount so we can locate the transaction securely.,Sun Oct 22 19:15:00 +0000 2017,AmazonHelp,i was charged currency amount twice for order order number . please check your billing system.
101868,@AmazonHelp Why was my credit card charged $206.00 when my order total was only $6.99?,"Hello, duplicate charges are often pending authorizations that drop off in 2-3 business days. Please DM us your order #602-3915393-8943146 to confirm.",Sat Oct 07 08:48:00 +0000 2017,AmazonHelp,why was my credit card charged currency amount when my order total was only currency amount ?
101870,@AmazonHelp How long does it take for a refund to process to my original payment method for return #966-3003648-1940329?,We're sorry for the delay in your refund! Please reach out to us in DM with order #966-3003648-1940329 and your email address so we can review the return.,Mon Oct 02 03:13:00 +0000 2017,AmazonHelp,how long does it take for a refund to process to my original payment method for return order number ?
101872,@AmazonHelp Are recyclable packaging options available for fragile items?,Hi! You can check international shipping options and estimated import duties at checkout or by visiting amzn.to/shipping-rates.,Tue Oct 10 03:45:00 +0000 2017,AmazonHelp,are recyclable packaging options available for fragile items?
101874,@AmazonHelp Tracking status says delivery attempted but nobody buzzed or knocked. Order #373-2408761-3895499.,"Hello! We apologize for the delivery issue with #373-2408761-3895499. Please check around your porch/neighbors, and if still missing, DM us your account email.",Sun Oct 01 12:32:00 +0000 2017,AmazonHelp,tracking status says delivery attempted but nobody buzzed or knocked. order order number .
101876,@AmazonHelp Please cancel my order #459-2974922-6728622 and process a full refund immediately.,"Hello! Once an item is received at our fulfillment center, refunds usually take 3-5 business days. Please DM us your order #459-2974922-6728622 to check status.",Thu Oct 05 07:24:00 +0000 2017,AmazonHelp,please cancel my order order number and process a full refund immediately.
101878,@AmazonHelp Please cancel my order #741-1337345-3840983 and process a full refund immediately.,We're sorry for the delay in your refund! Please reach out to us in DM with order #741-1337345-3840983 and your email address so we can review the return.,Tue Oct 10 01:44:00 +0000 2017,AmazonHelp,please cancel my order order number and process a full refund immediately.
101880,"@AmazonHelp Received broken item in order #488-5816345-3986412. I want my money back, not a replacement.",We're sorry for the delay in your refund! Please reach out to us in DM with order #488-5816345-3986412 and your email address so we can review the return.,Tue Oct 10 10:37:00 +0000 2017,AmazonHelp,"received broken item in order order number . i want my money back, not a replacement."
101882,@AmazonHelp Thank you @AmazonHelp for resolving my billing query so smoothly today!,"We're thrilled to hear Sarah was able to help! Thank you for choosing us, and please don't hesitate to reach out if you ever need anything else.",Sat Oct 28 00:14:00 +0000 2017,AmazonHelp,thank you for resolving my billing query so smoothly today!
101884,@AmazonHelp Package #682-4534335-8278852 has been stuck in transit in transit hub for over 48 hours. What gives?,"Hi there, we're sorry to hear your order #682-4534335-8278852 is delayed! Please send us a DM at amzn.to/help with your details so we can investigate.",Tue Oct 10 23:10:00 +0000 2017,AmazonHelp,package order number has been stuck in transit in transit hub for over 48 hours. what gives?
101886,@AmazonHelp Ordered express next-day delivery on #367-1527610-2934382 and it still hasn't shipped!,We understand your concern regarding order #367-1527610-2934382. Please drop us a DM with your tracking link and postal code so we can check with the carrier.,Wed Oct 18 13:47:00 +0000 2017,AmazonHelp,ordered express next-day delivery on order number and it still hasn't shipped!
101888,@AmazonHelp You guys billed me twice on the same day for order #134-6408505-2755114. Please fix this duplicate charge.,We apologize for the billing confusion. Please reach out via DM with the last 4 digits of the card and transaction date so we can inspect.,Thu Oct 05 22:28:00 +0000 2017,AmazonHelp,you guys billed me twice on the same day for order order number . please fix this duplicate charge.
101890,"@AmazonHelp Unbelievable negligence. Damaged goods, ruined anniversary, zero accountability from your team.",This is definitely not the experience we want for our customers. Please reach out in DM with your contact information so an escalation manager can connect with you.,Thu Oct 19 13:11:00 +0000 2017,AmazonHelp,"unbelievable negligence. damaged goods, ruined anniversary, zero accountability from your team."
101892,@AmazonHelp Is the manufacturer warranty valid if I buy an electronic item through third party sellers?,"Hello! Our standard return policy is 30 days, but extended holiday return windows often apply. Let us know if you have a specific item in mind!",Fri Oct 13 15:13:00 +0000 2017,AmazonHelp,is the manufacturer warranty valid if i buy an electronic item through third party sellers?
101894,@AmazonHelp I was told my refund of $57.99 for order #129-3751899-9593363 would be in my account in 3-5 days. It's been 10 days.,We're sorry for the delay in your refund! Please reach out to us in DM with order #129-3751899-9593363 and your email address so we can review the return.,Mon Oct 16 12:54:00 +0000 2017,AmazonHelp,i was told my refund of currency amount for order order number would be in my account in 3-5 days. it's been 10 days.
101896,@AmazonHelp Incredible customer support experience today. Truly appreciate how fast my issue was handled.,"We're thrilled to hear Sarah was able to help! Thank you for choosing us, and please don't hesitate to reach out if you ever need anything else.",Sun Oct 15 02:05:00 +0000 2017,AmazonHelp,incredible customer support experience today. truly appreciate how fast my issue was handled.
101898,@AmazonHelp Can someone check on order #341-4411176-8324074? It's a birthday gift and now it's late.,"Hello! We apologize for the delivery issue with #341-4411176-8324074. Please check around your porch/neighbors, and if still missing, DM us your account email.",Thu Oct 05 22:08:00 +0000 2017,AmazonHelp,can someone check on order order number ? it's a birthday gift and now it's late.
101900,"@AmazonHelp Every time I try to log in, it loops back to the login screen without an error message.",We're sorry you're having trouble accessing your account. Please send us a DM so we can securely guide you through the two-step verification reset.,Sat Oct 07 10:51:00 +0000 2017,AmazonHelp,"every time i try to log in, it loops back to the login screen without an error message."
101902,@AmazonHelp Your iOS app keeps crashing every time I tap the checkout button. Version 18.2.,We apologize for the technical glitch! Our technical team is monitoring site stability. Please send us a DM with a screenshot if the error continues.,Mon Oct 09 11:36:00 +0000 2017,AmazonHelp,your ios app keeps crashing every time i tap the checkout button. version 18.2.
101904,@AmazonHelp Need a refund for #448-9413034-1026701. Sent back via drop-off locker 5 days ago.,We're sorry for the delay in your refund! Please reach out to us in DM with order #448-9413034-1026701 and your email address so we can review the return.,Tue Oct 10 23:44:00 +0000 2017,AmazonHelp,need a refund for order number . sent back via drop-off locker 5 days ago.
101906,@AmazonHelp Need a refund for #447-7443567-4017812. Sent back via drop-off locker 5 days ago.,"Hello! Once an item is received at our fulfillment center, refunds usually take 3-5 business days. Please DM us your order #447-7443567-4017812 to check status.",Fri Oct 20 13:39:00 +0000 2017,AmazonHelp,need a refund for order number . sent back via drop-off locker 5 days ago.
101908,"@AmazonHelp Where is my package? Order #798-9679668-2785608 was supposed to arrive on Friday, still nothing!","Hello! We apologize for the delivery issue with #798-9679668-2785608. Please check around your porch/neighbors, and if still missing, DM us your account email.",Sat Oct 07 05:38:00 +0000 2017,AmazonHelp,"where is my package? order order number was supposed to arrive on friday, still nothing!"
101910,"@AmazonHelp Every time I try to log in, it loops back to the login screen without an error message.","Hello! If you suspect unauthorized access, please visit amzn.to/security immediately. You can also DM us your associated phone or email.",Fri Oct 06 15:40:00 +0000 2017,AmazonHelp,"every time i try to log in, it loops back to the login screen without an error message."
101912,@AmazonHelp How can I change my primary delivery address before placing an order?,Hi! You can check international shipping options and estimated import duties at checkout or by visiting amzn.to/shipping-rates.,Mon Oct 09 12:21:00 +0000 2017,AmazonHelp,how can i change my primary delivery address before placing an order?
101914,"@AmazonHelp Help! Account locked due to too many failed attempts, how do I unlock it?","Hi there, please ensure SMS isn't blocked by your carrier, or try clearing browser cache. If the issue persists, send us a DM.",Sun Oct 22 12:39:00 +0000 2017,AmazonHelp,"help! account locked due to too many failed attempts, how do i unlock it?"
101916,@AmazonHelp Tracking status says delivery attempted but nobody buzzed or knocked. Order #988-9214484-8721725.,We understand your concern regarding order #988-9214484-8721725. Please drop us a DM with your tracking link and postal code so we can check with the carrier.,Sat Oct 14 20:29:00 +0000 2017,AmazonHelp,tracking status says delivery attempted but nobody buzzed or knocked. order order number .
101918,@AmazonHelp Locked out of my account. The OTP verification code is not being sent to my phone.,"Hi! For your security, please don't share passwords publicly. Please visit amzn.to/account-recovery or DM us to begin identity verification.",Tue Oct 03 01:00:00 +0000 2017,AmazonHelp,locked out of my account. the otp verification code is not being sent to my phone.
101920,"@AmazonHelp Wishlist won't let me remove deleted items, says 'Failed to update wishlist'.","Hello! Please try accessing the site in an incognito window or restarting your device. If the bug persists, DM us your app version and device model.",Sun Oct 22 05:18:00 +0000 2017,AmazonHelp,"wishlist won't let me remove deleted items, says 'failed to update wishlist'."
101922,@AmazonHelp shipment #945-9783858-8691004 is delayed by 3 days already. Any update on when it will arrive?,"Hi there, we're sorry to hear your order #945-9783858-8691004 is delayed! Please send us a DM at amzn.to/help with your details so we can investigate.",Tue Oct 24 16:56:00 +0000 2017,AmazonHelp,shipment order number is delayed by 3 days already. any update on when it will arrive?
101924,@AmazonHelp Charged for an item I sent back last Monday. When will my refund of $117.00 arrive?,"Hello! Once an item is received at our fulfillment center, refunds usually take 3-5 business days. Please DM us your order #752-6066483-8088875 to check status.",Tue Oct 10 02:20:00 +0000 2017,AmazonHelp,charged for an item i sent back last monday. when will my refund of currency amount arrive?
101926,@AmazonHelp Charged for an item I sent back last Monday. When will my refund of $192.00 arrive?,Hi! We want to help get this sorted. Please send us a direct message with order #410-9624152-5089486 and return tracking number so we can verify with our billing team.,Mon Oct 09 19:51:00 +0000 2017,AmazonHelp,charged for an item i sent back last monday. when will my refund of currency amount arrive?
101928,"@AmazonHelp Two-factor authentication is failing, says invalid token even though it's correct.","Hi! For your security, please don't share passwords publicly. Please visit amzn.to/account-recovery or DM us to begin identity verification.",Fri Oct 20 05:34:00 +0000 2017,AmazonHelp,"two-factor authentication is failing, says invalid token even though it's correct."
101930,@AmazonHelp Carrier marked order #373-8758476-6337828 as delivered at front door but there is no package anywhere.,"Hi there, we're sorry to hear your order #373-8758476-6337828 is delayed! Please send us a DM at amzn.to/help with your details so we can investigate.",Sat Oct 14 11:24:00 +0000 2017,AmazonHelp,carrier marked order order number as delivered at front door but there is no package anywhere.
101932,@AmazonHelp How can I change my primary delivery address before placing an order?,"Hi there! Yes, Amazon gift cards can be applied to Kindle digital purchases. Check out amzn.to/giftcard-faq for more information.",Sat Oct 21 14:24:00 +0000 2017,AmazonHelp,how can i change my primary delivery address before placing an order?
101934,"@AmazonHelp Every time I try to log in, it loops back to the login screen without an error message.","Hi! For your security, please don't share passwords publicly. Please visit amzn.to/account-recovery or DM us to begin identity verification.",Fri Oct 27 09:02:00 +0000 2017,AmazonHelp,"every time i try to log in, it loops back to the login screen without an error message."
101936,@AmazonHelp You guys billed me twice on the same day for order #674-6793159-2394052. Please fix this duplicate charge.,"Sorry for the unexpected charge! If you did not intend to renew Prime, please DM us your email and we can help reverse eligible fees.",Sun Oct 08 11:18:00 +0000 2017,AmazonHelp,you guys billed me twice on the same day for order order number . please fix this duplicate charge.
101938,@AmazonHelp You guys billed me twice on the same day for order #739-6899311-8239885. Please fix this duplicate charge.,"Hello, duplicate charges are often pending authorizations that drop off in 2-3 business days. Please DM us your order #739-6899311-8239885 to confirm.",Wed Oct 25 20:12:00 +0000 2017,AmazonHelp,you guys billed me twice on the same day for order order number . please fix this duplicate charge.
101940,@AmazonHelp How long does it take for a refund to process to my original payment method for return #970-3071885-2627051?,We're sorry for the delay in your refund! Please reach out to us in DM with order #970-3071885-2627051 and your email address so we can review the return.,Thu Oct 19 15:08:00 +0000 2017,AmazonHelp,how long does it take for a refund to process to my original payment method for return order number ?
101942,@AmazonHelp Return status says received at warehouse but refund not initiated for #869-4653282-8015896. Please help.,Apologies for the inconvenience! Please DM us your account details so we can check on return #869-4653282-8015896 and expedite your refund.,Thu Oct 19 18:15:00 +0000 2017,AmazonHelp,return status says received at warehouse but refund not initiated for order number . please help.
101944,@AmazonHelp The video streaming player on Prime Video keeps stuttering and buffering on my Smart TV.,We're sorry for the app crash. Please ensure you are running the latest app update. DM us if you need further technical troubleshooting.,Mon Oct 09 05:10:00 +0000 2017,AmazonHelp,the video streaming player on prime video keeps stuttering and buffering on my smart tv.
101946,"@AmazonHelp Received broken item in order #768-8014552-8017399. I want my money back, not a replacement.",We're sorry for the delay in your refund! Please reach out to us in DM with order #768-8014552-8017399 and your email address so we can review the return.,Tue Oct 24 06:49:00 +0000 2017,AmazonHelp,"received broken item in order order number . i want my money back, not a replacement."
101948,@AmazonHelp Payment declined on my card even though there are sufficient funds available.,Hi! We'd be glad to look into this charge for you. Please send us a DM with the date and amount so we can locate the transaction securely.,Sat Oct 28 17:50:00 +0000 2017,AmazonHelp,payment declined on my card even though there are sufficient funds available.
101950,@AmazonHelp Need a refund for #623-4238532-3707494. Sent back via drop-off locker 5 days ago.,We're sorry for the delay in your refund! Please reach out to us in DM with order #623-4238532-3707494 and your email address so we can review the return.,Sat Oct 07 09:54:00 +0000 2017,AmazonHelp,need a refund for order number . sent back via drop-off locker 5 days ago.
101952,@AmazonHelp shipment #131-4473005-8737309 is delayed by 3 days already. Any update on when it will arrive?,So sorry for the delay on #131-4473005-8737309! Please DM us your order details and we will check the transit status directly for you.,Fri Oct 06 10:25:00 +0000 2017,AmazonHelp,shipment order number is delayed by 3 days already. any update on when it will arrive?
101954,@AmazonHelp Does this product come with a power adapter or do I need to buy it separately?,"Hello! Our standard return policy is 30 days, but extended holiday return windows often apply. Let us know if you have a specific item in mind!",Fri Oct 20 08:35:00 +0000 2017,AmazonHelp,does this product come with a power adapter or do i need to buy it separately?
101956,@AmazonHelp Your support agent was extremely rude and unhelpful. Disgraceful treatment of a 10-year customer.,This is definitely not the experience we want for our customers. Please reach out in DM with your contact information so an escalation manager can connect with you.,Tue Oct 03 04:36:00 +0000 2017,AmazonHelp,your support agent was extremely rude and unhelpful. disgraceful treatment of a 10-year customer.
101958,@AmazonHelp Please cancel my order #623-8382743-8190522 and process a full refund immediately.,We're sorry for the delay in your refund! Please reach out to us in DM with order #623-8382743-8190522 and your email address so we can review the return.,Fri Oct 20 04:00:00 +0000 2017,AmazonHelp,please cancel my order order number and process a full refund immediately.
101960,@AmazonHelp Need a refund for #348-9096533-4524641. Sent back via drop-off locker 5 days ago.,We're sorry for the delay in your refund! Please reach out to us in DM with order #348-9096533-4524641 and your email address so we can review the return.,Fri Oct 13 05:00:00 +0000 2017,AmazonHelp,need a refund for order number . sent back via drop-off locker 5 days ago.
101962,@AmazonHelp I returned item on order #555-6547574-8556058 over a week ago and still haven't received my refund.,We're sorry for the delay in your refund! Please reach out to us in DM with order #555-6547574-8556058 and your email address so we can review the return.,Wed Oct 25 02:56:00 +0000 2017,AmazonHelp,i returned item on order order number over a week ago and still haven't received my refund.
101964,@AmazonHelp Can someone check on order #479-7085502-5885832? It's a birthday gift and now it's late.,We understand your concern regarding order #479-7085502-5885832. Please drop us a DM with your tracking link and postal code so we can check with the carrier.,Sat Oct 07 05:25:00 +0000 2017,AmazonHelp,can someone check on order order number ? it's a birthday gift and now it's late.
101966,@AmazonHelp Can you explain the invoice breakdown for #979-7446253-5316874? There's an extra charge of $178.49.,"Hello, duplicate charges are often pending authorizations that drop off in 2-3 business days. Please DM us your order #979-7446253-5316874 to confirm.",Sun Oct 01 22:11:00 +0000 2017,AmazonHelp,can you explain the invoice breakdown for order number ? there's an extra charge of currency amount .
101968,@AmazonHelp Return status says received at warehouse but refund not initiated for #620-9670766-7808943. Please help.,Hi! We want to help get this sorted. Please send us a direct message with order #620-9670766-7808943 and return tracking number so we can verify with our billing team.,Mon Oct 23 11:02:00 +0000 2017,AmazonHelp,return status says received at warehouse but refund not initiated for order number . please help.
101970,@AmazonHelp Carrier marked order #637-9087498-3942511 as delivered at front door but there is no package anywhere.,We understand your concern regarding order #637-9087498-3942511. Please drop us a DM with your tracking link and postal code so we can check with the carrier.,Wed Oct 11 14:01:00 +0000 2017,AmazonHelp,carrier marked order order number as delivered at front door but there is no package anywhere.
101972,"@AmazonHelp Received broken item in order #896-3006411-4304141. I want my money back, not a replacement.",We're sorry for the delay in your refund! Please reach out to us in DM with order #896-3006411-4304141 and your email address so we can review the return.,Mon Oct 02 20:53:00 +0000 2017,AmazonHelp,"received broken item in order order number . i want my money back, not a replacement."
101974,@AmazonHelp My subscription auto-renewed even though I turned off auto-renew last week!,"Hello, duplicate charges are often pending authorizations that drop off in 2-3 business days. Please DM us your order #437-9513036-2127390 to confirm.",Mon Oct 09 16:33:00 +0000 2017,AmazonHelp,my subscription auto-renewed even though i turned off auto-renew last week!
101976,@AmazonHelp What is the return window for holiday purchases made in November?,Hi! You can check international shipping options and estimated import duties at checkout or by visiting amzn.to/shipping-rates.,Wed Oct 25 03:47:00 +0000 2017,AmazonHelp,what is the return window for holiday purchases made in november?
101978,@AmazonHelp My tracking says delivered but I have not received anything for order #333-5092644-9007468!,"Hello! We apologize for the delivery issue with #333-5092644-9007468. Please check around your porch/neighbors, and if still missing, DM us your account email.",Fri Oct 06 16:09:00 +0000 2017,AmazonHelp,my tracking says delivered but i have not received anything for order order number !
101980,@AmazonHelp Tracking status says delivery attempted but nobody buzzed or knocked. Order #302-2675639-4606999.,"Hi there, we're sorry to hear your order #302-2675639-4606999 is delayed! Please send us a DM at amzn.to/help with your details so we can investigate.",Sat Oct 21 12:29:00 +0000 2017,AmazonHelp,tracking status says delivery attempted but nobody buzzed or knocked. order order number .
101982,@AmazonHelp shipment #925-8654679-1008306 is delayed by 3 days already. Any update on when it will arrive?,We understand your concern regarding order #925-8654679-1008306. Please drop us a DM with your tracking link and postal code so we can check with the carrier.,Mon Oct 23 08:53:00 +0000 2017,AmazonHelp,shipment order number is delayed by 3 days already. any update on when it will arrive?
101984,@AmazonHelp How long does it take for a refund to process to my original payment method for return #760-6027079-5432538?,Apologies for the inconvenience! Please DM us your account details so we can check on return #760-6027079-5432538 and expedite your refund.,Mon Oct 09 16:00:00 +0000 2017,AmazonHelp,how long does it take for a refund to process to my original payment method for return order number ?
101986,@AmazonHelp My tracking says delivered but I have not received anything for order #621-8893786-9317941!,So sorry for the delay on #621-8893786-9317941! Please DM us your order details and we will check the transit status directly for you.,Wed Oct 25 21:18:00 +0000 2017,AmazonHelp,my tracking says delivered but i have not received anything for order order number !
101988,@AmazonHelp Package #211-4889005-4577178 has been stuck in transit in transit hub for over 48 hours. What gives?,"Hello! We apologize for the delivery issue with #211-4889005-4577178. Please check around your porch/neighbors, and if still missing, DM us your account email.",Sun Oct 08 09:52:00 +0000 2017,AmazonHelp,package order number has been stuck in transit in transit hub for over 48 hours. what gives?
101990,@AmazonHelp Can someone check on order #884-7647803-3881944? It's a birthday gift and now it's late.,So sorry for the delay on #884-7647803-3881944! Please DM us your order details and we will check the transit status directly for you.,Fri Oct 13 15:15:00 +0000 2017,AmazonHelp,can someone check on order order number ? it's a birthday gift and now it's late.
101992,"@AmazonHelp Unbelievable negligence. Damaged goods, ruined anniversary, zero accountability from your team.",We hear your frustration and apologize for the breakdown in communication. Please DM us your order #583-6093866-7220842 so we can urgently review this with our leadership team.,Fri Oct 27 00:16:00 +0000 2017,AmazonHelp,"unbelievable negligence. damaged goods, ruined anniversary, zero accountability from your team."
101994,@AmazonHelp Getting 'An unexpected error occurred' whenever I try to add items to my shopping cart.,"Hi! Thanks for bringing this to our attention. Have you tried reinstalling the app or clearing your cache? If so, please DM us your device OS version.",Tue Oct 10 13:53:00 +0000 2017,AmazonHelp,getting 'an unexpected error occurred' whenever i try to add items to my shopping cart.
101996,@AmazonHelp My subscription auto-renewed even though I turned off auto-renew last week!,"Hello, duplicate charges are often pending authorizations that drop off in 2-3 business days. Please DM us your order #362-5945871-7265873 to confirm.",Tue Oct 24 06:21:00 +0000 2017,AmazonHelp,my subscription auto-renewed even though i turned off auto-renew last week!
101998,@AmazonHelp Does this product come with a power adapter or do I need to buy it separately?,Hi! You can check international shipping options and estimated import duties at checkout or by visiting amzn.to/shipping-rates.,Thu Oct 19 03:04:00 +0000 2017,AmazonHelp,does this product come with a power adapter or do i need to buy it separately?
102000,@AmazonHelp Ordered express next-day delivery on #721-7291774-1995171 and it still hasn't shipped!,So sorry for the delay on #721-7291774-1995171! Please DM us your order details and we will check the transit status directly for you.,Fri Oct 06 10:17:00 +0000 2017,AmazonHelp,ordered express next-day delivery on order number and it still hasn't shipped!
102002,@AmazonHelp Package #867-2241325-6444970 has been stuck in transit in transit hub for over 48 hours. What gives?,"Hello! We apologize for the delivery issue with #867-2241325-6444970. Please check around your porch/neighbors, and if still missing, DM us your account email.",Thu Oct 05 09:08:00 +0000 2017,AmazonHelp,package order number has been stuck in transit in transit hub for over 48 hours. what gives?
102004,@AmazonHelp My tracking says delivered but I have not received anything for order #686-5374141-9909162!,We understand your concern regarding order #686-5374141-9909162. Please drop us a DM with your tracking link and postal code so we can check with the carrier.,Tue Oct 17 19:34:00 +0000 2017,AmazonHelp,my tracking says delivered but i have not received anything for order order number !
102006,"@AmazonHelp The mobile app is not loading product images, just showing blank white boxes.","Hello! Please try accessing the site in an incognito window or restarting your device. If the bug persists, DM us your app version and device model.",Sat Oct 28 20:19:00 +0000 2017,AmazonHelp,"the mobile app is not loading product images, just showing blank white boxes."
102008,"@AmazonHelp Where is my package? Order #757-7891727-8169423 was supposed to arrive last week, still nothing!",We understand your concern regarding order #757-7891727-8169423. Please drop us a DM with your tracking link and postal code so we can check with the carrier.,Fri Oct 27 02:55:00 +0000 2017,AmazonHelp,"where is my package? order order number was supposed to arrive last week, still nothing!"
102010,@AmazonHelp Thank you so much for the quick replacement on order #616-6487324-9254549. You guys are the best!,Thank you so much for the kind words! We love hearing this and will pass your compliments along to the team. Have a wonderful day!,Sun Oct 08 13:50:00 +0000 2017,AmazonHelp,thank you so much for the quick replacement on order order number . you guys are the best!
102012,@AmazonHelp Does this product come with a power adapter or do I need to buy it separately?,"Hello! Our standard return policy is 30 days, but extended holiday return windows often apply. Let us know if you have a specific item in mind!",Sun Oct 08 07:15:00 +0000 2017,AmazonHelp,does this product come with a power adapter or do i need to buy it separately?
102014,@AmazonHelp How long does it take for a refund to process to my original payment method for return #286-6701061-8617645?,"Hello! Once an item is received at our fulfillment center, refunds usually take 3-5 business days. Please DM us your order #286-6701061-8617645 to check status.",Thu Oct 19 02:56:00 +0000 2017,AmazonHelp,how long does it take for a refund to process to my original payment method for return order number ?
102016,@AmazonHelp Can someone check on order #430-8166381-3524885? It's a birthday gift and now it's late.,"Hello! We apologize for the delivery issue with #430-8166381-3524885. Please check around your porch/neighbors, and if still missing, DM us your account email.",Fri Oct 27 12:27:00 +0000 2017,AmazonHelp,can someone check on order order number ? it's a birthday gift and now it's late.
102018,@AmazonHelp This is completely unacceptable. I want to speak to a supervisor or corporate manager right now!,We sincerely apologize for this distressing experience. This is certainly not the level of service we aim to provide. Please DM us immediately so a senior specialist can assist.,Sat Oct 28 18:28:00 +0000 2017,AmazonHelp,this is completely unacceptable. i want to speak to a supervisor or corporate manager right now!
102020,@AmazonHelp Getting 'An unexpected error occurred' whenever I try to add items to my shopping cart.,We apologize for the technical glitch! Our technical team is monitoring site stability. Please send us a DM with a screenshot if the error continues.,Fri Oct 13 17:06:00 +0000 2017,AmazonHelp,getting 'an unexpected error occurred' whenever i try to add items to my shopping cart.
102022,"@AmazonHelp Unbelievable negligence. Damaged goods, ruined anniversary, zero accountability from your team.",We are very sorry to hear this and take feedback like this seriously. Please send us a direct message with your account details and phone number so we can escalate to a supervisor.,Tue Oct 03 14:46:00 +0000 2017,AmazonHelp,"unbelievable negligence. damaged goods, ruined anniversary, zero accountability from your team."
102024,@AmazonHelp Please cancel my order #303-4449936-7383812 and process a full refund immediately.,We're sorry for the delay in your refund! Please reach out to us in DM with order #303-4449936-7383812 and your email address so we can review the return.,Tue Oct 10 21:59:00 +0000 2017,AmazonHelp,please cancel my order order number and process a full refund immediately.
102026,@AmazonHelp Absolute scam. Stole my money and refusing to help. Give me someone who actually has authority.,This is definitely not the experience we want for our customers. Please reach out in DM with your contact information so an escalation manager can connect with you.,Tue Oct 24 12:41:00 +0000 2017,AmazonHelp,absolute scam. stole my money and refusing to help. give me someone who actually has authority.
102028,@AmazonHelp Absolute scam. Stole my money and refusing to help. Give me someone who actually has authority.,We hear your frustration and apologize for the breakdown in communication. Please DM us your order #116-1121728-7375830 so we can urgently review this with our leadership team.,Wed Oct 04 08:20:00 +0000 2017,AmazonHelp,absolute scam. stole my money and refusing to help. give me someone who actually has authority.
102030,@AmazonHelp WORST CUSTOMER SERVICE EVER! Representative hung up on me after waiting 45 minutes on hold!,We hear your frustration and apologize for the breakdown in communication. Please DM us your order #767-6044815-4848002 so we can urgently review this with our leadership team.,Mon Oct 16 02:06:00 +0000 2017,AmazonHelp,worst customer service ever! representative hung up on me after waiting 45 minutes on hold!
102032,"@AmazonHelp Where is my package? Order #354-3975579-1155591 was supposed to arrive yesterday, still nothing!","Hello! We apologize for the delivery issue with #354-3975579-1155591. Please check around your porch/neighbors, and if still missing, DM us your account email.",Sat Oct 14 17:08:00 +0000 2017,AmazonHelp,"where is my package? order order number was supposed to arrive yesterday, still nothing!"
102034,@AmazonHelp Payment declined on my card even though there are sufficient funds available.,Hi! We'd be glad to look into this charge for you. Please send us a DM with the date and amount so we can locate the transaction securely.,Sun Oct 08 18:22:00 +0000 2017,AmazonHelp,payment declined on my card even though there are sufficient funds available.
102036,@AmazonHelp Locked out of my account. The OTP verification code is not being sent to my phone.,"Hello! If you suspect unauthorized access, please visit amzn.to/security immediately. You can also DM us your associated phone or email.",Sun Oct 22 18:55:00 +0000 2017,AmazonHelp,locked out of my account. the otp verification code is not being sent to my phone.
102038,@AmazonHelp Website gives error 500 internal server error when trying to view my order history.,"Hi! Thanks for bringing this to our attention. Have you tried reinstalling the app or clearing your cache? If so, please DM us your device OS version.",Wed Oct 11 12:15:00 +0000 2017,AmazonHelp,website gives error 500 internal server error when trying to view my order history.
102040,@AmazonHelp I returned item on order #167-2885936-8980743 over a week ago and still haven't received my refund.,Hi! We want to help get this sorted. Please send us a direct message with order #167-2885936-8980743 and return tracking number so we can verify with our billing team.,Sun Oct 22 17:49:00 +0000 2017,AmazonHelp,i returned item on order order number over a week ago and still haven't received my refund.
102042,@AmazonHelp Carrier marked order #772-7133460-2617294 as delivered at front door but there is no package anywhere.,"Hello! We apologize for the delivery issue with #772-7133460-2617294. Please check around your porch/neighbors, and if still missing, DM us your account email.",Sat Oct 07 20:46:00 +0000 2017,AmazonHelp,carrier marked order order number as delivered at front door but there is no package anywhere.
102044,@AmazonHelp Why was my credit card charged $87.00 when my order total was only $12.00?,We apologize for the billing confusion. Please reach out via DM with the last 4 digits of the card and transaction date so we can inspect.,Sun Oct 22 09:48:00 +0000 2017,AmazonHelp,why was my credit card charged currency amount when my order total was only currency amount ?
102046,@AmazonHelp I was charged $98.50 twice for order #629-5474917-3209678. Please check your billing system.,"Sorry for the unexpected charge! If you did not intend to renew Prime, please DM us your email and we can help reverse eligible fees.",Tue Oct 03 13:27:00 +0000 2017,AmazonHelp,i was charged currency amount twice for order order number . please check your billing system.
102048,@AmazonHelp Huge shoutout to Sarah from customer support who solved my lost package in 5 minutes! Amazing service!,Hearing this makes our day! Thank you for your feedback and support. We're always here to help!,Tue Oct 17 00:38:00 +0000 2017,AmazonHelp,huge shoutout to sarah from customer support who solved my lost package in 5 minutes! amazing service!
102050,@AmazonHelp You guys billed me twice on the same day for order #936-7805792-8585048. Please fix this duplicate charge.,Hi! We'd be glad to look into this charge for you. Please send us a DM with the date and amount so we can locate the transaction securely.,Sat Oct 14 02:05:00 +0000 2017,AmazonHelp,you guys billed me twice on the same day for order order number . please fix this duplicate charge.
102052,@AmazonHelp Checkout page freezes when selecting saved shipping address.,"Hi! Thanks for bringing this to our attention. Have you tried reinstalling the app or clearing your cache? If so, please DM us your device OS version.",Mon Oct 16 22:58:00 +0000 2017,AmazonHelp,checkout page freezes when selecting saved shipping address.
102054,"@AmazonHelp Received broken item in order #900-7130767-8155726. I want my money back, not a replacement.",Apologies for the inconvenience! Please DM us your account details so we can check on return #900-7130767-8155726 and expedite your refund.,Fri Oct 06 10:24:00 +0000 2017,AmazonHelp,"received broken item in order order number . i want my money back, not a replacement."
102056,"@AmazonHelp My account was compromised or hacked, someone changed the email on file. Need help urgently!","Hi there, please ensure SMS isn't blocked by your carrier, or try clearing browser cache. If the issue persists, send us a DM.",Tue Oct 24 15:03:00 +0000 2017,AmazonHelp,"my account was compromised or hacked, someone changed the email on file. need help urgently!"
102058,"@AmazonHelp Where is my package? Order #796-4722144-1280502 was supposed to arrive last week, still nothing!",We understand your concern regarding order #796-4722144-1280502. Please drop us a DM with your tracking link and postal code so we can check with the carrier.,Wed Oct 11 20:42:00 +0000 2017,AmazonHelp,"where is my package? order order number was supposed to arrive last week, still nothing!"
102060,@AmazonHelp Tracking status says delivery attempted but nobody buzzed or knocked. Order #262-2680038-3778902.,"Hello! We apologize for the delivery issue with #262-2680038-3778902. Please check around your porch/neighbors, and if still missing, DM us your account email.",Tue Oct 03 14:26:00 +0000 2017,AmazonHelp,tracking status says delivery attempted but nobody buzzed or knocked. order order number .
102062,@AmazonHelp Please cancel my order #634-8067639-8995112 and process a full refund immediately.,Hi! We want to help get this sorted. Please send us a direct message with order #634-8067639-8995112 and return tracking number so we can verify with our billing team.,Thu Oct 26 16:03:00 +0000 2017,AmazonHelp,please cancel my order order number and process a full refund immediately.
102064,@AmazonHelp I was told my refund of $208.50 for order #851-2120966-1993584 would be in my account in 3-5 days. It's been 10 days.,We're sorry for the delay in your refund! Please reach out to us in DM with order #851-2120966-1993584 and your email address so we can review the return.,Sun Oct 08 15:10:00 +0000 2017,AmazonHelp,i was told my refund of currency amount for order order number would be in my account in 3-5 days. it's been 10 days.
102066,@AmazonHelp I was told my refund of $228.99 for order #705-4244232-5170367 would be in my account in 3-5 days. It's been 10 days.,Apologies for the inconvenience! Please DM us your account details so we can check on return #705-4244232-5170367 and expedite your refund.,Sat Oct 28 01:00:00 +0000 2017,AmazonHelp,i was told my refund of currency amount for order order number would be in my account in 3-5 days. it's been 10 days.
102068,@AmazonHelp My tracking says delivered but I have not received anything for order #245-5621624-6494025!,So sorry for the delay on #245-5621624-6494025! Please DM us your order details and we will check the transit status directly for you.,Sat Oct 21 07:43:00 +0000 2017,AmazonHelp,my tracking says delivered but i have not received anything for order order number !
102070,@AmazonHelp Do you offer student discounts on annual Prime memberships?,Hi! You can check international shipping options and estimated import duties at checkout or by visiting amzn.to/shipping-rates.,Sun Oct 22 14:35:00 +0000 2017,AmazonHelp,do you offer student discounts on annual prime memberships?
102072,@AmazonHelp You guys billed me twice on the same day for order #997-9175606-5883963. Please fix this duplicate charge.,"Sorry for the unexpected charge! If you did not intend to renew Prime, please DM us your email and we can help reverse eligible fees.",Tue Oct 03 22:53:00 +0000 2017,AmazonHelp,you guys billed me twice on the same day for order order number . please fix this duplicate charge.
102074,@AmazonHelp Package #888-5701035-5628257 has been stuck in transit in transit hub for over 48 hours. What gives?,We understand your concern regarding order #888-5701035-5628257. Please drop us a DM with your tracking link and postal code so we can check with the carrier.,Sun Oct 01 23:08:00 +0000 2017,AmazonHelp,package order number has been stuck in transit in transit hub for over 48 hours. what gives?
102076,@AmazonHelp Checkout page freezes when selecting saved shipping address.,We're sorry for the app crash. Please ensure you are running the latest app update. DM us if you need further technical troubleshooting.,Tue Oct 24 23:52:00 +0000 2017,AmazonHelp,checkout page freezes when selecting saved shipping address.
102078,@AmazonHelp Charged for an item I sent back last Monday. When will my refund of $162.00 arrive?,Apologies for the inconvenience! Please DM us your account details so we can check on return #716-2808544-2653843 and expedite your refund.,Tue Oct 03 04:33:00 +0000 2017,AmazonHelp,charged for an item i sent back last monday. when will my refund of currency amount arrive?
102080,@AmazonHelp My subscription auto-renewed even though I turned off auto-renew last week!,"Hello, duplicate charges are often pending authorizations that drop off in 2-3 business days. Please DM us your order #550-8729984-9770547 to confirm.",Mon Oct 16 08:19:00 +0000 2017,AmazonHelp,my subscription auto-renewed even though i turned off auto-renew last week!
102082,"@AmazonHelp Received broken item in order #522-1476046-8660865. I want my money back, not a replacement.",Hi! We want to help get this sorted. Please send us a direct message with order #522-1476046-8660865 and return tracking number so we can verify with our billing team.,Tue Oct 03 13:13:00 +0000 2017,AmazonHelp,"received broken item in order order number . i want my money back, not a replacement."
102084,"@AmazonHelp My account was compromised or hacked, someone changed the email on file. Need help urgently!","Hi there, please ensure SMS isn't blocked by your carrier, or try clearing browser cache. If the issue persists, send us a DM.",Thu Oct 05 10:05:00 +0000 2017,AmazonHelp,"my account was compromised or hacked, someone changed the email on file. need help urgently!"
102086,@AmazonHelp Return status says received at warehouse but refund not initiated for #651-4818006-6310561. Please help.,Apologies for the inconvenience! Please DM us your account details so we can check on return #651-4818006-6310561 and expedite your refund.,Mon Oct 09 20:23:00 +0000 2017,AmazonHelp,return status says received at warehouse but refund not initiated for order number . please help.
102088,@AmazonHelp Ordered express next-day delivery on #976-9144342-6881989 and it still hasn't shipped!,"Hi there, we're sorry to hear your order #976-9144342-6881989 is delayed! Please send us a DM at amzn.to/help with your details so we can investigate.",Tue Oct 10 00:19:00 +0000 2017,AmazonHelp,ordered express next-day delivery on order number and it still hasn't shipped!
102090,@AmazonHelp Charged for an item I sent back last Monday. When will my refund of $116.00 arrive?,Hi! We want to help get this sorted. Please send us a direct message with order #618-5969473-3984802 and return tracking number so we can verify with our billing team.,Mon Oct 16 20:33:00 +0000 2017,AmazonHelp,charged for an item i sent back last monday. when will my refund of currency amount arrive?
102092,"@AmazonHelp Received broken item in order #236-7463257-2738556. I want my money back, not a replacement.",Apologies for the inconvenience! Please DM us your account details so we can check on return #236-7463257-2738556 and expedite your refund.,Tue Oct 03 05:33:00 +0000 2017,AmazonHelp,"received broken item in order order number . i want my money back, not a replacement."
102094,"@AmazonHelp Two-factor authentication is failing, says invalid token even though it's correct.","Hi there, please ensure SMS isn't blocked by your carrier, or try clearing browser cache. If the issue persists, send us a DM.",Wed Oct 11 04:54:00 +0000 2017,AmazonHelp,"two-factor authentication is failing, says invalid token even though it's correct."
102096,@AmazonHelp shipment #349-1348529-9107980 is delayed by 3 days already. Any update on when it will arrive?,So sorry for the delay on #349-1348529-9107980! Please DM us your order details and we will check the transit status directly for you.,Fri Oct 27 13:34:00 +0000 2017,AmazonHelp,shipment order number is delayed by 3 days already. any update on when it will arrive?
102098,@AmazonHelp The video streaming player on Prime Video keeps stuttering and buffering on my Smart TV.,"Hi! Thanks for bringing this to our attention. Have you tried reinstalling the app or clearing your cache? If so, please DM us your device OS version.",Sat Oct 07 11:55:00 +0000 2017,AmazonHelp,the video streaming player on prime video keeps stuttering and buffering on my smart tv.
102100,@AmazonHelp What is the return window for holiday purchases made in November?,"Hi there! Yes, Amazon gift cards can be applied to Kindle digital purchases. Check out amzn.to/giftcard-faq for more information.",Thu Oct 26 14:12:00 +0000 2017,AmazonHelp,what is the return window for holiday purchases made in november?
102102,"@AmazonHelp My account was compromised or hacked, someone changed the email on file. Need help urgently!","Hi! For your security, please don't share passwords publicly. Please visit amzn.to/account-recovery or DM us to begin identity verification.",Sat Oct 21 18:51:00 +0000 2017,AmazonHelp,"my account was compromised or hacked, someone changed the email on file. need help urgently!"
102104,@AmazonHelp Can you explain the invoice breakdown for #455-8996464-3481016? There's an extra charge of $31.99.,Hi! We'd be glad to look into this charge for you. Please send us a DM with the date and amount so we can locate the transaction securely.,Sat Oct 28 13:54:00 +0000 2017,AmazonHelp,can you explain the invoice breakdown for order number ? there's an extra charge of currency amount .
102106,"@AmazonHelp Received broken item in order #882-3237355-7647905. I want my money back, not a replacement.",Apologies for the inconvenience! Please DM us your account details so we can check on return #882-3237355-7647905 and expedite your refund.,Wed Oct 25 22:25:00 +0000 2017,AmazonHelp,"received broken item in order order number . i want my money back, not a replacement."
102108,@AmazonHelp Please cancel my order #106-1888704-7012107 and process a full refund immediately.,Apologies for the inconvenience! Please DM us your account details so we can check on return #106-1888704-7012107 and expedite your refund.,Sun Oct 08 17:05:00 +0000 2017,AmazonHelp,please cancel my order order number and process a full refund immediately.
102110,@AmazonHelp My tracking says delivered but I have not received anything for order #715-4008839-4040670!,"Hi there, we're sorry to hear your order #715-4008839-4040670 is delayed! Please send us a DM at amzn.to/help with your details so we can investigate.",Fri Oct 27 11:58:00 +0000 2017,AmazonHelp,my tracking says delivered but i have not received anything for order order number !
102112,@AmazonHelp How can I change my primary delivery address before placing an order?,Hello! Most electronics purchased from authorized sellers include standard warranty. Please DM us the product ASIN to check details.,Fri Oct 20 23:05:00 +0000 2017,AmazonHelp,how can i change my primary delivery address before placing an order?
102114,"@AmazonHelp Help! Account locked due to too many failed attempts, how do I unlock it?","Hi! For your security, please don't share passwords publicly. Please visit amzn.to/account-recovery or DM us to begin identity verification.",Fri Oct 13 02:34:00 +0000 2017,AmazonHelp,"help! account locked due to too many failed attempts, how do i unlock it?"
102116,@AmazonHelp How can I change my primary delivery address before placing an order?,"Hello! Our standard return policy is 30 days, but extended holiday return windows often apply. Let us know if you have a specific item in mind!",Mon Oct 02 15:13:00 +0000 2017,AmazonHelp,how can i change my primary delivery address before placing an order?
102118,@AmazonHelp Just noticed an unauthorized charge of $63.50 for Prime membership that I never authorized.,"Hello, duplicate charges are often pending authorizations that drop off in 2-3 business days. Please DM us your order #979-2164158-3892273 to confirm.",Wed Oct 18 09:42:00 +0000 2017,AmazonHelp,just noticed an unauthorized charge of currency amount for prime membership that i never authorized.
102120,@AmazonHelp My tracking says delivered but I have not received anything for order #551-3977821-9511563!,We understand your concern regarding order #551-3977821-9511563. Please drop us a DM with your tracking link and postal code so we can check with the carrier.,Fri Oct 06 06:44:00 +0000 2017,AmazonHelp,my tracking says delivered but i have not received anything for order order number !
102122,@AmazonHelp Why was my credit card charged $245.00 when my order total was only $20.00?,We apologize for the billing confusion. Please reach out via DM with the last 4 digits of the card and transaction date so we can inspect.,Thu Oct 26 07:33:00 +0000 2017,AmazonHelp,why was my credit card charged currency amount when my order total was only currency amount ?
102124,"@AmazonHelp The mobile app is not loading product images, just showing blank white boxes.",We're sorry for the app crash. Please ensure you are running the latest app update. DM us if you need further technical troubleshooting.,Tue Oct 17 16:23:00 +0000 2017,AmazonHelp,"the mobile app is not loading product images, just showing blank white boxes."
102126,"@AmazonHelp If my issue is not resolved today, I will be taking legal action with my attorney. Order #591-2657259-9721531.",We hear your frustration and apologize for the breakdown in communication. Please DM us your order #591-2657259-9721531 so we can urgently review this with our leadership team.,Sat Oct 07 12:59:00 +0000 2017,AmazonHelp,"if my issue is not resolved today, i will be taking legal action with my attorney. order order number ."
102128,@AmazonHelp Checkout page freezes when selecting saved shipping address.,"Hi! Thanks for bringing this to our attention. Have you tried reinstalling the app or clearing your cache? If so, please DM us your device OS version.",Thu Oct 26 22:03:00 +0000 2017,AmazonHelp,checkout page freezes when selecting saved shipping address.
102130,@AmazonHelp Just noticed an unauthorized charge of $212.00 for Prime membership that I never authorized.,We apologize for the billing confusion. Please reach out via DM with the last 4 digits of the card and transaction date so we can inspect.,Fri Oct 27 09:00:00 +0000 2017,AmazonHelp,just noticed an unauthorized charge of currency amount for prime membership that i never authorized.
102132,@AmazonHelp Ordered express next-day delivery on #421-1804568-9963934 and it still hasn't shipped!,"Hi there, we're sorry to hear your order #421-1804568-9963934 is delayed! Please send us a DM at amzn.to/help with your details so we can investigate.",Sat Oct 21 02:50:00 +0000 2017,AmazonHelp,ordered express next-day delivery on order number and it still hasn't shipped!
102134,"@AmazonHelp My account was compromised or hacked, someone changed the email on file. Need help urgently!",We're sorry you're having trouble accessing your account. Please send us a DM so we can securely guide you through the two-step verification reset.,Sun Oct 15 22:52:00 +0000 2017,AmazonHelp,"my account was compromised or hacked, someone changed the email on file. need help urgently!"
102136,@AmazonHelp Your iOS app keeps crashing every time I tap the checkout button. Version 18.2.,We apologize for the technical glitch! Our technical team is monitoring site stability. Please send us a DM with a screenshot if the error continues.,Mon Oct 16 10:17:00 +0000 2017,AmazonHelp,your ios app keeps crashing every time i tap the checkout button. version 18.2.
102138,@AmazonHelp Just wanted to say thank you for delivering my package ahead of schedule! Great job!,You're very welcome! We're so glad everything was resolved smoothly. Thank you for being a valued customer!,Fri Oct 27 08:11:00 +0000 2017,AmazonHelp,just wanted to say thank you for delivering my package ahead of schedule! great job!
102140,@AmazonHelp How long does it take for a refund to process to my original payment method for return #999-5573719-7865293?,We're sorry for the delay in your refund! Please reach out to us in DM with order #999-5573719-7865293 and your email address so we can review the return.,Mon Oct 23 14:16:00 +0000 2017,AmazonHelp,how long does it take for a refund to process to my original payment method for return order number ?
102142,@AmazonHelp Just noticed an unauthorized charge of $193.50 for Prime membership that I never authorized.,Hi! We'd be glad to look into this charge for you. Please send us a DM with the date and amount so we can locate the transaction securely.,Mon Oct 23 14:37:00 +0000 2017,AmazonHelp,just noticed an unauthorized charge of currency amount for prime membership that i never authorized.
102144,@AmazonHelp Package #435-3807947-5303341 has been stuck in transit in transit hub for over 48 hours. What gives?,"Hi there, we're sorry to hear your order #435-3807947-5303341 is delayed! Please send us a DM at amzn.to/help with your details so we can investigate.",Fri Oct 06 19:26:00 +0000 2017,AmazonHelp,package order number has been stuck in transit in transit hub for over 48 hours. what gives?
102146,@AmazonHelp Does this product come with a power adapter or do I need to buy it separately?,Hi! You can check international shipping options and estimated import duties at checkout or by visiting amzn.to/shipping-rates.,Wed Oct 11 18:45:00 +0000 2017,AmazonHelp,does this product come with a power adapter or do i need to buy it separately?
102148,@AmazonHelp Can I use Amazon gift cards to purchase digital books on Kindle?,"Hello! Our standard return policy is 30 days, but extended holiday return windows often apply. Let us know if you have a specific item in mind!",Tue Oct 03 05:51:00 +0000 2017,AmazonHelp,can i use amazon gift cards to purchase digital books on kindle?
102150,@AmazonHelp Absolute scam. Stole my money and refusing to help. Give me someone who actually has authority.,We hear your frustration and apologize for the breakdown in communication. Please DM us your order #885-4170380-4530452 so we can urgently review this with our leadership team.,Tue Oct 17 07:26:00 +0000 2017,AmazonHelp,absolute scam. stole my money and refusing to help. give me someone who actually has authority.
102152,@AmazonHelp shipment #759-1946707-7565123 is delayed by 3 days already. Any update on when it will arrive?,"Hello! We apologize for the delivery issue with #759-1946707-7565123. Please check around your porch/neighbors, and if still missing, DM us your account email.",Sat Oct 21 08:22:00 +0000 2017,AmazonHelp,shipment order number is delayed by 3 days already. any update on when it will arrive?
102154,@AmazonHelp Is the manufacturer warranty valid if I buy an electronic item through third party sellers?,Hi! You can check international shipping options and estimated import duties at checkout or by visiting amzn.to/shipping-rates.,Tue Oct 24 22:51:00 +0000 2017,AmazonHelp,is the manufacturer warranty valid if i buy an electronic item through third party sellers?
102156,"@AmazonHelp Where is my package? Order #837-3850704-6396496 was supposed to arrive 2 days ago, still nothing!",So sorry for the delay on #837-3850704-6396496! Please DM us your order details and we will check the transit status directly for you.,Thu Oct 26 23:38:00 +0000 2017,AmazonHelp,"where is my package? order order number was supposed to arrive 2 days ago, still nothing!"
102158,@AmazonHelp Does this product come with a power adapter or do I need to buy it separately?,"Hello! Our standard return policy is 30 days, but extended holiday return windows often apply. Let us know if you have a specific item in mind!",Wed Oct 18 23:28:00 +0000 2017,AmazonHelp,does this product come with a power adapter or do i need to buy it separately?
102160,@AmazonHelp Absolute scam. Stole my money and refusing to help. Give me someone who actually has authority.,We are very sorry to hear this and take feedback like this seriously. Please send us a direct message with your account details and phone number so we can escalate to a supervisor.,Sat Oct 14 10:20:00 +0000 2017,AmazonHelp,absolute scam. stole my money and refusing to help. give me someone who actually has authority.
102162,@AmazonHelp Your iOS app keeps crashing every time I tap the checkout button. Version 18.2.,We're sorry for the app crash. Please ensure you are running the latest app update. DM us if you need further technical troubleshooting.,Thu Oct 26 00:28:00 +0000 2017,AmazonHelp,your ios app keeps crashing every time i tap the checkout button. version 18.2.
102164,@AmazonHelp Thank you @AmazonHelp for resolving my billing query so smoothly today!,Hearing this makes our day! Thank you for your feedback and support. We're always here to help!,Tue Oct 17 22:07:00 +0000 2017,AmazonHelp,thank you for resolving my billing query so smoothly today!
102166,"@AmazonHelp Received broken item in order #508-3233293-9890863. I want my money back, not a replacement.",Hi! We want to help get this sorted. Please send us a direct message with order #508-3233293-9890863 and return tracking number so we can verify with our billing team.,Thu Oct 26 07:48:00 +0000 2017,AmazonHelp,"received broken item in order order number . i want my money back, not a replacement."
102168,@AmazonHelp Charged for an item I sent back last Monday. When will my refund of $51.50 arrive?,"Hello! Once an item is received at our fulfillment center, refunds usually take 3-5 business days. Please DM us your order #414-4582165-7590586 to check status.",Wed Oct 11 06:13:00 +0000 2017,AmazonHelp,charged for an item i sent back last monday. when will my refund of currency amount arrive?
102170,"@AmazonHelp Every time I try to log in, it loops back to the login screen without an error message.",We're sorry you're having trouble accessing your account. Please send us a DM so we can securely guide you through the two-step verification reset.,Fri Oct 27 00:21:00 +0000 2017,AmazonHelp,"every time i try to log in, it loops back to the login screen without an error message."
102172,@AmazonHelp You guys billed me twice on the same day for order #688-4318696-3528045. Please fix this duplicate charge.,We apologize for the billing confusion. Please reach out via DM with the last 4 digits of the card and transaction date so we can inspect.,Wed Oct 25 12:33:00 +0000 2017,AmazonHelp,you guys billed me twice on the same day for order order number . please fix this duplicate charge.
102174,@AmazonHelp Is the manufacturer warranty valid if I buy an electronic item through third party sellers?,"Hi there! Yes, Amazon gift cards can be applied to Kindle digital purchases. Check out amzn.to/giftcard-faq for more information.",Tue Oct 10 14:45:00 +0000 2017,AmazonHelp,is the manufacturer warranty valid if i buy an electronic item through third party sellers?
102176,@AmazonHelp Amazon customer service never disappoints. Replaced my broken item with no hassle. Thanks!,"We're thrilled to hear Sarah was able to help! Thank you for choosing us, and please don't hesitate to reach out if you ever need anything else.",Sun Oct 15 04:14:00 +0000 2017,AmazonHelp,amazon customer service never disappoints. replaced my broken item with no hassle. thanks!
102178,@AmazonHelp Does this product come with a power adapter or do I need to buy it separately?,"Hi there! Yes, Amazon gift cards can be applied to Kindle digital purchases. Check out amzn.to/giftcard-faq for more information.",Thu Oct 12 17:25:00 +0000 2017,AmazonHelp,does this product come with a power adapter or do i need to buy it separately?
102180,"@AmazonHelp Charged $208.00 annual subscription fee by mistake, please reverse this charge.","Sorry for the unexpected charge! If you did not intend to renew Prime, please DM us your email and we can help reverse eligible fees.",Mon Oct 02 06:48:00 +0000 2017,AmazonHelp,"charged currency amount annual subscription fee by mistake, please reverse this charge."
102182,@AmazonHelp Payment declined on my card even though there are sufficient funds available.,We apologize for the billing confusion. Please reach out via DM with the last 4 digits of the card and transaction date so we can inspect.,Wed Oct 18 05:07:00 +0000 2017,AmazonHelp,payment declined on my card even though there are sufficient funds available.
102184,@AmazonHelp Package #739-6034918-7603776 has been stuck in transit in transit hub for over 48 hours. What gives?,"Hi there, we're sorry to hear your order #739-6034918-7603776 is delayed! Please send us a DM at amzn.to/help with your details so we can investigate.",Sat Oct 28 19:26:00 +0000 2017,AmazonHelp,package order number has been stuck in transit in transit hub for over 48 hours. what gives?
102186,"@AmazonHelp Where is my package? Order #704-8008491-3836358 was supposed to arrive last week, still nothing!",So sorry for the delay on #704-8008491-3836358! Please DM us your order details and we will check the transit status directly for you.,Sun Oct 08 23:17:00 +0000 2017,AmazonHelp,"where is my package? order order number was supposed to arrive last week, still nothing!"
102188,@AmazonHelp You guys billed me twice on the same day for order #817-6144500-5414310. Please fix this duplicate charge.,Hi! We'd be glad to look into this charge for you. Please send us a DM with the date and amount so we can locate the transaction securely.,Thu Oct 26 11:09:00 +0000 2017,AmazonHelp,you guys billed me twice on the same day for order order number . please fix this duplicate charge.
102190,@AmazonHelp Tracking status says delivery attempted but nobody buzzed or knocked. Order #739-1179145-1322326.,"Hi there, we're sorry to hear your order #739-1179145-1322326 is delayed! Please send us a DM at amzn.to/help with your details so we can investigate.",Fri Oct 13 16:14:00 +0000 2017,AmazonHelp,tracking status says delivery attempted but nobody buzzed or knocked. order order number .
102192,"@AmazonHelp Received broken item in order #922-9599736-8122166. I want my money back, not a replacement.",Apologies for the inconvenience! Please DM us your account details so we can check on return #922-9599736-8122166 and expedite your refund.,Fri Oct 13 12:17:00 +0000 2017,AmazonHelp,"received broken item in order order number . i want my money back, not a replacement."
102194,"@AmazonHelp If my issue is not resolved today, I will be taking legal action with my attorney. Order #787-2422629-6345454.",We sincerely apologize for this distressing experience. This is certainly not the level of service we aim to provide. Please DM us immediately so a senior specialist can assist.,Wed Oct 18 08:51:00 +0000 2017,AmazonHelp,"if my issue is not resolved today, i will be taking legal action with my attorney. order order number ."
102196,@AmazonHelp My tracking says delivered but I have not received anything for order #920-4975282-2466111!,"Hello! We apologize for the delivery issue with #920-4975282-2466111. Please check around your porch/neighbors, and if still missing, DM us your account email.",Sun Oct 22 08:17:00 +0000 2017,AmazonHelp,my tracking says delivered but i have not received anything for order order number !
102198,@AmazonHelp Is the manufacturer warranty valid if I buy an electronic item through third party sellers?,Hi! You can check international shipping options and estimated import duties at checkout or by visiting amzn.to/shipping-rates.,Sat Oct 21 01:56:00 +0000 2017,AmazonHelp,is the manufacturer warranty valid if i buy an electronic item through third party sellers?
102200,@AmazonHelp shipment #834-2332311-7491120 is delayed by 3 days already. Any update on when it will arrive?,So sorry for the delay on #834-2332311-7491120! Please DM us your order details and we will check the transit status directly for you.,Sat Oct 28 07:25:00 +0000 2017,AmazonHelp,shipment order number is delayed by 3 days already. any update on when it will arrive?
102202,"@AmazonHelp Two-factor authentication is failing, says invalid token even though it's correct.","Hi! For your security, please don't share passwords publicly. Please visit amzn.to/account-recovery or DM us to begin identity verification.",Wed Oct 04 19:47:00 +0000 2017,AmazonHelp,"two-factor authentication is failing, says invalid token even though it's correct."
102204,@AmazonHelp Package #429-4820432-3725015 has been stuck in transit in transit hub for over 48 hours. What gives?,"Hello! We apologize for the delivery issue with #429-4820432-3725015. Please check around your porch/neighbors, and if still missing, DM us your account email.",Thu Oct 12 19:07:00 +0000 2017,AmazonHelp,package order number has been stuck in transit in transit hub for over 48 hours. what gives?
102206,@AmazonHelp Checkout page freezes when selecting saved shipping address.,"Hello! Please try accessing the site in an incognito window or restarting your device. If the bug persists, DM us your app version and device model.",Wed Oct 04 02:59:00 +0000 2017,AmazonHelp,checkout page freezes when selecting saved shipping address.
102208,@AmazonHelp Website gives error 500 internal server error when trying to view my order history.,"Hello! Please try accessing the site in an incognito window or restarting your device. If the bug persists, DM us your app version and device model.",Sun Oct 15 21:31:00 +0000 2017,AmazonHelp,website gives error 500 internal server error when trying to view my order history.
102210,"@AmazonHelp Received broken item in order #930-9060593-7215008. I want my money back, not a replacement.",We're sorry for the delay in your refund! Please reach out to us in DM with order #930-9060593-7215008 and your email address so we can review the return.,Mon Oct 09 03:18:00 +0000 2017,AmazonHelp,"received broken item in order order number . i want my money back, not a replacement."
102212,@AmazonHelp Why was my credit card charged $98.50 when my order total was only $19.99?,"Hello, duplicate charges are often pending authorizations that drop off in 2-3 business days. Please DM us your order #519-8800479-8745037 to confirm.",Wed Oct 18 22:09:00 +0000 2017,AmazonHelp,why was my credit card charged currency amount when my order total was only currency amount ?
102214,@AmazonHelp I demand an immediate escalation to executive customer relations. No more generic bot answers!,We are very sorry to hear this and take feedback like this seriously. Please send us a direct message with your account details and phone number so we can escalate to a supervisor.,Sat Oct 28 08:39:00 +0000 2017,AmazonHelp,i demand an immediate escalation to executive customer relations. no more generic bot answers!
102216,@AmazonHelp Can someone check on order #116-7564784-8923681? It's a birthday gift and now it's late.,So sorry for the delay on #116-7564784-8923681! Please DM us your order details and we will check the transit status directly for you.,Sun Oct 15 04:32:00 +0000 2017,AmazonHelp,can someone check on order order number ? it's a birthday gift and now it's late.
102218,@AmazonHelp Return status says received at warehouse but refund not initiated for #294-9162698-9374127. Please help.,"Hello! Once an item is received at our fulfillment center, refunds usually take 3-5 business days. Please DM us your order #294-9162698-9374127 to check status.",Mon Oct 16 02:07:00 +0000 2017,AmazonHelp,return status says received at warehouse but refund not initiated for order number . please help.
102220,@AmazonHelp Can you explain the invoice breakdown for #244-4945202-9703393? There's an extra charge of $141.49.,"Hello, duplicate charges are often pending authorizations that drop off in 2-3 business days. Please DM us your order #244-4945202-9703393 to confirm.",Sun Oct 15 12:17:00 +0000 2017,AmazonHelp,can you explain the invoice breakdown for order number ? there's an extra charge of currency amount .
102222,@AmazonHelp Return status says received at warehouse but refund not initiated for #224-3171442-9885829. Please help.,Apologies for the inconvenience! Please DM us your account details so we can check on return #224-3171442-9885829 and expedite your refund.,Mon Oct 02 04:21:00 +0000 2017,AmazonHelp,return status says received at warehouse but refund not initiated for order number . please help.
102224,@AmazonHelp Return status says received at warehouse but refund not initiated for #352-4514088-6472738. Please help.,Hi! We want to help get this sorted. Please send us a direct message with order #352-4514088-6472738 and return tracking number so we can verify with our billing team.,Tue Oct 10 05:19:00 +0000 2017,AmazonHelp,return status says received at warehouse but refund not initiated for order number . please help.
102226,@AmazonHelp Amazon customer service never disappoints. Replaced my broken item with no hassle. Thanks!,Thank you so much for the kind words! We love hearing this and will pass your compliments along to the team. Have a wonderful day!,Sun Oct 08 03:03:00 +0000 2017,AmazonHelp,amazon customer service never disappoints. replaced my broken item with no hassle. thanks!
102228,"@AmazonHelp Received broken item in order #641-9236614-8762637. I want my money back, not a replacement.",Hi! We want to help get this sorted. Please send us a direct message with order #641-9236614-8762637 and return tracking number so we can verify with our billing team.,Sat Oct 07 21:18:00 +0000 2017,AmazonHelp,"received broken item in order order number . i want my money back, not a replacement."
102230,@AmazonHelp Does this product come with a power adapter or do I need to buy it separately?,Hello! Most electronics purchased from authorized sellers include standard warranty. Please DM us the product ASIN to check details.,Fri Oct 13 18:56:00 +0000 2017,AmazonHelp,does this product come with a power adapter or do i need to buy it separately?
102232,@AmazonHelp Locked out of my account. The OTP verification code is not being sent to my phone.,We're sorry you're having trouble accessing your account. Please send us a DM so we can securely guide you through the two-step verification reset.,Tue Oct 24 07:39:00 +0000 2017,AmazonHelp,locked out of my account. the otp verification code is not being sent to my phone.
102234,"@AmazonHelp Where is my package? Order #485-8096616-1183106 was supposed to arrive this morning, still nothing!","Hi there, we're sorry to hear your order #485-8096616-1183106 is delayed! Please send us a DM at amzn.to/help with your details so we can investigate.",Fri Oct 20 13:19:00 +0000 2017,AmazonHelp,"where is my package? order order number was supposed to arrive this morning, still nothing!"
102236,@AmazonHelp Need a refund for #894-3476564-8494132. Sent back via drop-off locker 5 days ago.,Hi! We want to help get this sorted. Please send us a direct message with order #894-3476564-8494132 and return tracking number so we can verify with our billing team.,Fri Oct 13 19:48:00 +0000 2017,AmazonHelp,need a refund for order number . sent back via drop-off locker 5 days ago.
102238,@AmazonHelp I returned item on order #823-8605673-5777526 over a week ago and still haven't received my refund.,Hi! We want to help get this sorted. Please send us a direct message with order #823-8605673-5777526 and return tracking number so we can verify with our billing team.,Mon Oct 23 02:08:00 +0000 2017,AmazonHelp,i returned item on order order number over a week ago and still haven't received my refund.
102240,@AmazonHelp shipment #951-7291943-1427236 is delayed by 3 days already. Any update on when it will arrive?,We understand your concern regarding order #951-7291943-1427236. Please drop us a DM with your tracking link and postal code so we can check with the carrier.,Mon Oct 02 22:44:00 +0000 2017,AmazonHelp,shipment order number is delayed by 3 days already. any update on when it will arrive?
102242,@AmazonHelp I was told my refund of $29.49 for order #679-1660711-9585041 would be in my account in 3-5 days. It's been 10 days.,We're sorry for the delay in your refund! Please reach out to us in DM with order #679-1660711-9585041 and your email address so we can review the return.,Wed Oct 25 04:01:00 +0000 2017,AmazonHelp,i was told my refund of currency amount for order order number would be in my account in 3-5 days. it's been 10 days.
102244,@AmazonHelp This is completely unacceptable. I want to speak to a supervisor or corporate manager right now!,This is definitely not the experience we want for our customers. Please reach out in DM with your contact information so an escalation manager can connect with you.,Thu Oct 26 04:25:00 +0000 2017,AmazonHelp,this is completely unacceptable. i want to speak to a supervisor or corporate manager right now!
102246,@AmazonHelp I forgot my password and the password reset link is never arriving in my inbox.,"Hello! If you suspect unauthorized access, please visit amzn.to/security immediately. You can also DM us your associated phone or email.",Thu Oct 12 06:21:00 +0000 2017,AmazonHelp,i forgot my password and the password reset link is never arriving in my inbox.
102248,@AmazonHelp My subscription auto-renewed even though I turned off auto-renew last week!,"Hello, duplicate charges are often pending authorizations that drop off in 2-3 business days. Please DM us your order #671-1406431-1880520 to confirm.",Sat Oct 07 15:23:00 +0000 2017,AmazonHelp,my subscription auto-renewed even though i turned off auto-renew last week!
102250,@AmazonHelp Please cancel my order #496-7640569-1323057 and process a full refund immediately.,"Hello! Once an item is received at our fulfillment center, refunds usually take 3-5 business days. Please DM us your order #496-7640569-1323057 to check status.",Sat Oct 28 05:05:00 +0000 2017,AmazonHelp,please cancel my order order number and process a full refund immediately.
102252,@AmazonHelp shipment #696-9245415-1119996 is delayed by 3 days already. Any update on when it will arrive?,So sorry for the delay on #696-9245415-1119996! Please DM us your order details and we will check the transit status directly for you.,Sun Oct 08 07:19:00 +0000 2017,AmazonHelp,shipment order number is delayed by 3 days already. any update on when it will arrive?
102254,@AmazonHelp Carrier marked order #742-5721396-5456812 as delivered at front door but there is no package anywhere.,We understand your concern regarding order #742-5721396-5456812. Please drop us a DM with your tracking link and postal code so we can check with the carrier.,Tue Oct 10 06:51:00 +0000 2017,AmazonHelp,carrier marked order order number as delivered at front door but there is no package anywhere.
102256,@AmazonHelp You have lied to me three times about my delivery. I am reporting this fraud to the Better Business Bureau.,We sincerely apologize for this distressing experience. This is certainly not the level of service we aim to provide. Please DM us immediately so a senior specialist can assist.,Thu Oct 19 00:13:00 +0000 2017,AmazonHelp,you have lied to me three times about my delivery. i am reporting this fraud to the better business bureau.
102258,@AmazonHelp Getting 'An unexpected error occurred' whenever I try to add items to my shopping cart.,"Hello! Please try accessing the site in an incognito window or restarting your device. If the bug persists, DM us your app version and device model.",Tue Oct 03 20:24:00 +0000 2017,AmazonHelp,getting 'an unexpected error occurred' whenever i try to add items to my shopping cart.
102260,@AmazonHelp Why was my credit card charged $145.00 when my order total was only $14.00?,We apologize for the billing confusion. Please reach out via DM with the last 4 digits of the card and transaction date so we can inspect.,Tue Oct 24 02:42:00 +0000 2017,AmazonHelp,why was my credit card charged currency amount when my order total was only currency amount ?
102262,@AmazonHelp Website gives error 500 internal server error when trying to view my order history.,"Hi! Thanks for bringing this to our attention. Have you tried reinstalling the app or clearing your cache? If so, please DM us your device OS version.",Mon Oct 02 19:05:00 +0000 2017,AmazonHelp,website gives error 500 internal server error when trying to view my order history.
102264,"@AmazonHelp Where is my package? Order #111-5600838-1000159 was supposed to arrive yesterday, still nothing!",We understand your concern regarding order #111-5600838-1000159. Please drop us a DM with your tracking link and postal code so we can check with the carrier.,Tue Oct 10 01:24:00 +0000 2017,AmazonHelp,"where is my package? order order number was supposed to arrive yesterday, still nothing!"
102266,@AmazonHelp Getting 'An unexpected error occurred' whenever I try to add items to my shopping cart.,We apologize for the technical glitch! Our technical team is monitoring site stability. Please send us a DM with a screenshot if the error continues.,Sun Oct 22 04:06:00 +0000 2017,AmazonHelp,getting 'an unexpected error occurred' whenever i try to add items to my shopping cart.
102268,@AmazonHelp Can someone check on order #751-1509483-8994424? It's a birthday gift and now it's late.,We understand your concern regarding order #751-1509483-8994424. Please drop us a DM with your tracking link and postal code so we can check with the carrier.,Mon Oct 02 09:39:00 +0000 2017,AmazonHelp,can someone check on order order number ? it's a birthday gift and now it's late.
102270,@AmazonHelp Locked out of my account. The OTP verification code is not being sent to my phone.,"Hi there, please ensure SMS isn't blocked by your carrier, or try clearing browser cache. If the issue persists, send us a DM.",Sun Oct 22 13:41:00 +0000 2017,AmazonHelp,locked out of my account. the otp verification code is not being sent to my phone.
102272,@AmazonHelp Carrier marked order #113-1738763-2057136 as delivered at front door but there is no package anywhere.,We understand your concern regarding order #113-1738763-2057136. Please drop us a DM with your tracking link and postal code so we can check with the carrier.,Fri Oct 13 18:04:00 +0000 2017,AmazonHelp,carrier marked order order number as delivered at front door but there is no package anywhere.
102274,"@AmazonHelp Where is my package? Order #558-1032691-1740262 was supposed to arrive 2 days ago, still nothing!",We understand your concern regarding order #558-1032691-1740262. Please drop us a DM with your tracking link and postal code so we can check with the carrier.,Thu Oct 05 09:35:00 +0000 2017,AmazonHelp,"where is my package? order order number was supposed to arrive 2 days ago, still nothing!"
102276,@AmazonHelp Return status says received at warehouse but refund not initiated for #940-8926818-3749697. Please help.,Apologies for the inconvenience! Please DM us your account details so we can check on return #940-8926818-3749697 and expedite your refund.,Fri Oct 27 18:45:00 +0000 2017,AmazonHelp,return status says received at warehouse but refund not initiated for order number . please help.
102278,@AmazonHelp Charged for an item I sent back last Monday. When will my refund of $223.50 arrive?,"Hello! Once an item is received at our fulfillment center, refunds usually take 3-5 business days. Please DM us your order #455-5906489-3476873 to check status.",Thu Oct 12 21:34:00 +0000 2017,AmazonHelp,charged for an item i sent back last monday. when will my refund of currency amount arrive?
102280,@AmazonHelp I was told my refund of $207.49 for order #467-8827496-8562644 would be in my account in 3-5 days. It's been 10 days.,Hi! We want to help get this sorted. Please send us a direct message with order #467-8827496-8562644 and return tracking number so we can verify with our billing team.,Sun Oct 08 15:09:00 +0000 2017,AmazonHelp,i was told my refund of currency amount for order order number would be in my account in 3-5 days. it's been 10 days.
102282,@AmazonHelp My tracking says delivered but I have not received anything for order #935-4452965-7649652!,"Hi there, we're sorry to hear your order #935-4452965-7649652 is delayed! Please send us a DM at amzn.to/help with your details so we can investigate.",Thu Oct 26 10:15:00 +0000 2017,AmazonHelp,my tracking says delivered but i have not received anything for order order number !
102284,@AmazonHelp I demand an immediate escalation to executive customer relations. No more generic bot answers!,This is definitely not the experience we want for our customers. Please reach out in DM with your contact information so an escalation manager can connect with you.,Fri Oct 27 15:16:00 +0000 2017,AmazonHelp,i demand an immediate escalation to executive customer relations. no more generic bot answers!
102286,@AmazonHelp Website gives error 500 internal server error when trying to view my order history.,We're sorry for the app crash. Please ensure you are running the latest app update. DM us if you need further technical troubleshooting.,Wed Oct 04 15:53:00 +0000 2017,AmazonHelp,website gives error 500 internal server error when trying to view my order history.
102288,"@AmazonHelp Where is my package? Order #515-6081107-4510532 was supposed to arrive yesterday, still nothing!",We understand your concern regarding order #515-6081107-4510532. Please drop us a DM with your tracking link and postal code so we can check with the carrier.,Tue Oct 10 19:12:00 +0000 2017,AmazonHelp,"where is my package? order order number was supposed to arrive yesterday, still nothing!"
102290,@AmazonHelp Are recyclable packaging options available for fragile items?,Hi! You can check international shipping options and estimated import duties at checkout or by visiting amzn.to/shipping-rates.,Sat Oct 28 13:42:00 +0000 2017,AmazonHelp,are recyclable packaging options available for fragile items?
102292,@AmazonHelp I returned item on order #483-4497183-6096693 over a week ago and still haven't received my refund.,Apologies for the inconvenience! Please DM us your account details so we can check on return #483-4497183-6096693 and expedite your refund.,Tue Oct 17 08:56:00 +0000 2017,AmazonHelp,i returned item on order order number over a week ago and still haven't received my refund.
102294,@AmazonHelp Tracking status says delivery attempted but nobody buzzed or knocked. Order #584-7438345-2644281.,"Hi there, we're sorry to hear your order #584-7438345-2644281 is delayed! Please send us a DM at amzn.to/help with your details so we can investigate.",Thu Oct 05 07:51:00 +0000 2017,AmazonHelp,tracking status says delivery attempted but nobody buzzed or knocked. order order number .
102296,@AmazonHelp Carrier marked order #194-2391916-5116952 as delivered at front door but there is no package anywhere.,So sorry for the delay on #194-2391916-5116952! Please DM us your order details and we will check the transit status directly for you.,Mon Oct 16 01:40:00 +0000 2017,AmazonHelp,carrier marked order order number as delivered at front door but there is no package anywhere.
102298,@AmazonHelp Locked out of my account. The OTP verification code is not being sent to my phone.,"Hi there, please ensure SMS isn't blocked by your carrier, or try clearing browser cache. If the issue persists, send us a DM.",Tue Oct 24 05:24:00 +0000 2017,AmazonHelp,locked out of my account. the otp verification code is not being sent to my phone.
102300,"@AmazonHelp Help! Account locked due to too many failed attempts, how do I unlock it?",We're sorry you're having trouble accessing your account. Please send us a DM so we can securely guide you through the two-step verification reset.,Sat Oct 14 17:28:00 +0000 2017,AmazonHelp,"help! account locked due to too many failed attempts, how do i unlock it?"
102302,@AmazonHelp Can someone check on order #715-6560231-8159368? It's a birthday gift and now it's late.,"Hello! We apologize for the delivery issue with #715-6560231-8159368. Please check around your porch/neighbors, and if still missing, DM us your account email.",Thu Oct 19 00:03:00 +0000 2017,AmazonHelp,can someone check on order order number ? it's a birthday gift and now it's late.
102304,"@AmazonHelp Unbelievable negligence. Damaged goods, ruined anniversary, zero accountability from your team.",We are very sorry to hear this and take feedback like this seriously. Please send us a direct message with your account details and phone number so we can escalate to a supervisor.,Sat Oct 21 14:42:00 +0000 2017,AmazonHelp,"unbelievable negligence. damaged goods, ruined anniversary, zero accountability from your team."
102306,@AmazonHelp Ordered express next-day delivery on #242-3214575-1397254 and it still hasn't shipped!,"Hi there, we're sorry to hear your order #242-3214575-1397254 is delayed! Please send us a DM at amzn.to/help with your details so we can investigate.",Sun Oct 22 22:22:00 +0000 2017,AmazonHelp,ordered express next-day delivery on order number and it still hasn't shipped!
102308,@AmazonHelp Charged for an item I sent back last Monday. When will my refund of $31.00 arrive?,We're sorry for the delay in your refund! Please reach out to us in DM with order #670-8084267-2123042 and your email address so we can review the return.,Fri Oct 06 21:11:00 +0000 2017,AmazonHelp,charged for an item i sent back last monday. when will my refund of currency amount arrive?
102310,@AmazonHelp My tracking says delivered but I have not received anything for order #684-4133828-4297008!,"Hello! We apologize for the delivery issue with #684-4133828-4297008. Please check around your porch/neighbors, and if still missing, DM us your account email.",Fri Oct 20 04:24:00 +0000 2017,AmazonHelp,my tracking says delivered but i have not received anything for order order number !
102312,@AmazonHelp Lost access to my old phone number and now 2FA won't let me log into my account.,"Hi! For your security, please don't share passwords publicly. Please visit amzn.to/account-recovery or DM us to begin identity verification.",Sun Oct 01 22:18:00 +0000 2017,AmazonHelp,lost access to my old phone number and now 2fa won't let me log into my account.
102314,"@AmazonHelp Two-factor authentication is failing, says invalid token even though it's correct.",We're sorry you're having trouble accessing your account. Please send us a DM so we can securely guide you through the two-step verification reset.,Sun Oct 22 23:34:00 +0000 2017,AmazonHelp,"two-factor authentication is failing, says invalid token even though it's correct."
102316,"@AmazonHelp My account was compromised or hacked, someone changed the email on file. Need help urgently!","Hi! For your security, please don't share passwords publicly. Please visit amzn.to/account-recovery or DM us to begin identity verification.",Tue Oct 24 17:46:00 +0000 2017,AmazonHelp,"my account was compromised or hacked, someone changed the email on file. need help urgently!"
102318,@AmazonHelp I was charged $72.99 twice for order #352-7937523-7068696. Please check your billing system.,We apologize for the billing confusion. Please reach out via DM with the last 4 digits of the card and transaction date so we can inspect.,Thu Oct 19 08:03:00 +0000 2017,AmazonHelp,i was charged currency amount twice for order order number . please check your billing system.
102320,@AmazonHelp Tracking status says delivery attempted but nobody buzzed or knocked. Order #843-7269347-7556137.,"Hello! We apologize for the delivery issue with #843-7269347-7556137. Please check around your porch/neighbors, and if still missing, DM us your account email.",Sat Oct 28 15:15:00 +0000 2017,AmazonHelp,tracking status says delivery attempted but nobody buzzed or knocked. order order number .
102322,@AmazonHelp Please cancel my order #891-2259220-8260198 and process a full refund immediately.,We're sorry for the delay in your refund! Please reach out to us in DM with order #891-2259220-8260198 and your email address so we can review the return.,Tue Oct 03 04:39:00 +0000 2017,AmazonHelp,please cancel my order order number and process a full refund immediately.
102324,@AmazonHelp Need a refund for #387-8793135-6729127. Sent back via drop-off locker 5 days ago.,Apologies for the inconvenience! Please DM us your account details so we can check on return #387-8793135-6729127 and expedite your refund.,Sat Oct 28 04:58:00 +0000 2017,AmazonHelp,need a refund for order number . sent back via drop-off locker 5 days ago.
102326,@AmazonHelp This is completely unacceptable. I want to speak to a supervisor or corporate manager right now!,We hear your frustration and apologize for the breakdown in communication. Please DM us your order #719-3302963-8874018 so we can urgently review this with our leadership team.,Fri Oct 13 13:58:00 +0000 2017,AmazonHelp,this is completely unacceptable. i want to speak to a supervisor or corporate manager right now!
102328,@AmazonHelp Do you offer student discounts on annual Prime memberships?,Hello! Most electronics purchased from authorized sellers include standard warranty. Please DM us the product ASIN to check details.,Mon Oct 16 14:55:00 +0000 2017,AmazonHelp,do you offer student discounts on annual prime memberships?
102330,@AmazonHelp My subscription auto-renewed even though I turned off auto-renew last week!,We apologize for the billing confusion. Please reach out via DM with the last 4 digits of the card and transaction date so we can inspect.,Thu Oct 26 01:52:00 +0000 2017,AmazonHelp,my subscription auto-renewed even though i turned off auto-renew last week!
102332,"@AmazonHelp Received broken item in order #917-8762657-9726042. I want my money back, not a replacement.",Hi! We want to help get this sorted. Please send us a direct message with order #917-8762657-9726042 and return tracking number so we can verify with our billing team.,Mon Oct 23 23:49:00 +0000 2017,AmazonHelp,"received broken item in order order number . i want my money back, not a replacement."
102334,@AmazonHelp My tracking says delivered but I have not received anything for order #595-5542271-8702071!,We understand your concern regarding order #595-5542271-8702071. Please drop us a DM with your tracking link and postal code so we can check with the carrier.,Wed Oct 18 12:19:00 +0000 2017,AmazonHelp,my tracking says delivered but i have not received anything for order order number !
102336,@AmazonHelp Your support team went above and beyond today. Thank you for the courteous and prompt help!,Hearing this makes our day! Thank you for your feedback and support. We're always here to help!,Fri Oct 13 11:13:00 +0000 2017,AmazonHelp,your support team went above and beyond today. thank you for the courteous and prompt help!
102338,@AmazonHelp Incredible customer support experience today. Truly appreciate how fast my issue was handled.,"We're thrilled to hear Sarah was able to help! Thank you for choosing us, and please don't hesitate to reach out if you ever need anything else.",Tue Oct 17 19:41:00 +0000 2017,AmazonHelp,incredible customer support experience today. truly appreciate how fast my issue was handled.
102340,@AmazonHelp Carrier marked order #171-5653261-2802906 as delivered at front door but there is no package anywhere.,"Hi there, we're sorry to hear your order #171-5653261-2802906 is delayed! Please send us a DM at amzn.to/help with your details so we can investigate.",Fri Oct 27 03:51:00 +0000 2017,AmazonHelp,carrier marked order order number as delivered at front door but there is no package anywhere.
102342,@AmazonHelp Package #445-5650204-5767885 has been stuck in transit in transit hub for over 48 hours. What gives?,We understand your concern regarding order #445-5650204-5767885. Please drop us a DM with your tracking link and postal code so we can check with the carrier.,Thu Oct 12 03:11:00 +0000 2017,AmazonHelp,package order number has been stuck in transit in transit hub for over 48 hours. what gives?
102344,@AmazonHelp My tracking says delivered but I have not received anything for order #698-6313642-4688845!,We understand your concern regarding order #698-6313642-4688845. Please drop us a DM with your tracking link and postal code so we can check with the carrier.,Mon Oct 23 12:08:00 +0000 2017,AmazonHelp,my tracking says delivered but i have not received anything for order order number !
102346,@AmazonHelp Carrier marked order #965-7818297-4707319 as delivered at front door but there is no package anywhere.,We understand your concern regarding order #965-7818297-4707319. Please drop us a DM with your tracking link and postal code so we can check with the carrier.,Sun Oct 01 12:28:00 +0000 2017,AmazonHelp,carrier marked order order number as delivered at front door but there is no package anywhere.
102348,@AmazonHelp You guys billed me twice on the same day for order #545-7487804-8485410. Please fix this duplicate charge.,"Sorry for the unexpected charge! If you did not intend to renew Prime, please DM us your email and we can help reverse eligible fees.",Wed Oct 18 20:57:00 +0000 2017,AmazonHelp,you guys billed me twice on the same day for order order number . please fix this duplicate charge.
102350,@AmazonHelp Your iOS app keeps crashing every time I tap the checkout button. Version 18.2.,We're sorry for the app crash. Please ensure you are running the latest app update. DM us if you need further technical troubleshooting.,Thu Oct 19 00:42:00 +0000 2017,AmazonHelp,your ios app keeps crashing every time i tap the checkout button. version 18.2.
102352,@AmazonHelp My subscription auto-renewed even though I turned off auto-renew last week!,We apologize for the billing confusion. Please reach out via DM with the last 4 digits of the card and transaction date so we can inspect.,Thu Oct 19 19:29:00 +0000 2017,AmazonHelp,my subscription auto-renewed even though i turned off auto-renew last week!
102354,@AmazonHelp Can someone check on order #397-4873783-7366014? It's a birthday gift and now it's late.,"Hi there, we're sorry to hear your order #397-4873783-7366014 is delayed! Please send us a DM at amzn.to/help with your details so we can investigate.",Fri Oct 27 09:25:00 +0000 2017,AmazonHelp,can someone check on order order number ? it's a birthday gift and now it's late.
102356,@AmazonHelp How long does it take for a refund to process to my original payment method for return #120-9236899-8319762?,Hi! We want to help get this sorted. Please send us a direct message with order #120-9236899-8319762 and return tracking number so we can verify with our billing team.,Fri Oct 13 14:58:00 +0000 2017,AmazonHelp,how long does it take for a refund to process to my original payment method for return order number ?
102358,@AmazonHelp I demand an immediate escalation to executive customer relations. No more generic bot answers!,We hear your frustration and apologize for the breakdown in communication. Please DM us your order #366-9028413-3652447 so we can urgently review this with our leadership team.,Wed Oct 11 18:41:00 +0000 2017,AmazonHelp,i demand an immediate escalation to executive customer relations. no more generic bot answers!
102360,@AmazonHelp Search bar on the website is completely unresponsive on Chrome desktop.,"Hello! Please try accessing the site in an incognito window or restarting your device. If the bug persists, DM us your app version and device model.",Sat Oct 21 05:07:00 +0000 2017,AmazonHelp,search bar on the website is completely unresponsive on chrome desktop.
102362,@AmazonHelp Is the manufacturer warranty valid if I buy an electronic item through third party sellers?,Hi! You can check international shipping options and estimated import duties at checkout or by visiting amzn.to/shipping-rates.,Mon Oct 09 09:11:00 +0000 2017,AmazonHelp,is the manufacturer warranty valid if i buy an electronic item through third party sellers?
102364,@AmazonHelp I forgot my password and the password reset link is never arriving in my inbox.,"Hello! If you suspect unauthorized access, please visit amzn.to/security immediately. You can also DM us your associated phone or email.",Mon Oct 09 12:14:00 +0000 2017,AmazonHelp,i forgot my password and the password reset link is never arriving in my inbox.
102366,@AmazonHelp shipment #573-7189628-4001846 is delayed by 3 days already. Any update on when it will arrive?,We understand your concern regarding order #573-7189628-4001846. Please drop us a DM with your tracking link and postal code so we can check with the carrier.,Mon Oct 02 07:38:00 +0000 2017,AmazonHelp,shipment order number is delayed by 3 days already. any update on when it will arrive?
102368,"@AmazonHelp Two-factor authentication is failing, says invalid token even though it's correct.","Hello! If you suspect unauthorized access, please visit amzn.to/security immediately. You can also DM us your associated phone or email.",Sat Oct 14 02:03:00 +0000 2017,AmazonHelp,"two-factor authentication is failing, says invalid token even though it's correct."
102370,"@AmazonHelp Where is my package? Order #279-2843416-5164353 was supposed to arrive 2 days ago, still nothing!",We understand your concern regarding order #279-2843416-5164353. Please drop us a DM with your tracking link and postal code so we can check with the carrier.,Wed Oct 25 10:42:00 +0000 2017,AmazonHelp,"where is my package? order order number was supposed to arrive 2 days ago, still nothing!"
102372,"@AmazonHelp Charged $134.99 annual subscription fee by mistake, please reverse this charge.","Hello, duplicate charges are often pending authorizations that drop off in 2-3 business days. Please DM us your order #504-7776291-9808890 to confirm.",Tue Oct 24 02:51:00 +0000 2017,AmazonHelp,"charged currency amount annual subscription fee by mistake, please reverse this charge."
102374,@AmazonHelp Are recyclable packaging options available for fragile items?,"Hi there! Yes, Amazon gift cards can be applied to Kindle digital purchases. Check out amzn.to/giftcard-faq for more information.",Mon Oct 02 11:05:00 +0000 2017,AmazonHelp,are recyclable packaging options available for fragile items?
102376,"@AmazonHelp Every time I try to log in, it loops back to the login screen without an error message.",We're sorry you're having trouble accessing your account. Please send us a DM so we can securely guide you through the two-step verification reset.,Mon Oct 02 02:54:00 +0000 2017,AmazonHelp,"every time i try to log in, it loops back to the login screen without an error message."
102378,@AmazonHelp You have lied to me three times about my delivery. I am reporting this fraud to the Better Business Bureau.,This is definitely not the experience we want for our customers. Please reach out in DM with your contact information so an escalation manager can connect with you.,Thu Oct 12 13:01:00 +0000 2017,AmazonHelp,you have lied to me three times about my delivery. i am reporting this fraud to the better business bureau.
102380,@AmazonHelp This is completely unacceptable. I want to speak to a supervisor or corporate manager right now!,We hear your frustration and apologize for the breakdown in communication. Please DM us your order #203-5956293-7275276 so we can urgently review this with our leadership team.,Tue Oct 24 16:52:00 +0000 2017,AmazonHelp,this is completely unacceptable. i want to speak to a supervisor or corporate manager right now!
102382,"@AmazonHelp My account was compromised or hacked, someone changed the email on file. Need help urgently!","Hi! For your security, please don't share passwords publicly. Please visit amzn.to/account-recovery or DM us to begin identity verification.",Sun Oct 08 00:25:00 +0000 2017,AmazonHelp,"my account was compromised or hacked, someone changed the email on file. need help urgently!"
102384,@AmazonHelp Return status says received at warehouse but refund not initiated for #125-9548104-4669073. Please help.,Apologies for the inconvenience! Please DM us your account details so we can check on return #125-9548104-4669073 and expedite your refund.,Mon Oct 16 05:41:00 +0000 2017,AmazonHelp,return status says received at warehouse but refund not initiated for order number . please help.
102386,@AmazonHelp I returned item on order #920-9673779-3068593 over a week ago and still haven't received my refund.,"Hello! Once an item is received at our fulfillment center, refunds usually take 3-5 business days. Please DM us your order #920-9673779-3068593 to check status.",Wed Oct 18 13:48:00 +0000 2017,AmazonHelp,i returned item on order order number over a week ago and still haven't received my refund.
102388,"@AmazonHelp Charged $51.49 annual subscription fee by mistake, please reverse this charge.","Hello, duplicate charges are often pending authorizations that drop off in 2-3 business days. Please DM us your order #550-5481292-3415105 to confirm.",Tue Oct 03 09:05:00 +0000 2017,AmazonHelp,"charged currency amount annual subscription fee by mistake, please reverse this charge."
102390,@AmazonHelp Package #236-4263058-8019182 has been stuck in transit in transit hub for over 48 hours. What gives?,"Hello! We apologize for the delivery issue with #236-4263058-8019182. Please check around your porch/neighbors, and if still missing, DM us your account email.",Wed Oct 04 09:21:00 +0000 2017,AmazonHelp,package order number has been stuck in transit in transit hub for over 48 hours. what gives?
102392,@AmazonHelp Is the manufacturer warranty valid if I buy an electronic item through third party sellers?,"Hello! Our standard return policy is 30 days, but extended holiday return windows often apply. Let us know if you have a specific item in mind!",Mon Oct 16 23:22:00 +0000 2017,AmazonHelp,is the manufacturer warranty valid if i buy an electronic item through third party sellers?
102394,@AmazonHelp Search bar on the website is completely unresponsive on Chrome desktop.,"Hello! Please try accessing the site in an incognito window or restarting your device. If the bug persists, DM us your app version and device model.",Sat Oct 28 09:39:00 +0000 2017,AmazonHelp,search bar on the website is completely unresponsive on chrome desktop.
102396,@AmazonHelp Tracking status says delivery attempted but nobody buzzed or knocked. Order #122-8279187-9110038.,"Hi there, we're sorry to hear your order #122-8279187-9110038 is delayed! Please send us a DM at amzn.to/help with your details so we can investigate.",Sun Oct 15 01:04:00 +0000 2017,AmazonHelp,tracking status says delivery attempted but nobody buzzed or knocked. order order number .
102398,@AmazonHelp Ordered express next-day delivery on #251-4751808-4673414 and it still hasn't shipped!,So sorry for the delay on #251-4751808-4673414! Please DM us your order details and we will check the transit status directly for you.,Thu Oct 19 13:45:00 +0000 2017,AmazonHelp,ordered express next-day delivery on order number and it still hasn't shipped!
102400,@AmazonHelp I was charged $56.50 twice for order #406-2361122-5068377. Please check your billing system.,"Sorry for the unexpected charge! If you did not intend to renew Prime, please DM us your email and we can help reverse eligible fees.",Sat Oct 21 01:03:00 +0000 2017,AmazonHelp,i was charged currency amount twice for order order number . please check your billing system.
102402,@AmazonHelp Charged for an item I sent back last Monday. When will my refund of $45.99 arrive?,We're sorry for the delay in your refund! Please reach out to us in DM with order #131-6599997-7213946 and your email address so we can review the return.,Fri Oct 20 22:48:00 +0000 2017,AmazonHelp,charged for an item i sent back last monday. when will my refund of currency amount arrive?
102404,@AmazonHelp Please cancel my order #725-3766469-6639011 and process a full refund immediately.,"Hello! Once an item is received at our fulfillment center, refunds usually take 3-5 business days. Please DM us your order #725-3766469-6639011 to check status.",Sun Oct 01 18:17:00 +0000 2017,AmazonHelp,please cancel my order order number and process a full refund immediately.
102406,"@AmazonHelp My account was compromised or hacked, someone changed the email on file. Need help urgently!","Hello! If you suspect unauthorized access, please visit amzn.to/security immediately. You can also DM us your associated phone or email.",Wed Oct 18 01:37:00 +0000 2017,AmazonHelp,"my account was compromised or hacked, someone changed the email on file. need help urgently!"
102408,@AmazonHelp Just noticed an unauthorized charge of $243.99 for Prime membership that I never authorized.,Hi! We'd be glad to look into this charge for you. Please send us a DM with the date and amount so we can locate the transaction securely.,Sun Oct 01 09:14:00 +0000 2017,AmazonHelp,just noticed an unauthorized charge of currency amount for prime membership that i never authorized.
102410,@AmazonHelp Getting 'An unexpected error occurred' whenever I try to add items to my shopping cart.,We apologize for the technical glitch! Our technical team is monitoring site stability. Please send us a DM with a screenshot if the error continues.,Sun Oct 22 10:00:00 +0000 2017,AmazonHelp,getting 'an unexpected error occurred' whenever i try to add items to my shopping cart.
102412,@AmazonHelp Are recyclable packaging options available for fragile items?,"Hi there! Yes, Amazon gift cards can be applied to Kindle digital purchases. Check out amzn.to/giftcard-faq for more information.",Sun Oct 08 18:50:00 +0000 2017,AmazonHelp,are recyclable packaging options available for fragile items?
102414,@AmazonHelp How can I change my primary delivery address before placing an order?,Hello! Most electronics purchased from authorized sellers include standard warranty. Please DM us the product ASIN to check details.,Sun Oct 22 08:51:00 +0000 2017,AmazonHelp,how can i change my primary delivery address before placing an order?
102416,@AmazonHelp Search bar on the website is completely unresponsive on Chrome desktop.,We apologize for the technical glitch! Our technical team is monitoring site stability. Please send us a DM with a screenshot if the error continues.,Wed Oct 04 17:14:00 +0000 2017,AmazonHelp,search bar on the website is completely unresponsive on chrome desktop.
102418,@AmazonHelp Getting 'An unexpected error occurred' whenever I try to add items to my shopping cart.,We apologize for the technical glitch! Our technical team is monitoring site stability. Please send us a DM with a screenshot if the error continues.,Mon Oct 02 21:58:00 +0000 2017,AmazonHelp,getting 'an unexpected error occurred' whenever i try to add items to my shopping cart.
102420,@AmazonHelp shipment #296-6789576-2108224 is delayed by 3 days already. Any update on when it will arrive?,So sorry for the delay on #296-6789576-2108224! Please DM us your order details and we will check the transit status directly for you.,Thu Oct 19 11:10:00 +0000 2017,AmazonHelp,shipment order number is delayed by 3 days already. any update on when it will arrive?
102422,"@AmazonHelp My account was compromised or hacked, someone changed the email on file. Need help urgently!","Hello! If you suspect unauthorized access, please visit amzn.to/security immediately. You can also DM us your associated phone or email.",Thu Oct 05 14:50:00 +0000 2017,AmazonHelp,"my account was compromised or hacked, someone changed the email on file. need help urgently!"
102424,@AmazonHelp What is the return window for holiday purchases made in November?,Hello! Most electronics purchased from authorized sellers include standard warranty. Please DM us the product ASIN to check details.,Tue Oct 03 03:00:00 +0000 2017,AmazonHelp,what is the return window for holiday purchases made in november?
102426,@AmazonHelp My subscription auto-renewed even though I turned off auto-renew last week!,"Hello, duplicate charges are often pending authorizations that drop off in 2-3 business days. Please DM us your order #828-6753964-7258302 to confirm.",Mon Oct 16 12:12:00 +0000 2017,AmazonHelp,my subscription auto-renewed even though i turned off auto-renew last week!
102428,@AmazonHelp Do you ship internationally to Germany and what are the customs fees?,"Hello! Our standard return policy is 30 days, but extended holiday return windows often apply. Let us know if you have a specific item in mind!",Sat Oct 28 06:31:00 +0000 2017,AmazonHelp,do you ship internationally to germany and what are the customs fees?
102430,@AmazonHelp Please cancel my order #873-8657731-1746815 and process a full refund immediately.,Apologies for the inconvenience! Please DM us your account details so we can check on return #873-8657731-1746815 and expedite your refund.,Fri Oct 20 08:45:00 +0000 2017,AmazonHelp,please cancel my order order number and process a full refund immediately.
102432,@AmazonHelp WORST CUSTOMER SERVICE EVER! Representative hung up on me after waiting 45 minutes on hold!,We are very sorry to hear this and take feedback like this seriously. Please send us a direct message with your account details and phone number so we can escalate to a supervisor.,Fri Oct 27 18:03:00 +0000 2017,AmazonHelp,worst customer service ever! representative hung up on me after waiting 45 minutes on hold!
102434,@AmazonHelp I returned item on order #104-9904386-4845687 over a week ago and still haven't received my refund.,Apologies for the inconvenience! Please DM us your account details so we can check on return #104-9904386-4845687 and expedite your refund.,Wed Oct 04 20:08:00 +0000 2017,AmazonHelp,i returned item on order order number over a week ago and still haven't received my refund.
102436,"@AmazonHelp Two-factor authentication is failing, says invalid token even though it's correct.","Hello! If you suspect unauthorized access, please visit amzn.to/security immediately. You can also DM us your associated phone or email.",Fri Oct 06 15:34:00 +0000 2017,AmazonHelp,"two-factor authentication is failing, says invalid token even though it's correct."
102438,@AmazonHelp Absolute scam. Stole my money and refusing to help. Give me someone who actually has authority.,We are very sorry to hear this and take feedback like this seriously. Please send us a direct message with your account details and phone number so we can escalate to a supervisor.,Mon Oct 02 07:36:00 +0000 2017,AmazonHelp,absolute scam. stole my money and refusing to help. give me someone who actually has authority.
102440,@AmazonHelp shipment #867-5331763-3835729 is delayed by 3 days already. Any update on when it will arrive?,So sorry for the delay on #867-5331763-3835729! Please DM us your order details and we will check the transit status directly for you.,Sun Oct 08 20:02:00 +0000 2017,AmazonHelp,shipment order number is delayed by 3 days already. any update on when it will arrive?
102442,@AmazonHelp My tracking says delivered but I have not received anything for order #395-6192421-2150745!,We understand your concern regarding order #395-6192421-2150745. Please drop us a DM with your tracking link and postal code so we can check with the carrier.,Fri Oct 06 12:50:00 +0000 2017,AmazonHelp,my tracking says delivered but i have not received anything for order order number !
102444,@AmazonHelp Return status says received at warehouse but refund not initiated for #612-9968963-8806392. Please help.,"Hello! Once an item is received at our fulfillment center, refunds usually take 3-5 business days. Please DM us your order #612-9968963-8806392 to check status.",Mon Oct 09 09:41:00 +0000 2017,AmazonHelp,return status says received at warehouse but refund not initiated for order number . please help.
102446,@AmazonHelp How can I change my primary delivery address before placing an order?,Hello! Most electronics purchased from authorized sellers include standard warranty. Please DM us the product ASIN to check details.,Wed Oct 25 17:10:00 +0000 2017,AmazonHelp,how can i change my primary delivery address before placing an order?
102448,"@AmazonHelp Every time I try to log in, it loops back to the login screen without an error message.",We're sorry you're having trouble accessing your account. Please send us a DM so we can securely guide you through the two-step verification reset.,Tue Oct 10 00:42:00 +0000 2017,AmazonHelp,"every time i try to log in, it loops back to the login screen without an error message."
102450,@AmazonHelp Payment declined on my card even though there are sufficient funds available.,We apologize for the billing confusion. Please reach out via DM with the last 4 digits of the card and transaction date so we can inspect.,Tue Oct 03 06:51:00 +0000 2017,AmazonHelp,payment declined on my card even though there are sufficient funds available.
102452,@AmazonHelp Locked out of my account. The OTP verification code is not being sent to my phone.,"Hello! If you suspect unauthorized access, please visit amzn.to/security immediately. You can also DM us your associated phone or email.",Thu Oct 05 06:06:00 +0000 2017,AmazonHelp,locked out of my account. the otp verification code is not being sent to my phone.
102454,@AmazonHelp How can I change my primary delivery address before placing an order?,Hi! You can check international shipping options and estimated import duties at checkout or by visiting amzn.to/shipping-rates.,Mon Oct 02 20:29:00 +0000 2017,AmazonHelp,how can i change my primary delivery address before placing an order?
102456,@AmazonHelp How long does it take for a refund to process to my original payment method for return #419-8141064-5923296?,Apologies for the inconvenience! Please DM us your account details so we can check on return #419-8141064-5923296 and expedite your refund.,Sat Oct 14 03:34:00 +0000 2017,AmazonHelp,how long does it take for a refund to process to my original payment method for return order number ?
102458,@AmazonHelp Do you ship internationally to Germany and what are the customs fees?,Hi! You can check international shipping options and estimated import duties at checkout or by visiting amzn.to/shipping-rates.,Mon Oct 16 07:00:00 +0000 2017,AmazonHelp,do you ship internationally to germany and what are the customs fees?
102460,@AmazonHelp Getting 'An unexpected error occurred' whenever I try to add items to my shopping cart.,"Hello! Please try accessing the site in an incognito window or restarting your device. If the bug persists, DM us your app version and device model.",Sat Oct 07 00:09:00 +0000 2017,AmazonHelp,getting 'an unexpected error occurred' whenever i try to add items to my shopping cart.
102462,@AmazonHelp Can you explain the invoice breakdown for #696-2322696-4884250? There's an extra charge of $27.99.,We apologize for the billing confusion. Please reach out via DM with the last 4 digits of the card and transaction date so we can inspect.,Thu Oct 19 17:54:00 +0000 2017,AmazonHelp,can you explain the invoice breakdown for order number ? there's an extra charge of currency amount .
102464,@AmazonHelp Please cancel my order #999-8049302-2559735 and process a full refund immediately.,"Hello! Once an item is received at our fulfillment center, refunds usually take 3-5 business days. Please DM us your order #999-8049302-2559735 to check status.",Sun Oct 01 13:23:00 +0000 2017,AmazonHelp,please cancel my order order number and process a full refund immediately.
102466,"@AmazonHelp If my issue is not resolved today, I will be taking legal action with my attorney. Order #143-8872257-7058725.",We sincerely apologize for this distressing experience. This is certainly not the level of service we aim to provide. Please DM us immediately so a senior specialist can assist.,Mon Oct 09 00:55:00 +0000 2017,AmazonHelp,"if my issue is not resolved today, i will be taking legal action with my attorney. order order number ."
102468,@AmazonHelp My subscription auto-renewed even though I turned off auto-renew last week!,"Sorry for the unexpected charge! If you did not intend to renew Prime, please DM us your email and we can help reverse eligible fees.",Wed Oct 25 04:14:00 +0000 2017,AmazonHelp,my subscription auto-renewed even though i turned off auto-renew last week!
102470,"@AmazonHelp Charged $155.49 annual subscription fee by mistake, please reverse this charge.","Hello, duplicate charges are often pending authorizations that drop off in 2-3 business days. Please DM us your order #847-4146566-9265342 to confirm.",Wed Oct 25 09:29:00 +0000 2017,AmazonHelp,"charged currency amount annual subscription fee by mistake, please reverse this charge."
102472,@AmazonHelp How long does it take for a refund to process to my original payment method for return #514-7904546-5826180?,Apologies for the inconvenience! Please DM us your account details so we can check on return #514-7904546-5826180 and expedite your refund.,Fri Oct 06 14:12:00 +0000 2017,AmazonHelp,how long does it take for a refund to process to my original payment method for return order number ?
102474,@AmazonHelp Why was my credit card charged $162.49 when my order total was only $25.00?,Hi! We'd be glad to look into this charge for you. Please send us a DM with the date and amount so we can locate the transaction securely.,Thu Oct 12 18:04:00 +0000 2017,AmazonHelp,why was my credit card charged currency amount when my order total was only currency amount ?
102476,@AmazonHelp Website gives error 500 internal server error when trying to view my order history.,"Hi! Thanks for bringing this to our attention. Have you tried reinstalling the app or clearing your cache? If so, please DM us your device OS version.",Fri Oct 06 05:50:00 +0000 2017,AmazonHelp,website gives error 500 internal server error when trying to view my order history.
102478,@AmazonHelp Package #247-3466041-3067693 has been stuck in transit in transit hub for over 48 hours. What gives?,So sorry for the delay on #247-3466041-3067693! Please DM us your order details and we will check the transit status directly for you.,Tue Oct 10 13:09:00 +0000 2017,AmazonHelp,package order number has been stuck in transit in transit hub for over 48 hours. what gives?
102480,@AmazonHelp Tracking status says delivery attempted but nobody buzzed or knocked. Order #498-6925346-4154128.,"Hi there, we're sorry to hear your order #498-6925346-4154128 is delayed! Please send us a DM at amzn.to/help with your details so we can investigate.",Sun Oct 01 12:21:00 +0000 2017,AmazonHelp,tracking status says delivery attempted but nobody buzzed or knocked. order order number .
102482,@AmazonHelp Unable to sign in to my account from my new laptop. Says suspicious activity detected.,We're sorry you're having trouble accessing your account. Please send us a DM so we can securely guide you through the two-step verification reset.,Sat Oct 14 02:07:00 +0000 2017,AmazonHelp,unable to sign in to my account from my new laptop. says suspicious activity detected.
102484,@AmazonHelp Need a refund for #114-8939548-9885085. Sent back via drop-off locker 5 days ago.,We're sorry for the delay in your refund! Please reach out to us in DM with order #114-8939548-9885085 and your email address so we can review the return.,Fri Oct 13 22:03:00 +0000 2017,AmazonHelp,need a refund for order number . sent back via drop-off locker 5 days ago.
102486,@AmazonHelp Thank you @AmazonHelp for resolving my billing query so smoothly today!,Hearing this makes our day! Thank you for your feedback and support. We're always here to help!,Thu Oct 26 11:40:00 +0000 2017,AmazonHelp,thank you for resolving my billing query so smoothly today!
102488,@AmazonHelp Can you explain the invoice breakdown for #248-2842547-5490854? There's an extra charge of $199.99.,We apologize for the billing confusion. Please reach out via DM with the last 4 digits of the card and transaction date so we can inspect.,Thu Oct 19 17:58:00 +0000 2017,AmazonHelp,can you explain the invoice breakdown for order number ? there's an extra charge of currency amount .
102490,"@AmazonHelp Where is my package? Order #209-5047096-5744820 was supposed to arrive on Friday, still nothing!","Hello! We apologize for the delivery issue with #209-5047096-5744820. Please check around your porch/neighbors, and if still missing, DM us your account email.",Mon Oct 16 06:35:00 +0000 2017,AmazonHelp,"where is my package? order order number was supposed to arrive on friday, still nothing!"
102492,@AmazonHelp How long does it take for a refund to process to my original payment method for return #449-1024503-9070163?,Hi! We want to help get this sorted. Please send us a direct message with order #449-1024503-9070163 and return tracking number so we can verify with our billing team.,Tue Oct 10 10:53:00 +0000 2017,AmazonHelp,how long does it take for a refund to process to my original payment method for return order number ?
102494,@AmazonHelp Return status says received at warehouse but refund not initiated for #962-6987578-2612121. Please help.,"Hello! Once an item is received at our fulfillment center, refunds usually take 3-5 business days. Please DM us your order #962-6987578-2612121 to check status.",Mon Oct 16 16:10:00 +0000 2017,AmazonHelp,return status says received at warehouse but refund not initiated for order number . please help.
102496,@AmazonHelp I forgot my password and the password reset link is never arriving in my inbox.,We're sorry you're having trouble accessing your account. Please send us a DM so we can securely guide you through the two-step verification reset.,Fri Oct 20 01:38:00 +0000 2017,AmazonHelp,i forgot my password and the password reset link is never arriving in my inbox.
102498,@AmazonHelp Carrier marked order #522-9975486-2218092 as delivered at front door but there is no package anywhere.,"Hello! We apologize for the delivery issue with #522-9975486-2218092. Please check around your porch/neighbors, and if still missing, DM us your account email.",Thu Oct 05 18:48:00 +0000 2017,AmazonHelp,carrier marked order order number as delivered at front door but there is no package anywhere.
102500,@AmazonHelp Carrier marked order #701-7864199-3017920 as delivered at front door but there is no package anywhere.,"Hi there, we're sorry to hear your order #701-7864199-3017920 is delayed! Please send us a DM at amzn.to/help with your details so we can investigate.",Thu Oct 12 18:25:00 +0000 2017,AmazonHelp,carrier marked order order number as delivered at front door but there is no package anywhere.
102502,"@AmazonHelp Help! Account locked due to too many failed attempts, how do I unlock it?",We're sorry you're having trouble accessing your account. Please send us a DM so we can securely guide you through the two-step verification reset.,Fri Oct 20 02:49:00 +0000 2017,AmazonHelp,"help! account locked due to too many failed attempts, how do i unlock it?"
102504,@AmazonHelp Can someone check on order #615-4847505-5658528? It's a birthday gift and now it's late.,"Hello! We apologize for the delivery issue with #615-4847505-5658528. Please check around your porch/neighbors, and if still missing, DM us your account email.",Thu Oct 05 19:31:00 +0000 2017,AmazonHelp,can someone check on order order number ? it's a birthday gift and now it's late.
102506,@AmazonHelp My subscription auto-renewed even though I turned off auto-renew last week!,"Hello, duplicate charges are often pending authorizations that drop off in 2-3 business days. Please DM us your order #783-5618061-4230362 to confirm.",Sat Oct 07 09:52:00 +0000 2017,AmazonHelp,my subscription auto-renewed even though i turned off auto-renew last week!
102508,@AmazonHelp Lost access to my old phone number and now 2FA won't let me log into my account.,"Hello! If you suspect unauthorized access, please visit amzn.to/security immediately. You can also DM us your associated phone or email.",Sat Oct 21 00:40:00 +0000 2017,AmazonHelp,lost access to my old phone number and now 2fa won't let me log into my account.
102510,@AmazonHelp Why was my credit card charged $111.00 when my order total was only $10.99?,"Sorry for the unexpected charge! If you did not intend to renew Prime, please DM us your email and we can help reverse eligible fees.",Thu Oct 05 05:40:00 +0000 2017,AmazonHelp,why was my credit card charged currency amount when my order total was only currency amount ?
102512,@AmazonHelp Ordered express next-day delivery on #257-7963431-2819316 and it still hasn't shipped!,So sorry for the delay on #257-7963431-2819316! Please DM us your order details and we will check the transit status directly for you.,Sat Oct 28 10:07:00 +0000 2017,AmazonHelp,ordered express next-day delivery on order number and it still hasn't shipped!
102514,@AmazonHelp My subscription auto-renewed even though I turned off auto-renew last week!,Hi! We'd be glad to look into this charge for you. Please send us a DM with the date and amount so we can locate the transaction securely.,Thu Oct 19 20:16:00 +0000 2017,AmazonHelp,my subscription auto-renewed even though i turned off auto-renew last week!
102516,"@AmazonHelp Received broken item in order #648-8799197-2527141. I want my money back, not a replacement.","Hello! Once an item is received at our fulfillment center, refunds usually take 3-5 business days. Please DM us your order #648-8799197-2527141 to check status.",Mon Oct 23 04:33:00 +0000 2017,AmazonHelp,"received broken item in order order number . i want my money back, not a replacement."
102518,"@AmazonHelp If my issue is not resolved today, I will be taking legal action with my attorney. Order #694-3268584-1886368.",We sincerely apologize for this distressing experience. This is certainly not the level of service we aim to provide. Please DM us immediately so a senior specialist can assist.,Sat Oct 28 23:54:00 +0000 2017,AmazonHelp,"if my issue is not resolved today, i will be taking legal action with my attorney. order order number ."
102520,@AmazonHelp You have lied to me three times about my delivery. I am reporting this fraud to the Better Business Bureau.,We are very sorry to hear this and take feedback like this seriously. Please send us a direct message with your account details and phone number so we can escalate to a supervisor.,Fri Oct 20 20:12:00 +0000 2017,AmazonHelp,you have lied to me three times about my delivery. i am reporting this fraud to the better business bureau.
102522,@AmazonHelp Does this product come with a power adapter or do I need to buy it separately?,Hi! You can check international shipping options and estimated import duties at checkout or by visiting amzn.to/shipping-rates.,Thu Oct 26 06:11:00 +0000 2017,AmazonHelp,does this product come with a power adapter or do i need to buy it separately?
102524,@AmazonHelp Your iOS app keeps crashing every time I tap the checkout button. Version 18.2.,"Hi! Thanks for bringing this to our attention. Have you tried reinstalling the app or clearing your cache? If so, please DM us your device OS version.",Mon Oct 02 11:27:00 +0000 2017,AmazonHelp,your ios app keeps crashing every time i tap the checkout button. version 18.2.
102526,@AmazonHelp Ordered express next-day delivery on #268-2360014-2386345 and it still hasn't shipped!,"Hi there, we're sorry to hear your order #268-2360014-2386345 is delayed! Please send us a DM at amzn.to/help with your details so we can investigate.",Sat Oct 28 21:41:00 +0000 2017,AmazonHelp,ordered express next-day delivery on order number and it still hasn't shipped!
102528,@AmazonHelp Getting 'An unexpected error occurred' whenever I try to add items to my shopping cart.,We apologize for the technical glitch! Our technical team is monitoring site stability. Please send us a DM with a screenshot if the error continues.,Thu Oct 26 05:08:00 +0000 2017,AmazonHelp,getting 'an unexpected error occurred' whenever i try to add items to my shopping cart.
102530,@AmazonHelp I was charged $140.00 twice for order #690-8999013-5818144. Please check your billing system.,We apologize for the billing confusion. Please reach out via DM with the last 4 digits of the card and transaction date so we can inspect.,Sun Oct 22 17:09:00 +0000 2017,AmazonHelp,i was charged currency amount twice for order order number . please check your billing system.
102532,"@AmazonHelp Every time I try to log in, it loops back to the login screen without an error message.","Hello! If you suspect unauthorized access, please visit amzn.to/security immediately. You can also DM us your associated phone or email.",Mon Oct 16 22:00:00 +0000 2017,AmazonHelp,"every time i try to log in, it loops back to the login screen without an error message."
102534,@AmazonHelp Charged for an item I sent back last Monday. When will my refund of $53.50 arrive?,We're sorry for the delay in your refund! Please reach out to us in DM with order #628-5615065-9892515 and your email address so we can review the return.,Fri Oct 13 15:17:00 +0000 2017,AmazonHelp,charged for an item i sent back last monday. when will my refund of currency amount arrive?
102536,"@AmazonHelp Where is my package? Order #429-7200293-1822048 was supposed to arrive yesterday, still nothing!",So sorry for the delay on #429-7200293-1822048! Please DM us your order details and we will check the transit status directly for you.,Thu Oct 19 21:16:00 +0000 2017,AmazonHelp,"where is my package? order order number was supposed to arrive yesterday, still nothing!"
102538,@AmazonHelp My tracking says delivered but I have not received anything for order #716-8717916-6957204!,"Hi there, we're sorry to hear your order #716-8717916-6957204 is delayed! Please send us a DM at amzn.to/help with your details so we can investigate.",Tue Oct 03 12:20:00 +0000 2017,AmazonHelp,my tracking says delivered but i have not received anything for order order number !
102540,@AmazonHelp Does this product come with a power adapter or do I need to buy it separately?,"Hello! Our standard return policy is 30 days, but extended holiday return windows often apply. Let us know if you have a specific item in mind!",Tue Oct 24 20:15:00 +0000 2017,AmazonHelp,does this product come with a power adapter or do i need to buy it separately?
102542,@AmazonHelp I was told my refund of $180.00 for order #882-4148815-9863760 would be in my account in 3-5 days. It's been 10 days.,"Hello! Once an item is received at our fulfillment center, refunds usually take 3-5 business days. Please DM us your order #882-4148815-9863760 to check status.",Thu Oct 19 14:00:00 +0000 2017,AmazonHelp,i was told my refund of currency amount for order order number would be in my account in 3-5 days. it's been 10 days.
102544,@AmazonHelp I was charged $161.99 twice for order #843-3866741-9753067. Please check your billing system.,"Hello, duplicate charges are often pending authorizations that drop off in 2-3 business days. Please DM us your order #843-3866741-9753067 to confirm.",Sat Oct 07 07:34:00 +0000 2017,AmazonHelp,i was charged currency amount twice for order order number . please check your billing system.
102546,@AmazonHelp Checkout page freezes when selecting saved shipping address.,"Hi! Thanks for bringing this to our attention. Have you tried reinstalling the app or clearing your cache? If so, please DM us your device OS version.",Thu Oct 19 03:12:00 +0000 2017,AmazonHelp,checkout page freezes when selecting saved shipping address.
102548,@AmazonHelp You have lied to me three times about my delivery. I am reporting this fraud to the Better Business Bureau.,This is definitely not the experience we want for our customers. Please reach out in DM with your contact information so an escalation manager can connect with you.,Wed Oct 11 19:13:00 +0000 2017,AmazonHelp,you have lied to me three times about my delivery. i am reporting this fraud to the better business bureau.
102550,@AmazonHelp Charged for an item I sent back last Monday. When will my refund of $64.00 arrive?,Hi! We want to help get this sorted. Please send us a direct message with order #799-4136589-5929701 and return tracking number so we can verify with our billing team.,Sat Oct 14 02:37:00 +0000 2017,AmazonHelp,charged for an item i sent back last monday. when will my refund of currency amount arrive?
102552,@AmazonHelp Lost access to my old phone number and now 2FA won't let me log into my account.,We're sorry you're having trouble accessing your account. Please send us a DM so we can securely guide you through the two-step verification reset.,Tue Oct 24 04:12:00 +0000 2017,AmazonHelp,lost access to my old phone number and now 2fa won't let me log into my account.
102554,@AmazonHelp Package #382-6562506-3252405 has been stuck in transit in transit hub for over 48 hours. What gives?,"Hi there, we're sorry to hear your order #382-6562506-3252405 is delayed! Please send us a DM at amzn.to/help with your details so we can investigate.",Sat Oct 14 15:16:00 +0000 2017,AmazonHelp,package order number has been stuck in transit in transit hub for over 48 hours. what gives?
102556,@AmazonHelp Tracking status says delivery attempted but nobody buzzed or knocked. Order #321-4505384-6956976.,"Hello! We apologize for the delivery issue with #321-4505384-6956976. Please check around your porch/neighbors, and if still missing, DM us your account email.",Sat Oct 07 19:28:00 +0000 2017,AmazonHelp,tracking status says delivery attempted but nobody buzzed or knocked. order order number .
102558,@AmazonHelp Carrier marked order #828-8629336-9828362 as delivered at front door but there is no package anywhere.,"Hello! We apologize for the delivery issue with #828-8629336-9828362. Please check around your porch/neighbors, and if still missing, DM us your account email.",Thu Oct 05 12:52:00 +0000 2017,AmazonHelp,carrier marked order order number as delivered at front door but there is no package anywhere.
102560,@AmazonHelp I was charged $118.99 twice for order #604-4637002-3260007. Please check your billing system.,Hi! We'd be glad to look into this charge for you. Please send us a DM with the date and amount so we can locate the transaction securely.,Tue Oct 24 08:29:00 +0000 2017,AmazonHelp,i was charged currency amount twice for order order number . please check your billing system.
102562,@AmazonHelp Search bar on the website is completely unresponsive on Chrome desktop.,We apologize for the technical glitch! Our technical team is monitoring site stability. Please send us a DM with a screenshot if the error continues.,Mon Oct 02 14:02:00 +0000 2017,AmazonHelp,search bar on the website is completely unresponsive on chrome desktop.
102564,"@AmazonHelp Charged $155.49 annual subscription fee by mistake, please reverse this charge.",We apologize for the billing confusion. Please reach out via DM with the last 4 digits of the card and transaction date so we can inspect.,Tue Oct 24 00:15:00 +0000 2017,AmazonHelp,"charged currency amount annual subscription fee by mistake, please reverse this charge."
102566,@AmazonHelp The video streaming player on Prime Video keeps stuttering and buffering on my Smart TV.,"Hello! Please try accessing the site in an incognito window or restarting your device. If the bug persists, DM us your app version and device model.",Wed Oct 04 00:18:00 +0000 2017,AmazonHelp,the video streaming player on prime video keeps stuttering and buffering on my smart tv.
102568,"@AmazonHelp Received broken item in order #172-3066510-9824168. I want my money back, not a replacement.",Apologies for the inconvenience! Please DM us your account details so we can check on return #172-3066510-9824168 and expedite your refund.,Mon Oct 23 02:24:00 +0000 2017,AmazonHelp,"received broken item in order order number . i want my money back, not a replacement."
102570,@AmazonHelp Can I use Amazon gift cards to purchase digital books on Kindle?,Hi! You can check international shipping options and estimated import duties at checkout or by visiting amzn.to/shipping-rates.,Sat Oct 21 21:56:00 +0000 2017,AmazonHelp,can i use amazon gift cards to purchase digital books on kindle?
102572,@AmazonHelp Charged for an item I sent back last Monday. When will my refund of $80.00 arrive?,"Hello! Once an item is received at our fulfillment center, refunds usually take 3-5 business days. Please DM us your order #528-2287561-2547274 to check status.",Wed Oct 18 01:41:00 +0000 2017,AmazonHelp,charged for an item i sent back last monday. when will my refund of currency amount arrive?
102574,@AmazonHelp My tracking says delivered but I have not received anything for order #911-6662173-4987082!,"Hi there, we're sorry to hear your order #911-6662173-4987082 is delayed! Please send us a DM at amzn.to/help with your details so we can investigate.",Sat Oct 07 05:41:00 +0000 2017,AmazonHelp,my tracking says delivered but i have not received anything for order order number !
102576,"@AmazonHelp Wishlist won't let me remove deleted items, says 'Failed to update wishlist'.",We're sorry for the app crash. Please ensure you are running the latest app update. DM us if you need further technical troubleshooting.,Thu Oct 05 09:33:00 +0000 2017,AmazonHelp,"wishlist won't let me remove deleted items, says 'failed to update wishlist'."
102578,@AmazonHelp How long does it take for a refund to process to my original payment method for return #801-8644182-2219358?,Hi! We want to help get this sorted. Please send us a direct message with order #801-8644182-2219358 and return tracking number so we can verify with our billing team.,Tue Oct 03 17:52:00 +0000 2017,AmazonHelp,how long does it take for a refund to process to my original payment method for return order number ?
102580,"@AmazonHelp Two-factor authentication is failing, says invalid token even though it's correct.","Hello! If you suspect unauthorized access, please visit amzn.to/security immediately. You can also DM us your associated phone or email.",Tue Oct 03 05:04:00 +0000 2017,AmazonHelp,"two-factor authentication is failing, says invalid token even though it's correct."
102582,@AmazonHelp Can someone check on order #667-1083198-9855180? It's a birthday gift and now it's late.,"Hello! We apologize for the delivery issue with #667-1083198-9855180. Please check around your porch/neighbors, and if still missing, DM us your account email.",Tue Oct 03 11:23:00 +0000 2017,AmazonHelp,can someone check on order order number ? it's a birthday gift and now it's late.
102584,"@AmazonHelp Where is my package? Order #483-3082675-1895909 was supposed to arrive last week, still nothing!",We understand your concern regarding order #483-3082675-1895909. Please drop us a DM with your tracking link and postal code so we can check with the carrier.,Fri Oct 27 19:27:00 +0000 2017,AmazonHelp,"where is my package? order order number was supposed to arrive last week, still nothing!"
102586,@AmazonHelp Are recyclable packaging options available for fragile items?,"Hello! Our standard return policy is 30 days, but extended holiday return windows often apply. Let us know if you have a specific item in mind!",Sat Oct 14 20:46:00 +0000 2017,AmazonHelp,are recyclable packaging options available for fragile items?
102588,"@AmazonHelp Charged $242.99 annual subscription fee by mistake, please reverse this charge.","Hello, duplicate charges are often pending authorizations that drop off in 2-3 business days. Please DM us your order #877-8653803-2504155 to confirm.",Mon Oct 16 09:51:00 +0000 2017,AmazonHelp,"charged currency amount annual subscription fee by mistake, please reverse this charge."
102590,@AmazonHelp shipment #121-9395962-6194113 is delayed by 3 days already. Any update on when it will arrive?,"Hello! We apologize for the delivery issue with #121-9395962-6194113. Please check around your porch/neighbors, and if still missing, DM us your account email.",Sat Oct 07 19:20:00 +0000 2017,AmazonHelp,shipment order number is delayed by 3 days already. any update on when it will arrive?
102592,@AmazonHelp Charged for an item I sent back last Monday. When will my refund of $174.00 arrive?,"Hello! Once an item is received at our fulfillment center, refunds usually take 3-5 business days. Please DM us your order #673-1918930-7842069 to check status.",Fri Oct 20 09:15:00 +0000 2017,AmazonHelp,charged for an item i sent back last monday. when will my refund of currency amount arrive?
102594,@AmazonHelp Payment declined on my card even though there are sufficient funds available.,"Hello, duplicate charges are often pending authorizations that drop off in 2-3 business days. Please DM us your order #278-4622315-6192577 to confirm.",Sat Oct 07 16:19:00 +0000 2017,AmazonHelp,payment declined on my card even though there are sufficient funds available.
102596,@AmazonHelp You have lied to me three times about my delivery. I am reporting this fraud to the Better Business Bureau.,This is definitely not the experience we want for our customers. Please reach out in DM with your contact information so an escalation manager can connect with you.,Mon Oct 02 17:43:00 +0000 2017,AmazonHelp,you have lied to me three times about my delivery. i am reporting this fraud to the better business bureau.
102598,@AmazonHelp Do you offer student discounts on annual Prime memberships?,Hi! You can check international shipping options and estimated import duties at checkout or by visiting amzn.to/shipping-rates.,Thu Oct 26 10:26:00 +0000 2017,AmazonHelp,do you offer student discounts on annual prime memberships?
102600,@AmazonHelp Just noticed an unauthorized charge of $227.49 for Prime membership that I never authorized.,"Hello, duplicate charges are often pending authorizations that drop off in 2-3 business days. Please DM us your order #452-7827067-2221451 to confirm.",Tue Oct 10 00:51:00 +0000 2017,AmazonHelp,just noticed an unauthorized charge of currency amount for prime membership that i never authorized.
102602,@AmazonHelp I was told my refund of $230.49 for order #444-3016385-5226693 would be in my account in 3-5 days. It's been 10 days.,We're sorry for the delay in your refund! Please reach out to us in DM with order #444-3016385-5226693 and your email address so we can review the return.,Sun Oct 15 12:25:00 +0000 2017,AmazonHelp,i was told my refund of currency amount for order order number would be in my account in 3-5 days. it's been 10 days.
102604,@AmazonHelp Charged for an item I sent back last Monday. When will my refund of $137.49 arrive?,Apologies for the inconvenience! Please DM us your account details so we can check on return #141-1494157-3755581 and expedite your refund.,Wed Oct 04 05:23:00 +0000 2017,AmazonHelp,charged for an item i sent back last monday. when will my refund of currency amount arrive?
102606,@AmazonHelp Ordered express next-day delivery on #881-7495927-9454027 and it still hasn't shipped!,"Hi there, we're sorry to hear your order #881-7495927-9454027 is delayed! Please send us a DM at amzn.to/help with your details so we can investigate.",Wed Oct 04 09:20:00 +0000 2017,AmazonHelp,ordered express next-day delivery on order number and it still hasn't shipped!
102608,"@AmazonHelp Help! Account locked due to too many failed attempts, how do I unlock it?","Hi there, please ensure SMS isn't blocked by your carrier, or try clearing browser cache. If the issue persists, send us a DM.",Mon Oct 09 10:33:00 +0000 2017,AmazonHelp,"help! account locked due to too many failed attempts, how do i unlock it?"
102610,@AmazonHelp Unable to sign in to my account from my new laptop. Says suspicious activity detected.,"Hello! If you suspect unauthorized access, please visit amzn.to/security immediately. You can also DM us your associated phone or email.",Mon Oct 23 21:58:00 +0000 2017,AmazonHelp,unable to sign in to my account from my new laptop. says suspicious activity detected.
102612,"@AmazonHelp My account was compromised or hacked, someone changed the email on file. Need help urgently!",We're sorry you're having trouble accessing your account. Please send us a DM so we can securely guide you through the two-step verification reset.,Mon Oct 02 06:16:00 +0000 2017,AmazonHelp,"my account was compromised or hacked, someone changed the email on file. need help urgently!"
102614,@AmazonHelp Your iOS app keeps crashing every time I tap the checkout button. Version 18.2.,We're sorry for the app crash. Please ensure you are running the latest app update. DM us if you need further technical troubleshooting.,Wed Oct 25 15:46:00 +0000 2017,AmazonHelp,your ios app keeps crashing every time i tap the checkout button. version 18.2.
102616,@AmazonHelp Ordered express next-day delivery on #299-4329258-4400178 and it still hasn't shipped!,"Hello! We apologize for the delivery issue with #299-4329258-4400178. Please check around your porch/neighbors, and if still missing, DM us your account email.",Tue Oct 17 01:33:00 +0000 2017,AmazonHelp,ordered express next-day delivery on order number and it still hasn't shipped!
102618,@AmazonHelp shipment #657-2327930-8788907 is delayed by 3 days already. Any update on when it will arrive?,"Hi there, we're sorry to hear your order #657-2327930-8788907 is delayed! Please send us a DM at amzn.to/help with your details so we can investigate.",Fri Oct 06 12:01:00 +0000 2017,AmazonHelp,shipment order number is delayed by 3 days already. any update on when it will arrive?
102620,@AmazonHelp Website gives error 500 internal server error when trying to view my order history.,We apologize for the technical glitch! Our technical team is monitoring site stability. Please send us a DM with a screenshot if the error continues.,Sat Oct 21 17:47:00 +0000 2017,AmazonHelp,website gives error 500 internal server error when trying to view my order history.
102622,@AmazonHelp Absolute scam. Stole my money and refusing to help. Give me someone who actually has authority.,We sincerely apologize for this distressing experience. This is certainly not the level of service we aim to provide. Please DM us immediately so a senior specialist can assist.,Thu Oct 19 09:06:00 +0000 2017,AmazonHelp,absolute scam. stole my money and refusing to help. give me someone who actually has authority.
102624,"@AmazonHelp Two-factor authentication is failing, says invalid token even though it's correct.","Hello! If you suspect unauthorized access, please visit amzn.to/security immediately. You can also DM us your associated phone or email.",Fri Oct 06 00:00:00 +0000 2017,AmazonHelp,"two-factor authentication is failing, says invalid token even though it's correct."
102626,@AmazonHelp I forgot my password and the password reset link is never arriving in my inbox.,"Hi! For your security, please don't share passwords publicly. Please visit amzn.to/account-recovery or DM us to begin identity verification.",Sun Oct 08 17:23:00 +0000 2017,AmazonHelp,i forgot my password and the password reset link is never arriving in my inbox.
102628,@AmazonHelp Ordered express next-day delivery on #603-9996681-4060030 and it still hasn't shipped!,So sorry for the delay on #603-9996681-4060030! Please DM us your order details and we will check the transit status directly for you.,Sat Oct 28 23:28:00 +0000 2017,AmazonHelp,ordered express next-day delivery on order number and it still hasn't shipped!
102630,@AmazonHelp Ordered express next-day delivery on #536-4886086-5077356 and it still hasn't shipped!,So sorry for the delay on #536-4886086-5077356! Please DM us your order details and we will check the transit status directly for you.,Mon Oct 16 18:43:00 +0000 2017,AmazonHelp,ordered express next-day delivery on order number and it still hasn't shipped!
102632,@AmazonHelp You guys billed me twice on the same day for order #560-1384511-9268249. Please fix this duplicate charge.,Hi! We'd be glad to look into this charge for you. Please send us a DM with the date and amount so we can locate the transaction securely.,Mon Oct 23 23:17:00 +0000 2017,AmazonHelp,you guys billed me twice on the same day for order order number . please fix this duplicate charge.
102634,@AmazonHelp You have lied to me three times about my delivery. I am reporting this fraud to the Better Business Bureau.,We are very sorry to hear this and take feedback like this seriously. Please send us a direct message with your account details and phone number so we can escalate to a supervisor.,Tue Oct 17 06:32:00 +0000 2017,AmazonHelp,you have lied to me three times about my delivery. i am reporting this fraud to the better business bureau.
102636,@AmazonHelp Can you explain the invoice breakdown for #188-7599431-7141140? There's an extra charge of $18.99.,"Sorry for the unexpected charge! If you did not intend to renew Prime, please DM us your email and we can help reverse eligible fees.",Sun Oct 08 05:13:00 +0000 2017,AmazonHelp,can you explain the invoice breakdown for order number ? there's an extra charge of currency amount .
102638,@AmazonHelp Locked out of my account. The OTP verification code is not being sent to my phone.,"Hello! If you suspect unauthorized access, please visit amzn.to/security immediately. You can also DM us your associated phone or email.",Fri Oct 20 22:38:00 +0000 2017,AmazonHelp,locked out of my account. the otp verification code is not being sent to my phone.
102640,@AmazonHelp My subscription auto-renewed even though I turned off auto-renew last week!,"Sorry for the unexpected charge! If you did not intend to renew Prime, please DM us your email and we can help reverse eligible fees.",Sat Oct 28 14:26:00 +0000 2017,AmazonHelp,my subscription auto-renewed even though i turned off auto-renew last week!
102642,@AmazonHelp Unable to sign in to my account from my new laptop. Says suspicious activity detected.,"Hello! If you suspect unauthorized access, please visit amzn.to/security immediately. You can also DM us your associated phone or email.",Thu Oct 26 05:03:00 +0000 2017,AmazonHelp,unable to sign in to my account from my new laptop. says suspicious activity detected.
102644,"@AmazonHelp Every time I try to log in, it loops back to the login screen without an error message.","Hi there, please ensure SMS isn't blocked by your carrier, or try clearing browser cache. If the issue persists, send us a DM.",Mon Oct 23 02:41:00 +0000 2017,AmazonHelp,"every time i try to log in, it loops back to the login screen without an error message."
102646,@AmazonHelp I forgot my password and the password reset link is never arriving in my inbox.,"Hi there, please ensure SMS isn't blocked by your carrier, or try clearing browser cache. If the issue persists, send us a DM.",Wed Oct 25 14:19:00 +0000 2017,AmazonHelp,i forgot my password and the password reset link is never arriving in my inbox.
102648,"@AmazonHelp Received broken item in order #253-8322660-9486008. I want my money back, not a replacement.",Apologies for the inconvenience! Please DM us your account details so we can check on return #253-8322660-9486008 and expedite your refund.,Tue Oct 03 02:43:00 +0000 2017,AmazonHelp,"received broken item in order order number . i want my money back, not a replacement."
102650,@AmazonHelp Locked out of my account. The OTP verification code is not being sent to my phone.,"Hello! If you suspect unauthorized access, please visit amzn.to/security immediately. You can also DM us your associated phone or email.",Tue Oct 17 18:37:00 +0000 2017,AmazonHelp,locked out of my account. the otp verification code is not being sent to my phone.
102652,@AmazonHelp How long does it take for a refund to process to my original payment method for return #734-6567970-8661071?,We're sorry for the delay in your refund! Please reach out to us in DM with order #734-6567970-8661071 and your email address so we can review the return.,Mon Oct 16 23:15:00 +0000 2017,AmazonHelp,how long does it take for a refund to process to my original payment method for return order number ?
102654,@AmazonHelp How long does it take for a refund to process to my original payment method for return #286-9784296-7596354?,We're sorry for the delay in your refund! Please reach out to us in DM with order #286-9784296-7596354 and your email address so we can review the return.,Thu Oct 12 14:23:00 +0000 2017,AmazonHelp,how long does it take for a refund to process to my original payment method for return order number ?
102656,@AmazonHelp Thank you so much for the quick replacement on order #799-9937275-5517306. You guys are the best!,You're very welcome! We're so glad everything was resolved smoothly. Thank you for being a valued customer!,Sun Oct 08 20:36:00 +0000 2017,AmazonHelp,thank you so much for the quick replacement on order order number . you guys are the best!
102658,@AmazonHelp Ordered express next-day delivery on #796-6500924-4130658 and it still hasn't shipped!,So sorry for the delay on #796-6500924-4130658! Please DM us your order details and we will check the transit status directly for you.,Fri Oct 27 13:33:00 +0000 2017,AmazonHelp,ordered express next-day delivery on order number and it still hasn't shipped!
102660,@AmazonHelp Please cancel my order #703-4718705-4729079 and process a full refund immediately.,Apologies for the inconvenience! Please DM us your account details so we can check on return #703-4718705-4729079 and expedite your refund.,Wed Oct 18 00:34:00 +0000 2017,AmazonHelp,please cancel my order order number and process a full refund immediately.
102662,@AmazonHelp Your support team went above and beyond today. Thank you for the courteous and prompt help!,You're very welcome! We're so glad everything was resolved smoothly. Thank you for being a valued customer!,Sun Oct 01 17:19:00 +0000 2017,AmazonHelp,your support team went above and beyond today. thank you for the courteous and prompt help!
102664,@AmazonHelp Need a refund for #738-3012893-9595138. Sent back via drop-off locker 5 days ago.,We're sorry for the delay in your refund! Please reach out to us in DM with order #738-3012893-9595138 and your email address so we can review the return.,Tue Oct 10 10:32:00 +0000 2017,AmazonHelp,need a refund for order number . sent back via drop-off locker 5 days ago.
102666,@AmazonHelp Are recyclable packaging options available for fragile items?,"Hi there! Yes, Amazon gift cards can be applied to Kindle digital purchases. Check out amzn.to/giftcard-faq for more information.",Mon Oct 16 04:16:00 +0000 2017,AmazonHelp,are recyclable packaging options available for fragile items?
102668,"@AmazonHelp Two-factor authentication is failing, says invalid token even though it's correct.","Hi there, please ensure SMS isn't blocked by your carrier, or try clearing browser cache. If the issue persists, send us a DM.",Wed Oct 25 05:56:00 +0000 2017,AmazonHelp,"two-factor authentication is failing, says invalid token even though it's correct."
102670,@AmazonHelp My tracking says delivered but I have not received anything for order #536-8504899-6323750!,We understand your concern regarding order #536-8504899-6323750. Please drop us a DM with your tracking link and postal code so we can check with the carrier.,Thu Oct 05 08:11:00 +0000 2017,AmazonHelp,my tracking says delivered but i have not received anything for order order number !
102672,@AmazonHelp Your iOS app keeps crashing every time I tap the checkout button. Version 18.2.,We apologize for the technical glitch! Our technical team is monitoring site stability. Please send us a DM with a screenshot if the error continues.,Mon Oct 23 03:08:00 +0000 2017,AmazonHelp,your ios app keeps crashing every time i tap the checkout button. version 18.2.
102674,@AmazonHelp Return status says received at warehouse but refund not initiated for #232-4942812-9627780. Please help.,Apologies for the inconvenience! Please DM us your account details so we can check on return #232-4942812-9627780 and expedite your refund.,Wed Oct 04 00:46:00 +0000 2017,AmazonHelp,return status says received at warehouse but refund not initiated for order number . please help.
102676,@AmazonHelp Do you offer student discounts on annual Prime memberships?,Hello! Most electronics purchased from authorized sellers include standard warranty. Please DM us the product ASIN to check details.,Mon Oct 23 19:11:00 +0000 2017,AmazonHelp,do you offer student discounts on annual prime memberships?
102678,@AmazonHelp Unable to sign in to my account from my new laptop. Says suspicious activity detected.,We're sorry you're having trouble accessing your account. Please send us a DM so we can securely guide you through the two-step verification reset.,Sat Oct 07 05:48:00 +0000 2017,AmazonHelp,unable to sign in to my account from my new laptop. says suspicious activity detected.
102680,@AmazonHelp Huge shoutout to Sarah from customer support who solved my lost package in 5 minutes! Amazing service!,"We're thrilled to hear Sarah was able to help! Thank you for choosing us, and please don't hesitate to reach out if you ever need anything else.",Sun Oct 15 08:10:00 +0000 2017,AmazonHelp,huge shoutout to sarah from customer support who solved my lost package in 5 minutes! amazing service!
102682,@AmazonHelp Payment declined on my card even though there are sufficient funds available.,Hi! We'd be glad to look into this charge for you. Please send us a DM with the date and amount so we can locate the transaction securely.,Sun Oct 01 15:06:00 +0000 2017,AmazonHelp,payment declined on my card even though there are sufficient funds available.
102684,@AmazonHelp How long does it take for a refund to process to my original payment method for return #134-9754131-4424083?,Hi! We want to help get this sorted. Please send us a direct message with order #134-9754131-4424083 and return tracking number so we can verify with our billing team.,Wed Oct 25 00:47:00 +0000 2017,AmazonHelp,how long does it take for a refund to process to my original payment method for return order number ?
102686,@AmazonHelp Can you explain the invoice breakdown for #495-9231395-3417133? There's an extra charge of $142.49.,"Sorry for the unexpected charge! If you did not intend to renew Prime, please DM us your email and we can help reverse eligible fees.",Sun Oct 01 15:58:00 +0000 2017,AmazonHelp,can you explain the invoice breakdown for order number ? there's an extra charge of currency amount .
102688,@AmazonHelp Please cancel my order #627-3813689-7188013 and process a full refund immediately.,We're sorry for the delay in your refund! Please reach out to us in DM with order #627-3813689-7188013 and your email address so we can review the return.,Wed Oct 04 05:44:00 +0000 2017,AmazonHelp,please cancel my order order number and process a full refund immediately.
102690,@AmazonHelp My tracking says delivered but I have not received anything for order #246-1118854-6114860!,"Hello! We apologize for the delivery issue with #246-1118854-6114860. Please check around your porch/neighbors, and if still missing, DM us your account email.",Fri Oct 13 07:37:00 +0000 2017,AmazonHelp,my tracking says delivered but i have not received anything for order order number !
102692,@AmazonHelp My tracking says delivered but I have not received anything for order #834-8770973-6788258!,So sorry for the delay on #834-8770973-6788258! Please DM us your order details and we will check the transit status directly for you.,Mon Oct 09 14:21:00 +0000 2017,AmazonHelp,my tracking says delivered but i have not received anything for order order number !
102694,"@AmazonHelp My account was compromised or hacked, someone changed the email on file. Need help urgently!","Hi! For your security, please don't share passwords publicly. Please visit amzn.to/account-recovery or DM us to begin identity verification.",Sat Oct 07 20:36:00 +0000 2017,AmazonHelp,"my account was compromised or hacked, someone changed the email on file. need help urgently!"
102696,"@AmazonHelp Where is my package? Order #936-8609696-7415821 was supposed to arrive on Friday, still nothing!","Hello! We apologize for the delivery issue with #936-8609696-7415821. Please check around your porch/neighbors, and if still missing, DM us your account email.",Sat Oct 21 09:06:00 +0000 2017,AmazonHelp,"where is my package? order order number was supposed to arrive on friday, still nothing!"
102698,@AmazonHelp Why was my credit card charged $190.49 when my order total was only $11.99?,Hi! We'd be glad to look into this charge for you. Please send us a DM with the date and amount so we can locate the transaction securely.,Mon Oct 09 15:34:00 +0000 2017,AmazonHelp,why was my credit card charged currency amount when my order total was only currency amount ?
102700,@AmazonHelp My tracking says delivered but I have not received anything for order #680-4591976-7911210!,We understand your concern regarding order #680-4591976-7911210. Please drop us a DM with your tracking link and postal code so we can check with the carrier.,Thu Oct 26 13:11:00 +0000 2017,AmazonHelp,my tracking says delivered but i have not received anything for order order number !
102702,@AmazonHelp Package #270-6454315-7101744 has been stuck in transit in transit hub for over 48 hours. What gives?,We understand your concern regarding order #270-6454315-7101744. Please drop us a DM with your tracking link and postal code so we can check with the carrier.,Fri Oct 06 22:26:00 +0000 2017,AmazonHelp,package order number has been stuck in transit in transit hub for over 48 hours. what gives?
102704,@AmazonHelp The video streaming player on Prime Video keeps stuttering and buffering on my Smart TV.,"Hello! Please try accessing the site in an incognito window or restarting your device. If the bug persists, DM us your app version and device model.",Fri Oct 27 15:55:00 +0000 2017,AmazonHelp,the video streaming player on prime video keeps stuttering and buffering on my smart tv.
102706,@AmazonHelp Why was my credit card charged $243.50 when my order total was only $24.99?,"Hello, duplicate charges are often pending authorizations that drop off in 2-3 business days. Please DM us your order #842-2954191-4027624 to confirm.",Wed Oct 04 13:20:00 +0000 2017,AmazonHelp,why was my credit card charged currency amount when my order total was only currency amount ?
102708,@AmazonHelp Can someone check on order #352-8860310-9841593? It's a birthday gift and now it's late.,We understand your concern regarding order #352-8860310-9841593. Please drop us a DM with your tracking link and postal code so we can check with the carrier.,Fri Oct 27 18:04:00 +0000 2017,AmazonHelp,can someone check on order order number ? it's a birthday gift and now it's late.
102710,@AmazonHelp Absolute scam. Stole my money and refusing to help. Give me someone who actually has authority.,This is definitely not the experience we want for our customers. Please reach out in DM with your contact information so an escalation manager can connect with you.,Tue Oct 03 20:18:00 +0000 2017,AmazonHelp,absolute scam. stole my money and refusing to help. give me someone who actually has authority.
102712,@AmazonHelp Can someone check on order #138-1746009-5451189? It's a birthday gift and now it's late.,We understand your concern regarding order #138-1746009-5451189. Please drop us a DM with your tracking link and postal code so we can check with the carrier.,Tue Oct 10 23:01:00 +0000 2017,AmazonHelp,can someone check on order order number ? it's a birthday gift and now it's late.
102714,@AmazonHelp I was charged $178.50 twice for order #465-4098017-4972775. Please check your billing system.,We apologize for the billing confusion. Please reach out via DM with the last 4 digits of the card and transaction date so we can inspect.,Thu Oct 12 03:06:00 +0000 2017,AmazonHelp,i was charged currency amount twice for order order number . please check your billing system.
102716,@AmazonHelp Just noticed an unauthorized charge of $132.00 for Prime membership that I never authorized.,Hi! We'd be glad to look into this charge for you. Please send us a DM with the date and amount so we can locate the transaction securely.,Sun Oct 08 03:59:00 +0000 2017,AmazonHelp,just noticed an unauthorized charge of currency amount for prime membership that i never authorized.
102718,@AmazonHelp My subscription auto-renewed even though I turned off auto-renew last week!,Hi! We'd be glad to look into this charge for you. Please send us a DM with the date and amount so we can locate the transaction securely.,Tue Oct 10 07:27:00 +0000 2017,AmazonHelp,my subscription auto-renewed even though i turned off auto-renew last week!
102720,"@AmazonHelp Charged $190.50 annual subscription fee by mistake, please reverse this charge.",Hi! We'd be glad to look into this charge for you. Please send us a DM with the date and amount so we can locate the transaction securely.,Sun Oct 08 05:52:00 +0000 2017,AmazonHelp,"charged currency amount annual subscription fee by mistake, please reverse this charge."
102722,@AmazonHelp My tracking says delivered but I have not received anything for order #261-2981040-8723303!,"Hi there, we're sorry to hear your order #261-2981040-8723303 is delayed! Please send us a DM at amzn.to/help with your details so we can investigate.",Fri Oct 06 12:07:00 +0000 2017,AmazonHelp,my tracking says delivered but i have not received anything for order order number !
102724,@AmazonHelp Need a refund for #232-4031760-1702145. Sent back via drop-off locker 5 days ago.,We're sorry for the delay in your refund! Please reach out to us in DM with order #232-4031760-1702145 and your email address so we can review the return.,Wed Oct 11 02:51:00 +0000 2017,AmazonHelp,need a refund for order number . sent back via drop-off locker 5 days ago.
102726,@AmazonHelp Need a refund for #297-8238505-7380100. Sent back via drop-off locker 5 days ago.,Hi! We want to help get this sorted. Please send us a direct message with order #297-8238505-7380100 and return tracking number so we can verify with our billing team.,Wed Oct 25 02:04:00 +0000 2017,AmazonHelp,need a refund for order number . sent back via drop-off locker 5 days ago.
102728,@AmazonHelp Tracking status says delivery attempted but nobody buzzed or knocked. Order #903-5731929-3955091.,"Hello! We apologize for the delivery issue with #903-5731929-3955091. Please check around your porch/neighbors, and if still missing, DM us your account email.",Sun Oct 01 18:33:00 +0000 2017,AmazonHelp,tracking status says delivery attempted but nobody buzzed or knocked. order order number .
102730,@AmazonHelp Payment declined on my card even though there are sufficient funds available.,"Sorry for the unexpected charge! If you did not intend to renew Prime, please DM us your email and we can help reverse eligible fees.",Wed Oct 04 09:07:00 +0000 2017,AmazonHelp,payment declined on my card even though there are sufficient funds available.
102732,@AmazonHelp Can someone check on order #319-6792145-3150894? It's a birthday gift and now it's late.,"Hi there, we're sorry to hear your order #319-6792145-3150894 is delayed! Please send us a DM at amzn.to/help with your details so we can investigate.",Fri Oct 13 21:53:00 +0000 2017,AmazonHelp,can someone check on order order number ? it's a birthday gift and now it's late.
102734,@AmazonHelp I returned item on order #467-6480092-7152047 over a week ago and still haven't received my refund.,Hi! We want to help get this sorted. Please send us a direct message with order #467-6480092-7152047 and return tracking number so we can verify with our billing team.,Sun Oct 08 11:35:00 +0000 2017,AmazonHelp,i returned item on order order number over a week ago and still haven't received my refund.
102736,@AmazonHelp Carrier marked order #593-1902872-8087699 as delivered at front door but there is no package anywhere.,So sorry for the delay on #593-1902872-8087699! Please DM us your order details and we will check the transit status directly for you.,Wed Oct 04 02:53:00 +0000 2017,AmazonHelp,carrier marked order order number as delivered at front door but there is no package anywhere.
102738,@AmazonHelp My subscription auto-renewed even though I turned off auto-renew last week!,"Hello, duplicate charges are often pending authorizations that drop off in 2-3 business days. Please DM us your order #162-8434228-2432331 to confirm.",Sat Oct 14 04:22:00 +0000 2017,AmazonHelp,my subscription auto-renewed even though i turned off auto-renew last week!
102740,@AmazonHelp Can you explain the invoice breakdown for #209-6744356-6359232? There's an extra charge of $81.49.,Hi! We'd be glad to look into this charge for you. Please send us a DM with the date and amount so we can locate the transaction securely.,Wed Oct 04 01:04:00 +0000 2017,AmazonHelp,can you explain the invoice breakdown for order number ? there's an extra charge of currency amount .
102742,@AmazonHelp My tracking says delivered but I have not received anything for order #471-7803832-9327992!,We understand your concern regarding order #471-7803832-9327992. Please drop us a DM with your tracking link and postal code so we can check with the carrier.,Sat Oct 28 05:35:00 +0000 2017,AmazonHelp,my tracking says delivered but i have not received anything for order order number !
102744,@AmazonHelp Need a refund for #535-3893776-5128831. Sent back via drop-off locker 5 days ago.,Apologies for the inconvenience! Please DM us your account details so we can check on return #535-3893776-5128831 and expedite your refund.,Fri Oct 06 09:46:00 +0000 2017,AmazonHelp,need a refund for order number . sent back via drop-off locker 5 days ago.
102746,"@AmazonHelp Two-factor authentication is failing, says invalid token even though it's correct.","Hi! For your security, please don't share passwords publicly. Please visit amzn.to/account-recovery or DM us to begin identity verification.",Thu Oct 19 12:26:00 +0000 2017,AmazonHelp,"two-factor authentication is failing, says invalid token even though it's correct."
102748,@AmazonHelp Website gives error 500 internal server error when trying to view my order history.,"Hello! Please try accessing the site in an incognito window or restarting your device. If the bug persists, DM us your app version and device model.",Fri Oct 06 06:19:00 +0000 2017,AmazonHelp,website gives error 500 internal server error when trying to view my order history.
102750,@AmazonHelp I was charged $195.00 twice for order #989-2814986-6749870. Please check your billing system.,"Sorry for the unexpected charge! If you did not intend to renew Prime, please DM us your email and we can help reverse eligible fees.",Fri Oct 06 00:03:00 +0000 2017,AmazonHelp,i was charged currency amount twice for order order number . please check your billing system.
102752,@AmazonHelp Package #829-4845153-6572372 has been stuck in transit in transit hub for over 48 hours. What gives?,So sorry for the delay on #829-4845153-6572372! Please DM us your order details and we will check the transit status directly for you.,Tue Oct 10 10:55:00 +0000 2017,AmazonHelp,package order number has been stuck in transit in transit hub for over 48 hours. what gives?
102754,@AmazonHelp Ordered express next-day delivery on #820-4297622-1415909 and it still hasn't shipped!,So sorry for the delay on #820-4297622-1415909! Please DM us your order details and we will check the transit status directly for you.,Fri Oct 20 22:07:00 +0000 2017,AmazonHelp,ordered express next-day delivery on order number and it still hasn't shipped!
102756,@AmazonHelp Tracking status says delivery attempted but nobody buzzed or knocked. Order #130-4431979-3021593.,"Hello! We apologize for the delivery issue with #130-4431979-3021593. Please check around your porch/neighbors, and if still missing, DM us your account email.",Sat Oct 21 09:02:00 +0000 2017,AmazonHelp,tracking status says delivery attempted but nobody buzzed or knocked. order order number .
102758,@AmazonHelp What is the return window for holiday purchases made in November?,Hello! Most electronics purchased from authorized sellers include standard warranty. Please DM us the product ASIN to check details.,Sun Oct 22 23:50:00 +0000 2017,AmazonHelp,what is the return window for holiday purchases made in november?
102760,"@AmazonHelp Where is my package? Order #372-7760955-7959256 was supposed to arrive last week, still nothing!","Hi there, we're sorry to hear your order #372-7760955-7959256 is delayed! Please send us a DM at amzn.to/help with your details so we can investigate.",Fri Oct 06 16:14:00 +0000 2017,AmazonHelp,"where is my package? order order number was supposed to arrive last week, still nothing!"
102762,"@AmazonHelp Two-factor authentication is failing, says invalid token even though it's correct.","Hi! For your security, please don't share passwords publicly. Please visit amzn.to/account-recovery or DM us to begin identity verification.",Thu Oct 26 23:52:00 +0000 2017,AmazonHelp,"two-factor authentication is failing, says invalid token even though it's correct."
102764,@AmazonHelp Can you explain the invoice breakdown for #687-1050782-6285611? There's an extra charge of $78.00.,Hi! We'd be glad to look into this charge for you. Please send us a DM with the date and amount so we can locate the transaction securely.,Sat Oct 28 05:04:00 +0000 2017,AmazonHelp,can you explain the invoice breakdown for order number ? there's an extra charge of currency amount .
102766,@AmazonHelp My subscription auto-renewed even though I turned off auto-renew last week!,"Sorry for the unexpected charge! If you did not intend to renew Prime, please DM us your email and we can help reverse eligible fees.",Sat Oct 21 08:32:00 +0000 2017,AmazonHelp,my subscription auto-renewed even though i turned off auto-renew last week!
102768,@AmazonHelp Does this product come with a power adapter or do I need to buy it separately?,"Hi there! Yes, Amazon gift cards can be applied to Kindle digital purchases. Check out amzn.to/giftcard-faq for more information.",Mon Oct 23 10:47:00 +0000 2017,AmazonHelp,does this product come with a power adapter or do i need to buy it separately?
102770,@AmazonHelp Can you explain the invoice breakdown for #354-4914105-3922514? There's an extra charge of $210.99.,Hi! We'd be glad to look into this charge for you. Please send us a DM with the date and amount so we can locate the transaction securely.,Sat Oct 21 16:14:00 +0000 2017,AmazonHelp,can you explain the invoice breakdown for order number ? there's an extra charge of currency amount .
102772,@AmazonHelp Carrier marked order #942-5431092-3770635 as delivered at front door but there is no package anywhere.,So sorry for the delay on #942-5431092-3770635! Please DM us your order details and we will check the transit status directly for you.,Tue Oct 24 20:09:00 +0000 2017,AmazonHelp,carrier marked order order number as delivered at front door but there is no package anywhere.
102774,@AmazonHelp Do you offer student discounts on annual Prime memberships?,Hi! You can check international shipping options and estimated import duties at checkout or by visiting amzn.to/shipping-rates.,Thu Oct 26 05:07:00 +0000 2017,AmazonHelp,do you offer student discounts on annual prime memberships?
102776,@AmazonHelp Can someone check on order #800-9605960-9463380? It's a birthday gift and now it's late.,"Hi there, we're sorry to hear your order #800-9605960-9463380 is delayed! Please send us a DM at amzn.to/help with your details so we can investigate.",Wed Oct 25 20:06:00 +0000 2017,AmazonHelp,can someone check on order order number ? it's a birthday gift and now it's late.
102778,@AmazonHelp Can you explain the invoice breakdown for #396-9526474-1512305? There's an extra charge of $223.00.,"Hello, duplicate charges are often pending authorizations that drop off in 2-3 business days. Please DM us your order #396-9526474-1512305 to confirm.",Fri Oct 06 20:21:00 +0000 2017,AmazonHelp,can you explain the invoice breakdown for order number ? there's an extra charge of currency amount .
102780,@AmazonHelp Absolute scam. Stole my money and refusing to help. Give me someone who actually has authority.,This is definitely not the experience we want for our customers. Please reach out in DM with your contact information so an escalation manager can connect with you.,Wed Oct 25 21:51:00 +0000 2017,AmazonHelp,absolute scam. stole my money and refusing to help. give me someone who actually has authority.
102782,@AmazonHelp shipment #126-5353698-1785548 is delayed by 3 days already. Any update on when it will arrive?,"Hello! We apologize for the delivery issue with #126-5353698-1785548. Please check around your porch/neighbors, and if still missing, DM us your account email.",Fri Oct 27 00:25:00 +0000 2017,AmazonHelp,shipment order number is delayed by 3 days already. any update on when it will arrive?
102784,@AmazonHelp Charged for an item I sent back last Monday. When will my refund of $55.50 arrive?,We're sorry for the delay in your refund! Please reach out to us in DM with order #512-2535177-2409831 and your email address so we can review the return.,Thu Oct 19 05:17:00 +0000 2017,AmazonHelp,charged for an item i sent back last monday. when will my refund of currency amount arrive?
102786,@AmazonHelp This is completely unacceptable. I want to speak to a supervisor or corporate manager right now!,We hear your frustration and apologize for the breakdown in communication. Please DM us your order #786-9005008-1839286 so we can urgently review this with our leadership team.,Thu Oct 05 09:36:00 +0000 2017,AmazonHelp,this is completely unacceptable. i want to speak to a supervisor or corporate manager right now!
102788,"@AmazonHelp Received broken item in order #463-8166382-1738553. I want my money back, not a replacement.",Hi! We want to help get this sorted. Please send us a direct message with order #463-8166382-1738553 and return tracking number so we can verify with our billing team.,Wed Oct 18 13:13:00 +0000 2017,AmazonHelp,"received broken item in order order number . i want my money back, not a replacement."
102790,@AmazonHelp Tracking status says delivery attempted but nobody buzzed or knocked. Order #571-7679985-4048843.,So sorry for the delay on #571-7679985-4048843! Please DM us your order details and we will check the transit status directly for you.,Thu Oct 12 16:36:00 +0000 2017,AmazonHelp,tracking status says delivery attempted but nobody buzzed or knocked. order order number .
102792,@AmazonHelp WORST CUSTOMER SERVICE EVER! Representative hung up on me after waiting 45 minutes on hold!,We are very sorry to hear this and take feedback like this seriously. Please send us a direct message with your account details and phone number so we can escalate to a supervisor.,Mon Oct 16 18:13:00 +0000 2017,AmazonHelp,worst customer service ever! representative hung up on me after waiting 45 minutes on hold!
102794,"@AmazonHelp Received broken item in order #263-6965497-5079515. I want my money back, not a replacement.",Hi! We want to help get this sorted. Please send us a direct message with order #263-6965497-5079515 and return tracking number so we can verify with our billing team.,Thu Oct 19 14:03:00 +0000 2017,AmazonHelp,"received broken item in order order number . i want my money back, not a replacement."
102796,@AmazonHelp You guys billed me twice on the same day for order #333-1689341-8313326. Please fix this duplicate charge.,Hi! We'd be glad to look into this charge for you. Please send us a DM with the date and amount so we can locate the transaction securely.,Mon Oct 02 09:06:00 +0000 2017,AmazonHelp,you guys billed me twice on the same day for order order number . please fix this duplicate charge.
102798,@AmazonHelp Can I use Amazon gift cards to purchase digital books on Kindle?,Hello! Most electronics purchased from authorized sellers include standard warranty. Please DM us the product ASIN to check details.,Thu Oct 19 21:59:00 +0000 2017,AmazonHelp,can i use amazon gift cards to purchase digital books on kindle?
102800,@AmazonHelp Ordered express next-day delivery on #586-7838938-1007120 and it still hasn't shipped!,"Hi there, we're sorry to hear your order #586-7838938-1007120 is delayed! Please send us a DM at amzn.to/help with your details so we can investigate.",Mon Oct 16 12:08:00 +0000 2017,AmazonHelp,ordered express next-day delivery on order number and it still hasn't shipped!
102802,@AmazonHelp This is completely unacceptable. I want to speak to a supervisor or corporate manager right now!,This is definitely not the experience we want for our customers. Please reach out in DM with your contact information so an escalation manager can connect with you.,Mon Oct 02 19:29:00 +0000 2017,AmazonHelp,this is completely unacceptable. i want to speak to a supervisor or corporate manager right now!
102804,@AmazonHelp Why was my credit card charged $117.00 when my order total was only $20.99?,We apologize for the billing confusion. Please reach out via DM with the last 4 digits of the card and transaction date so we can inspect.,Wed Oct 25 20:55:00 +0000 2017,AmazonHelp,why was my credit card charged currency amount when my order total was only currency amount ?
102806,@AmazonHelp Getting 'An unexpected error occurred' whenever I try to add items to my shopping cart.,"Hi! Thanks for bringing this to our attention. Have you tried reinstalling the app or clearing your cache? If so, please DM us your device OS version.",Fri Oct 13 16:52:00 +0000 2017,AmazonHelp,getting 'an unexpected error occurred' whenever i try to add items to my shopping cart.
102808,"@AmazonHelp Every time I try to log in, it loops back to the login screen without an error message.",We're sorry you're having trouble accessing your account. Please send us a DM so we can securely guide you through the two-step verification reset.,Fri Oct 27 20:27:00 +0000 2017,AmazonHelp,"every time i try to log in, it loops back to the login screen without an error message."
102810,@AmazonHelp Payment declined on my card even though there are sufficient funds available.,We apologize for the billing confusion. Please reach out via DM with the last 4 digits of the card and transaction date so we can inspect.,Fri Oct 13 06:20:00 +0000 2017,AmazonHelp,payment declined on my card even though there are sufficient funds available.
102812,@AmazonHelp Does this product come with a power adapter or do I need to buy it separately?,"Hi there! Yes, Amazon gift cards can be applied to Kindle digital purchases. Check out amzn.to/giftcard-faq for more information.",Wed Oct 18 17:42:00 +0000 2017,AmazonHelp,does this product come with a power adapter or do i need to buy it separately?
102814,@AmazonHelp Charged for an item I sent back last Monday. When will my refund of $123.00 arrive?,Hi! We want to help get this sorted. Please send us a direct message with order #172-8960467-2318795 and return tracking number so we can verify with our billing team.,Fri Oct 20 01:42:00 +0000 2017,AmazonHelp,charged for an item i sent back last monday. when will my refund of currency amount arrive?
102816,"@AmazonHelp Where is my package? Order #627-5360488-6497119 was supposed to arrive yesterday, still nothing!","Hi there, we're sorry to hear your order #627-5360488-6497119 is delayed! Please send us a DM at amzn.to/help with your details so we can investigate.",Fri Oct 27 10:13:00 +0000 2017,AmazonHelp,"where is my package? order order number was supposed to arrive yesterday, still nothing!"
102818,@AmazonHelp Do you offer student discounts on annual Prime memberships?,"Hello! Our standard return policy is 30 days, but extended holiday return windows often apply. Let us know if you have a specific item in mind!",Tue Oct 24 00:25:00 +0000 2017,AmazonHelp,do you offer student discounts on annual prime memberships?
102820,@AmazonHelp Tracking status says delivery attempted but nobody buzzed or knocked. Order #908-8311577-5397825.,We understand your concern regarding order #908-8311577-5397825. Please drop us a DM with your tracking link and postal code so we can check with the carrier.,Sat Oct 21 12:59:00 +0000 2017,AmazonHelp,tracking status says delivery attempted but nobody buzzed or knocked. order order number .
102822,@AmazonHelp Locked out of my account. The OTP verification code is not being sent to my phone.,"Hi there, please ensure SMS isn't blocked by your carrier, or try clearing browser cache. If the issue persists, send us a DM.",Thu Oct 12 09:54:00 +0000 2017,AmazonHelp,locked out of my account. the otp verification code is not being sent to my phone.
102824,@AmazonHelp Package #514-7396488-3194562 has been stuck in transit in transit hub for over 48 hours. What gives?,"Hi there, we're sorry to hear your order #514-7396488-3194562 is delayed! Please send us a DM at amzn.to/help with your details so we can investigate.",Thu Oct 19 10:05:00 +0000 2017,AmazonHelp,package order number has been stuck in transit in transit hub for over 48 hours. what gives?
102826,@AmazonHelp I was told my refund of $28.00 for order #722-6822087-4840340 would be in my account in 3-5 days. It's been 10 days.,"Hello! Once an item is received at our fulfillment center, refunds usually take 3-5 business days. Please DM us your order #722-6822087-4840340 to check status.",Sun Oct 08 07:12:00 +0000 2017,AmazonHelp,i was told my refund of currency amount for order order number would be in my account in 3-5 days. it's been 10 days.
102828,@AmazonHelp Tracking status says delivery attempted but nobody buzzed or knocked. Order #880-8582065-8183701.,"Hello! We apologize for the delivery issue with #880-8582065-8183701. Please check around your porch/neighbors, and if still missing, DM us your account email.",Sun Oct 15 18:10:00 +0000 2017,AmazonHelp,tracking status says delivery attempted but nobody buzzed or knocked. order order number .
102830,@AmazonHelp Ordered express next-day delivery on #128-2739064-2326491 and it still hasn't shipped!,We understand your concern regarding order #128-2739064-2326491. Please drop us a DM with your tracking link and postal code so we can check with the carrier.,Tue Oct 24 21:47:00 +0000 2017,AmazonHelp,ordered express next-day delivery on order number and it still hasn't shipped!
102832,@AmazonHelp Need a refund for #161-1102664-1251893. Sent back via drop-off locker 5 days ago.,We're sorry for the delay in your refund! Please reach out to us in DM with order #161-1102664-1251893 and your email address so we can review the return.,Wed Oct 04 23:27:00 +0000 2017,AmazonHelp,need a refund for order number . sent back via drop-off locker 5 days ago.
102834,@AmazonHelp Can you explain the invoice breakdown for #466-8450565-1228505? There's an extra charge of $220.99.,"Hello, duplicate charges are often pending authorizations that drop off in 2-3 business days. Please DM us your order #466-8450565-1228505 to confirm.",Fri Oct 20 17:13:00 +0000 2017,AmazonHelp,can you explain the invoice breakdown for order number ? there's an extra charge of currency amount .
102836,@AmazonHelp Carrier marked order #213-3761930-1897098 as delivered at front door but there is no package anywhere.,So sorry for the delay on #213-3761930-1897098! Please DM us your order details and we will check the transit status directly for you.,Sat Oct 28 04:04:00 +0000 2017,AmazonHelp,carrier marked order order number as delivered at front door but there is no package anywhere.
102838,@AmazonHelp Do you offer student discounts on annual Prime memberships?,Hello! Most electronics purchased from authorized sellers include standard warranty. Please DM us the product ASIN to check details.,Sat Oct 07 04:44:00 +0000 2017,AmazonHelp,do you offer student discounts on annual prime memberships?
102840,@AmazonHelp I was charged $98.99 twice for order #811-4901721-9446702. Please check your billing system.,"Sorry for the unexpected charge! If you did not intend to renew Prime, please DM us your email and we can help reverse eligible fees.",Sun Oct 15 06:42:00 +0000 2017,AmazonHelp,i was charged currency amount twice for order order number . please check your billing system.
102842,@AmazonHelp I was told my refund of $204.49 for order #767-8838718-6679745 would be in my account in 3-5 days. It's been 10 days.,We're sorry for the delay in your refund! Please reach out to us in DM with order #767-8838718-6679745 and your email address so we can review the return.,Sat Oct 21 17:45:00 +0000 2017,AmazonHelp,i was told my refund of currency amount for order order number would be in my account in 3-5 days. it's been 10 days.
102844,"@AmazonHelp The mobile app is not loading product images, just showing blank white boxes.","Hello! Please try accessing the site in an incognito window or restarting your device. If the bug persists, DM us your app version and device model.",Sun Oct 08 22:43:00 +0000 2017,AmazonHelp,"the mobile app is not loading product images, just showing blank white boxes."
102846,"@AmazonHelp Where is my package? Order #296-7367070-3847361 was supposed to arrive yesterday, still nothing!","Hi there, we're sorry to hear your order #296-7367070-3847361 is delayed! Please send us a DM at amzn.to/help with your details so we can investigate.",Wed Oct 18 23:45:00 +0000 2017,AmazonHelp,"where is my package? order order number was supposed to arrive yesterday, still nothing!"
102848,@AmazonHelp Can I use Amazon gift cards to purchase digital books on Kindle?,"Hi there! Yes, Amazon gift cards can be applied to Kindle digital purchases. Check out amzn.to/giftcard-faq for more information.",Wed Oct 11 19:37:00 +0000 2017,AmazonHelp,can i use amazon gift cards to purchase digital books on kindle?
102850,@AmazonHelp Does this product come with a power adapter or do I need to buy it separately?,"Hello! Our standard return policy is 30 days, but extended holiday return windows often apply. Let us know if you have a specific item in mind!",Sat Oct 14 10:03:00 +0000 2017,AmazonHelp,does this product come with a power adapter or do i need to buy it separately?
102852,@AmazonHelp Your support agent was extremely rude and unhelpful. Disgraceful treatment of a 10-year customer.,We hear your frustration and apologize for the breakdown in communication. Please DM us your order #962-8130059-6793850 so we can urgently review this with our leadership team.,Tue Oct 03 19:26:00 +0000 2017,AmazonHelp,your support agent was extremely rude and unhelpful. disgraceful treatment of a 10-year customer.
102854,@AmazonHelp Ordered express next-day delivery on #647-7067174-2106581 and it still hasn't shipped!,"Hello! We apologize for the delivery issue with #647-7067174-2106581. Please check around your porch/neighbors, and if still missing, DM us your account email.",Sat Oct 28 11:44:00 +0000 2017,AmazonHelp,ordered express next-day delivery on order number and it still hasn't shipped!
102856,@AmazonHelp Tracking status says delivery attempted but nobody buzzed or knocked. Order #567-9427853-9598194.,"Hello! We apologize for the delivery issue with #567-9427853-9598194. Please check around your porch/neighbors, and if still missing, DM us your account email.",Sat Oct 28 15:07:00 +0000 2017,AmazonHelp,tracking status says delivery attempted but nobody buzzed or knocked. order order number .
102858,@AmazonHelp I was told my refund of $229.50 for order #422-9073881-3228767 would be in my account in 3-5 days. It's been 10 days.,Hi! We want to help get this sorted. Please send us a direct message with order #422-9073881-3228767 and return tracking number so we can verify with our billing team.,Wed Oct 11 23:01:00 +0000 2017,AmazonHelp,i was told my refund of currency amount for order order number would be in my account in 3-5 days. it's been 10 days.
102860,@AmazonHelp What is the return window for holiday purchases made in November?,"Hello! Our standard return policy is 30 days, but extended holiday return windows often apply. Let us know if you have a specific item in mind!",Wed Oct 25 02:35:00 +0000 2017,AmazonHelp,what is the return window for holiday purchases made in november?
102862,@AmazonHelp Carrier marked order #911-2731464-3532485 as delivered at front door but there is no package anywhere.,"Hello! We apologize for the delivery issue with #911-2731464-3532485. Please check around your porch/neighbors, and if still missing, DM us your account email.",Tue Oct 24 19:11:00 +0000 2017,AmazonHelp,carrier marked order order number as delivered at front door but there is no package anywhere.
102864,@AmazonHelp Search bar on the website is completely unresponsive on Chrome desktop.,We apologize for the technical glitch! Our technical team is monitoring site stability. Please send us a DM with a screenshot if the error continues.,Sun Oct 01 11:19:00 +0000 2017,AmazonHelp,search bar on the website is completely unresponsive on chrome desktop.
102866,@AmazonHelp Can someone check on order #634-7474995-8739482? It's a birthday gift and now it's late.,So sorry for the delay on #634-7474995-8739482! Please DM us your order details and we will check the transit status directly for you.,Sun Oct 01 21:15:00 +0000 2017,AmazonHelp,can someone check on order order number ? it's a birthday gift and now it's late.
102868,@AmazonHelp Package #402-4176779-7252387 has been stuck in transit in transit hub for over 48 hours. What gives?,We understand your concern regarding order #402-4176779-7252387. Please drop us a DM with your tracking link and postal code so we can check with the carrier.,Thu Oct 12 11:29:00 +0000 2017,AmazonHelp,package order number has been stuck in transit in transit hub for over 48 hours. what gives?
102870,@AmazonHelp You have lied to me three times about my delivery. I am reporting this fraud to the Better Business Bureau.,We are very sorry to hear this and take feedback like this seriously. Please send us a direct message with your account details and phone number so we can escalate to a supervisor.,Sun Oct 15 10:53:00 +0000 2017,AmazonHelp,you have lied to me three times about my delivery. i am reporting this fraud to the better business bureau.
102872,@AmazonHelp Are recyclable packaging options available for fragile items?,Hello! Most electronics purchased from authorized sellers include standard warranty. Please DM us the product ASIN to check details.,Wed Oct 18 05:13:00 +0000 2017,AmazonHelp,are recyclable packaging options available for fragile items?
102874,@AmazonHelp I demand an immediate escalation to executive customer relations. No more generic bot answers!,This is definitely not the experience we want for our customers. Please reach out in DM with your contact information so an escalation manager can connect with you.,Thu Oct 19 02:55:00 +0000 2017,AmazonHelp,i demand an immediate escalation to executive customer relations. no more generic bot answers!
102876,"@AmazonHelp Received broken item in order #175-1218806-7593234. I want my money back, not a replacement.",Hi! We want to help get this sorted. Please send us a direct message with order #175-1218806-7593234 and return tracking number so we can verify with our billing team.,Sat Oct 21 17:16:00 +0000 2017,AmazonHelp,"received broken item in order order number . i want my money back, not a replacement."
102878,@AmazonHelp Charged for an item I sent back last Monday. When will my refund of $25.00 arrive?,We're sorry for the delay in your refund! Please reach out to us in DM with order #508-5510798-8875791 and your email address so we can review the return.,Thu Oct 26 14:05:00 +0000 2017,AmazonHelp,charged for an item i sent back last monday. when will my refund of currency amount arrive?
102880,"@AmazonHelp Received broken item in order #843-7799074-3672704. I want my money back, not a replacement.",Apologies for the inconvenience! Please DM us your account details so we can check on return #843-7799074-3672704 and expedite your refund.,Thu Oct 26 15:41:00 +0000 2017,AmazonHelp,"received broken item in order order number . i want my money back, not a replacement."
102882,@AmazonHelp WORST CUSTOMER SERVICE EVER! Representative hung up on me after waiting 45 minutes on hold!,We hear your frustration and apologize for the breakdown in communication. Please DM us your order #679-2984967-8926872 so we can urgently review this with our leadership team.,Sat Oct 28 06:56:00 +0000 2017,AmazonHelp,worst customer service ever! representative hung up on me after waiting 45 minutes on hold!
102884,"@AmazonHelp Where is my package? Order #564-2300810-8624752 was supposed to arrive 2 days ago, still nothing!","Hi there, we're sorry to hear your order #564-2300810-8624752 is delayed! Please send us a DM at amzn.to/help with your details so we can investigate.",Sat Oct 21 00:27:00 +0000 2017,AmazonHelp,"where is my package? order order number was supposed to arrive 2 days ago, still nothing!"
102886,@AmazonHelp Locked out of my account. The OTP verification code is not being sent to my phone.,"Hello! If you suspect unauthorized access, please visit amzn.to/security immediately. You can also DM us your associated phone or email.",Wed Oct 04 16:34:00 +0000 2017,AmazonHelp,locked out of my account. the otp verification code is not being sent to my phone.
102888,@AmazonHelp I was told my refund of $132.50 for order #622-6273994-2975996 would be in my account in 3-5 days. It's been 10 days.,Apologies for the inconvenience! Please DM us your account details so we can check on return #622-6273994-2975996 and expedite your refund.,Wed Oct 18 21:38:00 +0000 2017,AmazonHelp,i was told my refund of currency amount for order order number would be in my account in 3-5 days. it's been 10 days.
102890,@AmazonHelp Tracking status says delivery attempted but nobody buzzed or knocked. Order #176-2620209-3426881.,We understand your concern regarding order #176-2620209-3426881. Please drop us a DM with your tracking link and postal code so we can check with the carrier.,Sun Oct 08 18:44:00 +0000 2017,AmazonHelp,tracking status says delivery attempted but nobody buzzed or knocked. order order number .
102892,@AmazonHelp Payment declined on my card even though there are sufficient funds available.,We apologize for the billing confusion. Please reach out via DM with the last 4 digits of the card and transaction date so we can inspect.,Fri Oct 06 03:57:00 +0000 2017,AmazonHelp,payment declined on my card even though there are sufficient funds available.
102894,@AmazonHelp I was told my refund of $228.00 for order #400-7255358-9155514 would be in my account in 3-5 days. It's been 10 days.,"Hello! Once an item is received at our fulfillment center, refunds usually take 3-5 business days. Please DM us your order #400-7255358-9155514 to check status.",Fri Oct 27 16:19:00 +0000 2017,AmazonHelp,i was told my refund of currency amount for order order number would be in my account in 3-5 days. it's been 10 days.
102896,@AmazonHelp My tracking says delivered but I have not received anything for order #990-7160071-9337352!,So sorry for the delay on #990-7160071-9337352! Please DM us your order details and we will check the transit status directly for you.,Mon Oct 16 22:45:00 +0000 2017,AmazonHelp,my tracking says delivered but i have not received anything for order order number !
102898,@AmazonHelp I was told my refund of $69.49 for order #154-8706751-3880263 would be in my account in 3-5 days. It's been 10 days.,Hi! We want to help get this sorted. Please send us a direct message with order #154-8706751-3880263 and return tracking number so we can verify with our billing team.,Sat Oct 14 02:50:00 +0000 2017,AmazonHelp,i was told my refund of currency amount for order order number would be in my account in 3-5 days. it's been 10 days.
102900,@AmazonHelp Carrier marked order #597-9727015-9668957 as delivered at front door but there is no package anywhere.,"Hi there, we're sorry to hear your order #597-9727015-9668957 is delayed! Please send us a DM at amzn.to/help with your details so we can investigate.",Fri Oct 20 11:25:00 +0000 2017,AmazonHelp,carrier marked order order number as delivered at front door but there is no package anywhere.
102902,@AmazonHelp I returned item on order #655-7260277-1104807 over a week ago and still haven't received my refund.,"Hello! Once an item is received at our fulfillment center, refunds usually take 3-5 business days. Please DM us your order #655-7260277-1104807 to check status.",Fri Oct 27 12:22:00 +0000 2017,AmazonHelp,i returned item on order order number over a week ago and still haven't received my refund.
102904,@AmazonHelp Incredible customer support experience today. Truly appreciate how fast my issue was handled.,Hearing this makes our day! Thank you for your feedback and support. We're always here to help!,Tue Oct 03 08:39:00 +0000 2017,AmazonHelp,incredible customer support experience today. truly appreciate how fast my issue was handled.
102906,@AmazonHelp Can someone check on order #936-8391855-1893220? It's a birthday gift and now it's late.,"Hi there, we're sorry to hear your order #936-8391855-1893220 is delayed! Please send us a DM at amzn.to/help with your details so we can investigate.",Fri Oct 20 22:53:00 +0000 2017,AmazonHelp,can someone check on order order number ? it's a birthday gift and now it's late.
102908,@AmazonHelp Return status says received at warehouse but refund not initiated for #115-1077233-9117939. Please help.,Hi! We want to help get this sorted. Please send us a direct message with order #115-1077233-9117939 and return tracking number so we can verify with our billing team.,Sat Oct 07 18:51:00 +0000 2017,AmazonHelp,return status says received at warehouse but refund not initiated for order number . please help.
102910,"@AmazonHelp Help! Account locked due to too many failed attempts, how do I unlock it?","Hi! For your security, please don't share passwords publicly. Please visit amzn.to/account-recovery or DM us to begin identity verification.",Thu Oct 05 09:14:00 +0000 2017,AmazonHelp,"help! account locked due to too many failed attempts, how do i unlock it?"
102912,@AmazonHelp Website gives error 500 internal server error when trying to view my order history.,"Hi! Thanks for bringing this to our attention. Have you tried reinstalling the app or clearing your cache? If so, please DM us your device OS version.",Mon Oct 16 11:57:00 +0000 2017,AmazonHelp,website gives error 500 internal server error when trying to view my order history.
102914,@AmazonHelp Carrier marked order #893-7765944-4720834 as delivered at front door but there is no package anywhere.,We understand your concern regarding order #893-7765944-4720834. Please drop us a DM with your tracking link and postal code so we can check with the carrier.,Fri Oct 13 00:40:00 +0000 2017,AmazonHelp,carrier marked order order number as delivered at front door but there is no package anywhere.
102916,@AmazonHelp Getting 'An unexpected error occurred' whenever I try to add items to my shopping cart.,We're sorry for the app crash. Please ensure you are running the latest app update. DM us if you need further technical troubleshooting.,Fri Oct 20 21:53:00 +0000 2017,AmazonHelp,getting 'an unexpected error occurred' whenever i try to add items to my shopping cart.
102918,@AmazonHelp Package #661-4674703-5217304 has been stuck in transit in transit hub for over 48 hours. What gives?,"Hello! We apologize for the delivery issue with #661-4674703-5217304. Please check around your porch/neighbors, and if still missing, DM us your account email.",Wed Oct 11 17:53:00 +0000 2017,AmazonHelp,package order number has been stuck in transit in transit hub for over 48 hours. what gives?
102920,@AmazonHelp Absolute scam. Stole my money and refusing to help. Give me someone who actually has authority.,We sincerely apologize for this distressing experience. This is certainly not the level of service we aim to provide. Please DM us immediately so a senior specialist can assist.,Sat Oct 21 14:20:00 +0000 2017,AmazonHelp,absolute scam. stole my money and refusing to help. give me someone who actually has authority.
102922,"@AmazonHelp Wishlist won't let me remove deleted items, says 'Failed to update wishlist'.",We apologize for the technical glitch! Our technical team is monitoring site stability. Please send us a DM with a screenshot if the error continues.,Fri Oct 27 01:40:00 +0000 2017,AmazonHelp,"wishlist won't let me remove deleted items, says 'failed to update wishlist'."
102924,@AmazonHelp Getting 'An unexpected error occurred' whenever I try to add items to my shopping cart.,"Hi! Thanks for bringing this to our attention. Have you tried reinstalling the app or clearing your cache? If so, please DM us your device OS version.",Sat Oct 28 16:28:00 +0000 2017,AmazonHelp,getting 'an unexpected error occurred' whenever i try to add items to my shopping cart.
102926,@AmazonHelp Absolute scam. Stole my money and refusing to help. Give me someone who actually has authority.,We hear your frustration and apologize for the breakdown in communication. Please DM us your order #202-2398123-2679685 so we can urgently review this with our leadership team.,Sat Oct 21 15:16:00 +0000 2017,AmazonHelp,absolute scam. stole my money and refusing to help. give me someone who actually has authority.
102928,@AmazonHelp Ordered express next-day delivery on #819-3972043-3821761 and it still hasn't shipped!,We understand your concern regarding order #819-3972043-3821761. Please drop us a DM with your tracking link and postal code so we can check with the carrier.,Thu Oct 05 03:50:00 +0000 2017,AmazonHelp,ordered express next-day delivery on order number and it still hasn't shipped!
102930,@AmazonHelp Huge shoutout to Sarah from customer support who solved my lost package in 5 minutes! Amazing service!,"We're thrilled to hear Sarah was able to help! Thank you for choosing us, and please don't hesitate to reach out if you ever need anything else.",Tue Oct 03 16:28:00 +0000 2017,AmazonHelp,huge shoutout to sarah from customer support who solved my lost package in 5 minutes! amazing service!
102932,@AmazonHelp Return status says received at warehouse but refund not initiated for #445-4600370-4071787. Please help.,"Hello! Once an item is received at our fulfillment center, refunds usually take 3-5 business days. Please DM us your order #445-4600370-4071787 to check status.",Sat Oct 14 05:36:00 +0000 2017,AmazonHelp,return status says received at warehouse but refund not initiated for order number . please help.
102934,@AmazonHelp Huge shoutout to Sarah from customer support who solved my lost package in 5 minutes! Amazing service!,You're very welcome! We're so glad everything was resolved smoothly. Thank you for being a valued customer!,Sat Oct 28 05:19:00 +0000 2017,AmazonHelp,huge shoutout to sarah from customer support who solved my lost package in 5 minutes! amazing service!
102936,@AmazonHelp I was charged $17.50 twice for order #336-2103317-1807730. Please check your billing system.,"Hello, duplicate charges are often pending authorizations that drop off in 2-3 business days. Please DM us your order #336-2103317-1807730 to confirm.",Fri Oct 27 17:24:00 +0000 2017,AmazonHelp,i was charged currency amount twice for order order number . please check your billing system.
102938,@AmazonHelp Package #456-3114877-1527353 has been stuck in transit in transit hub for over 48 hours. What gives?,"Hi there, we're sorry to hear your order #456-3114877-1527353 is delayed! Please send us a DM at amzn.to/help with your details so we can investigate.",Thu Oct 26 01:51:00 +0000 2017,AmazonHelp,package order number has been stuck in transit in transit hub for over 48 hours. what gives?
102940,@AmazonHelp My subscription auto-renewed even though I turned off auto-renew last week!,We apologize for the billing confusion. Please reach out via DM with the last 4 digits of the card and transaction date so we can inspect.,Fri Oct 27 04:25:00 +0000 2017,AmazonHelp,my subscription auto-renewed even though i turned off auto-renew last week!
102942,"@AmazonHelp Where is my package? Order #470-7508257-2185506 was supposed to arrive last week, still nothing!","Hi there, we're sorry to hear your order #470-7508257-2185506 is delayed! Please send us a DM at amzn.to/help with your details so we can investigate.",Fri Oct 27 08:54:00 +0000 2017,AmazonHelp,"where is my package? order order number was supposed to arrive last week, still nothing!"
102944,@AmazonHelp Your support agent was extremely rude and unhelpful. Disgraceful treatment of a 10-year customer.,We sincerely apologize for this distressing experience. This is certainly not the level of service we aim to provide. Please DM us immediately so a senior specialist can assist.,Thu Oct 12 08:56:00 +0000 2017,AmazonHelp,your support agent was extremely rude and unhelpful. disgraceful treatment of a 10-year customer.
102946,@AmazonHelp Lost access to my old phone number and now 2FA won't let me log into my account.,We're sorry you're having trouble accessing your account. Please send us a DM so we can securely guide you through the two-step verification reset.,Sun Oct 01 12:03:00 +0000 2017,AmazonHelp,lost access to my old phone number and now 2fa won't let me log into my account.
102948,@AmazonHelp Locked out of my account. The OTP verification code is not being sent to my phone.,"Hi! For your security, please don't share passwords publicly. Please visit amzn.to/account-recovery or DM us to begin identity verification.",Wed Oct 11 01:08:00 +0000 2017,AmazonHelp,locked out of my account. the otp verification code is not being sent to my phone.
102950,@AmazonHelp I returned item on order #233-7562626-4081050 over a week ago and still haven't received my refund.,We're sorry for the delay in your refund! Please reach out to us in DM with order #233-7562626-4081050 and your email address so we can review the return.,Fri Oct 27 10:32:00 +0000 2017,AmazonHelp,i returned item on order order number over a week ago and still haven't received my refund.
102952,"@AmazonHelp Where is my package? Order #326-6162605-6553761 was supposed to arrive yesterday, still nothing!",So sorry for the delay on #326-6162605-6553761! Please DM us your order details and we will check the transit status directly for you.,Tue Oct 03 11:41:00 +0000 2017,AmazonHelp,"where is my package? order order number was supposed to arrive yesterday, still nothing!"
102954,@AmazonHelp My tracking says delivered but I have not received anything for order #752-7945843-9563707!,So sorry for the delay on #752-7945843-9563707! Please DM us your order details and we will check the transit status directly for you.,Sat Oct 21 14:03:00 +0000 2017,AmazonHelp,my tracking says delivered but i have not received anything for order order number !
102956,@AmazonHelp Checkout page freezes when selecting saved shipping address.,"Hello! Please try accessing the site in an incognito window or restarting your device. If the bug persists, DM us your app version and device model.",Fri Oct 27 02:47:00 +0000 2017,AmazonHelp,checkout page freezes when selecting saved shipping address.
102958,@AmazonHelp Tracking status says delivery attempted but nobody buzzed or knocked. Order #707-8105112-6229204.,"Hello! We apologize for the delivery issue with #707-8105112-6229204. Please check around your porch/neighbors, and if still missing, DM us your account email.",Sun Oct 01 18:16:00 +0000 2017,AmazonHelp,tracking status says delivery attempted but nobody buzzed or knocked. order order number .
102960,"@AmazonHelp My account was compromised or hacked, someone changed the email on file. Need help urgently!","Hi! For your security, please don't share passwords publicly. Please visit amzn.to/account-recovery or DM us to begin identity verification.",Fri Oct 06 14:07:00 +0000 2017,AmazonHelp,"my account was compromised or hacked, someone changed the email on file. need help urgently!"
102962,@AmazonHelp Can I use Amazon gift cards to purchase digital books on Kindle?,Hi! You can check international shipping options and estimated import duties at checkout or by visiting amzn.to/shipping-rates.,Sun Oct 29 01:06:00 +0000 2017,AmazonHelp,can i use amazon gift cards to purchase digital books on kindle?
102964,@AmazonHelp My tracking says delivered but I have not received anything for order #461-9798524-3088644!,So sorry for the delay on #461-9798524-3088644! Please DM us your order details and we will check the transit status directly for you.,Fri Oct 06 11:25:00 +0000 2017,AmazonHelp,my tracking says delivered but i have not received anything for order order number !
102966,@AmazonHelp Need a refund for #648-7231534-6575333. Sent back via drop-off locker 5 days ago.,Apologies for the inconvenience! Please DM us your account details so we can check on return #648-7231534-6575333 and expedite your refund.,Thu Oct 05 15:54:00 +0000 2017,AmazonHelp,need a refund for order number . sent back via drop-off locker 5 days ago.
102968,"@AmazonHelp Every time I try to log in, it loops back to the login screen without an error message.",We're sorry you're having trouble accessing your account. Please send us a DM so we can securely guide you through the two-step verification reset.,Fri Oct 27 20:35:00 +0000 2017,AmazonHelp,"every time i try to log in, it loops back to the login screen without an error message."
102970,@AmazonHelp You have lied to me three times about my delivery. I am reporting this fraud to the Better Business Bureau.,We are very sorry to hear this and take feedback like this seriously. Please send us a direct message with your account details and phone number so we can escalate to a supervisor.,Mon Oct 23 01:46:00 +0000 2017,AmazonHelp,you have lied to me three times about my delivery. i am reporting this fraud to the better business bureau.
102972,@AmazonHelp shipment #281-4586154-5941654 is delayed by 3 days already. Any update on when it will arrive?,"Hi there, we're sorry to hear your order #281-4586154-5941654 is delayed! Please send us a DM at amzn.to/help with your details so we can investigate.",Thu Oct 05 09:52:00 +0000 2017,AmazonHelp,shipment order number is delayed by 3 days already. any update on when it will arrive?
102974,"@AmazonHelp Received broken item in order #385-4547081-3209208. I want my money back, not a replacement.","Hello! Once an item is received at our fulfillment center, refunds usually take 3-5 business days. Please DM us your order #385-4547081-3209208 to check status.",Sat Oct 07 03:13:00 +0000 2017,AmazonHelp,"received broken item in order order number . i want my money back, not a replacement."
102976,@AmazonHelp Search bar on the website is completely unresponsive on Chrome desktop.,We apologize for the technical glitch! Our technical team is monitoring site stability. Please send us a DM with a screenshot if the error continues.,Sat Oct 21 08:25:00 +0000 2017,AmazonHelp,search bar on the website is completely unresponsive on chrome desktop.
102978,@AmazonHelp Please cancel my order #230-2732002-5088595 and process a full refund immediately.,Apologies for the inconvenience! Please DM us your account details so we can check on return #230-2732002-5088595 and expedite your refund.,Tue Oct 03 12:23:00 +0000 2017,AmazonHelp,please cancel my order order number and process a full refund immediately.
102980,@AmazonHelp Ordered express next-day delivery on #301-1048416-1963702 and it still hasn't shipped!,So sorry for the delay on #301-1048416-1963702! Please DM us your order details and we will check the transit status directly for you.,Thu Oct 05 17:49:00 +0000 2017,AmazonHelp,ordered express next-day delivery on order number and it still hasn't shipped!
102982,@AmazonHelp I forgot my password and the password reset link is never arriving in my inbox.,"Hi there, please ensure SMS isn't blocked by your carrier, or try clearing browser cache. If the issue persists, send us a DM.",Wed Oct 18 14:01:00 +0000 2017,AmazonHelp,i forgot my password and the password reset link is never arriving in my inbox.
102984,@AmazonHelp Package #262-9906787-4660281 has been stuck in transit in transit hub for over 48 hours. What gives?,"Hi there, we're sorry to hear your order #262-9906787-4660281 is delayed! Please send us a DM at amzn.to/help with your details so we can investigate.",Wed Oct 18 23:49:00 +0000 2017,AmazonHelp,package order number has been stuck in transit in transit hub for over 48 hours. what gives?
102986,"@AmazonHelp Where is my package? Order #681-2361636-4406178 was supposed to arrive last week, still nothing!",We understand your concern regarding order #681-2361636-4406178. Please drop us a DM with your tracking link and postal code so we can check with the carrier.,Thu Oct 26 17:36:00 +0000 2017,AmazonHelp,"where is my package? order order number was supposed to arrive last week, still nothing!"
102988,@AmazonHelp Incredible customer support experience today. Truly appreciate how fast my issue was handled.,Thank you so much for the kind words! We love hearing this and will pass your compliments along to the team. Have a wonderful day!,Tue Oct 24 16:24:00 +0000 2017,AmazonHelp,incredible customer support experience today. truly appreciate how fast my issue was handled.
102990,@AmazonHelp Charged for an item I sent back last Monday. When will my refund of $214.99 arrive?,Apologies for the inconvenience! Please DM us your account details so we can check on return #161-6086796-5814049 and expedite your refund.,Sun Oct 15 07:26:00 +0000 2017,AmazonHelp,charged for an item i sent back last monday. when will my refund of currency amount arrive?
102992,@AmazonHelp Checkout page freezes when selecting saved shipping address.,We apologize for the technical glitch! Our technical team is monitoring site stability. Please send us a DM with a screenshot if the error continues.,Mon Oct 09 01:32:00 +0000 2017,AmazonHelp,checkout page freezes when selecting saved shipping address.
102994,@AmazonHelp shipment #954-2970838-2484106 is delayed by 3 days already. Any update on when it will arrive?,We understand your concern regarding order #954-2970838-2484106. Please drop us a DM with your tracking link and postal code so we can check with the carrier.,Thu Oct 26 15:00:00 +0000 2017,AmazonHelp,shipment order number is delayed by 3 days already. any update on when it will arrive?
102996,@AmazonHelp Please cancel my order #254-2701408-9635016 and process a full refund immediately.,Apologies for the inconvenience! Please DM us your account details so we can check on return #254-2701408-9635016 and expedite your refund.,Thu Oct 12 07:16:00 +0000 2017,AmazonHelp,please cancel my order order number and process a full refund immediately.
102998,@AmazonHelp You have lied to me three times about my delivery. I am reporting this fraud to the Better Business Bureau.,We hear your frustration and apologize for the breakdown in communication. Please DM us your order #828-2419946-7379809 so we can urgently review this with our leadership team.,Mon Oct 09 20:53:00 +0000 2017,AmazonHelp,you have lied to me three times about my delivery. i am reporting this fraud to the better business bureau.
103000,@AmazonHelp My subscription auto-renewed even though I turned off auto-renew last week!,Hi! We'd be glad to look into this charge for you. Please send us a DM with the date and amount so we can locate the transaction securely.,Wed Oct 18 00:36:00 +0000 2017,AmazonHelp,my subscription auto-renewed even though i turned off auto-renew last week!
103002,@AmazonHelp Unable to sign in to my account from my new laptop. Says suspicious activity detected.,"Hi there, please ensure SMS isn't blocked by your carrier, or try clearing browser cache. If the issue persists, send us a DM.",Sun Oct 22 00:23:00 +0000 2017,AmazonHelp,unable to sign in to my account from my new laptop. says suspicious activity detected.
103004,@AmazonHelp You guys billed me twice on the same day for order #837-5500507-6628815. Please fix this duplicate charge.,We apologize for the billing confusion. Please reach out via DM with the last 4 digits of the card and transaction date so we can inspect.,Wed Oct 18 23:21:00 +0000 2017,AmazonHelp,you guys billed me twice on the same day for order order number . please fix this duplicate charge.
103006,@AmazonHelp The video streaming player on Prime Video keeps stuttering and buffering on my Smart TV.,"Hello! Please try accessing the site in an incognito window or restarting your device. If the bug persists, DM us your app version and device model.",Mon Oct 02 09:11:00 +0000 2017,AmazonHelp,the video streaming player on prime video keeps stuttering and buffering on my smart tv.
103008,@AmazonHelp Why was my credit card charged $145.00 when my order total was only $15.00?,We apologize for the billing confusion. Please reach out via DM with the last 4 digits of the card and transaction date so we can inspect.,Wed Oct 18 06:28:00 +0000 2017,AmazonHelp,why was my credit card charged currency amount when my order total was only currency amount ?
103010,@AmazonHelp I was told my refund of $43.49 for order #409-8494118-4048820 would be in my account in 3-5 days. It's been 10 days.,We're sorry for the delay in your refund! Please reach out to us in DM with order #409-8494118-4048820 and your email address so we can review the return.,Sat Oct 28 03:49:00 +0000 2017,AmazonHelp,i was told my refund of currency amount for order order number would be in my account in 3-5 days. it's been 10 days.
103012,@AmazonHelp I was told my refund of $28.99 for order #494-3055876-5796861 would be in my account in 3-5 days. It's been 10 days.,Apologies for the inconvenience! Please DM us your account details so we can check on return #494-3055876-5796861 and expedite your refund.,Fri Oct 06 16:05:00 +0000 2017,AmazonHelp,i was told my refund of currency amount for order order number would be in my account in 3-5 days. it's been 10 days.
103014,@AmazonHelp Website gives error 500 internal server error when trying to view my order history.,"Hi! Thanks for bringing this to our attention. Have you tried reinstalling the app or clearing your cache? If so, please DM us your device OS version.",Wed Oct 25 16:27:00 +0000 2017,AmazonHelp,website gives error 500 internal server error when trying to view my order history.
103016,@AmazonHelp Just noticed an unauthorized charge of $225.99 for Prime membership that I never authorized.,We apologize for the billing confusion. Please reach out via DM with the last 4 digits of the card and transaction date so we can inspect.,Thu Oct 26 08:39:00 +0000 2017,AmazonHelp,just noticed an unauthorized charge of currency amount for prime membership that i never authorized.
103018,@AmazonHelp Tracking status says delivery attempted but nobody buzzed or knocked. Order #670-5711903-6340785.,So sorry for the delay on #670-5711903-6340785! Please DM us your order details and we will check the transit status directly for you.,Fri Oct 13 12:42:00 +0000 2017,AmazonHelp,tracking status says delivery attempted but nobody buzzed or knocked. order order number .
103020,@AmazonHelp I demand an immediate escalation to executive customer relations. No more generic bot answers!,We hear your frustration and apologize for the breakdown in communication. Please DM us your order #610-1815530-2886239 so we can urgently review this with our leadership team.,Sun Oct 08 02:13:00 +0000 2017,AmazonHelp,i demand an immediate escalation to executive customer relations. no more generic bot answers!
103022,"@AmazonHelp If my issue is not resolved today, I will be taking legal action with my attorney. Order #573-8599514-3215546.",We are very sorry to hear this and take feedback like this seriously. Please send us a direct message with your account details and phone number so we can escalate to a supervisor.,Sun Oct 01 12:44:00 +0000 2017,AmazonHelp,"if my issue is not resolved today, i will be taking legal action with my attorney. order order number ."
103024,@AmazonHelp Return status says received at warehouse but refund not initiated for #163-1782511-6991310. Please help.,Hi! We want to help get this sorted. Please send us a direct message with order #163-1782511-6991310 and return tracking number so we can verify with our billing team.,Wed Oct 25 00:03:00 +0000 2017,AmazonHelp,return status says received at warehouse but refund not initiated for order number . please help.
103026,@AmazonHelp Your support team went above and beyond today. Thank you for the courteous and prompt help!,"We're thrilled to hear Sarah was able to help! Thank you for choosing us, and please don't hesitate to reach out if you ever need anything else.",Sun Oct 22 10:51:00 +0000 2017,AmazonHelp,your support team went above and beyond today. thank you for the courteous and prompt help!
103028,@AmazonHelp Are recyclable packaging options available for fragile items?,Hi! You can check international shipping options and estimated import duties at checkout or by visiting amzn.to/shipping-rates.,Sun Oct 08 20:40:00 +0000 2017,AmazonHelp,are recyclable packaging options available for fragile items?
103030,"@AmazonHelp Where is my package? Order #302-7343187-6802621 was supposed to arrive 2 days ago, still nothing!","Hello! We apologize for the delivery issue with #302-7343187-6802621. Please check around your porch/neighbors, and if still missing, DM us your account email.",Mon Oct 23 10:22:00 +0000 2017,AmazonHelp,"where is my package? order order number was supposed to arrive 2 days ago, still nothing!"
103032,@AmazonHelp I was told my refund of $226.49 for order #836-7266775-6909755 would be in my account in 3-5 days. It's been 10 days.,Apologies for the inconvenience! Please DM us your account details so we can check on return #836-7266775-6909755 and expedite your refund.,Tue Oct 10 00:39:00 +0000 2017,AmazonHelp,i was told my refund of currency amount for order order number would be in my account in 3-5 days. it's been 10 days.
103034,@AmazonHelp My subscription auto-renewed even though I turned off auto-renew last week!,"Hello, duplicate charges are often pending authorizations that drop off in 2-3 business days. Please DM us your order #278-1023893-5820587 to confirm.",Fri Oct 20 15:17:00 +0000 2017,AmazonHelp,my subscription auto-renewed even though i turned off auto-renew last week!
103036,@AmazonHelp shipment #458-1583149-8877614 is delayed by 3 days already. Any update on when it will arrive?,So sorry for the delay on #458-1583149-8877614! Please DM us your order details and we will check the transit status directly for you.,Tue Oct 24 00:47:00 +0000 2017,AmazonHelp,shipment order number is delayed by 3 days already. any update on when it will arrive?
103038,@AmazonHelp Website gives error 500 internal server error when trying to view my order history.,We apologize for the technical glitch! Our technical team is monitoring site stability. Please send us a DM with a screenshot if the error continues.,Thu Oct 05 21:59:00 +0000 2017,AmazonHelp,website gives error 500 internal server error when trying to view my order history.
103040,@AmazonHelp Can you explain the invoice breakdown for #943-4728927-4068301? There's an extra charge of $195.00.,"Sorry for the unexpected charge! If you did not intend to renew Prime, please DM us your email and we can help reverse eligible fees.",Tue Oct 10 11:48:00 +0000 2017,AmazonHelp,can you explain the invoice breakdown for order number ? there's an extra charge of currency amount .
103042,"@AmazonHelp My account was compromised or hacked, someone changed the email on file. Need help urgently!","Hi! For your security, please don't share passwords publicly. Please visit amzn.to/account-recovery or DM us to begin identity verification.",Fri Oct 06 04:56:00 +0000 2017,AmazonHelp,"my account was compromised or hacked, someone changed the email on file. need help urgently!"
103044,@AmazonHelp I returned item on order #257-6806697-3588439 over a week ago and still haven't received my refund.,Apologies for the inconvenience! Please DM us your account details so we can check on return #257-6806697-3588439 and expedite your refund.,Mon Oct 16 17:41:00 +0000 2017,AmazonHelp,i returned item on order order number over a week ago and still haven't received my refund.
103046,@AmazonHelp Please cancel my order #150-7536593-5064165 and process a full refund immediately.,"Hello! Once an item is received at our fulfillment center, refunds usually take 3-5 business days. Please DM us your order #150-7536593-5064165 to check status.",Thu Oct 19 10:26:00 +0000 2017,AmazonHelp,please cancel my order order number and process a full refund immediately.
103048,@AmazonHelp Return status says received at warehouse but refund not initiated for #947-4964703-1105913. Please help.,We're sorry for the delay in your refund! Please reach out to us in DM with order #947-4964703-1105913 and your email address so we can review the return.,Wed Oct 04 15:22:00 +0000 2017,AmazonHelp,return status says received at warehouse but refund not initiated for order number . please help.
103050,@AmazonHelp Checkout page freezes when selecting saved shipping address.,"Hello! Please try accessing the site in an incognito window or restarting your device. If the bug persists, DM us your app version and device model.",Wed Oct 04 06:06:00 +0000 2017,AmazonHelp,checkout page freezes when selecting saved shipping address.
103052,@AmazonHelp Website gives error 500 internal server error when trying to view my order history.,"Hello! Please try accessing the site in an incognito window or restarting your device. If the bug persists, DM us your app version and device model.",Fri Oct 20 20:38:00 +0000 2017,AmazonHelp,website gives error 500 internal server error when trying to view my order history.
103054,@AmazonHelp Tracking status says delivery attempted but nobody buzzed or knocked. Order #679-6741514-6535614.,"Hello! We apologize for the delivery issue with #679-6741514-6535614. Please check around your porch/neighbors, and if still missing, DM us your account email.",Sun Oct 15 23:40:00 +0000 2017,AmazonHelp,tracking status says delivery attempted but nobody buzzed or knocked. order order number .
103056,@AmazonHelp Unable to sign in to my account from my new laptop. Says suspicious activity detected.,We're sorry you're having trouble accessing your account. Please send us a DM so we can securely guide you through the two-step verification reset.,Sun Oct 08 13:55:00 +0000 2017,AmazonHelp,unable to sign in to my account from my new laptop. says suspicious activity detected.
103058,@AmazonHelp Carrier marked order #737-9323687-2612189 as delivered at front door but there is no package anywhere.,"Hello! We apologize for the delivery issue with #737-9323687-2612189. Please check around your porch/neighbors, and if still missing, DM us your account email.",Fri Oct 20 22:41:00 +0000 2017,AmazonHelp,carrier marked order order number as delivered at front door but there is no package anywhere.
103060,@AmazonHelp Charged for an item I sent back last Monday. When will my refund of $24.50 arrive?,Apologies for the inconvenience! Please DM us your account details so we can check on return #644-8615232-7811271 and expedite your refund.,Wed Oct 11 21:41:00 +0000 2017,AmazonHelp,charged for an item i sent back last monday. when will my refund of currency amount arrive?
103062,@AmazonHelp The video streaming player on Prime Video keeps stuttering and buffering on my Smart TV.,We're sorry for the app crash. Please ensure you are running the latest app update. DM us if you need further technical troubleshooting.,Thu Oct 26 03:58:00 +0000 2017,AmazonHelp,the video streaming player on prime video keeps stuttering and buffering on my smart tv.
103064,@AmazonHelp Return status says received at warehouse but refund not initiated for #960-4489742-6180257. Please help.,Hi! We want to help get this sorted. Please send us a direct message with order #960-4489742-6180257 and return tracking number so we can verify with our billing team.,Mon Oct 02 18:44:00 +0000 2017,AmazonHelp,return status says received at warehouse but refund not initiated for order number . please help.
103066,@AmazonHelp Just noticed an unauthorized charge of $74.00 for Prime membership that I never authorized.,Hi! We'd be glad to look into this charge for you. Please send us a DM with the date and amount so we can locate the transaction securely.,Mon Oct 02 10:42:00 +0000 2017,AmazonHelp,just noticed an unauthorized charge of currency amount for prime membership that i never authorized.
103068,@AmazonHelp Locked out of my account. The OTP verification code is not being sent to my phone.,"Hi! For your security, please don't share passwords publicly. Please visit amzn.to/account-recovery or DM us to begin identity verification.",Sat Oct 07 18:14:00 +0000 2017,AmazonHelp,locked out of my account. the otp verification code is not being sent to my phone.
103070,@AmazonHelp Thank you @AmazonHelp for resolving my billing query so smoothly today!,Hearing this makes our day! Thank you for your feedback and support. We're always here to help!,Thu Oct 05 10:15:00 +0000 2017,AmazonHelp,thank you for resolving my billing query so smoothly today!
103072,@AmazonHelp Do you ship internationally to Germany and what are the customs fees?,"Hello! Our standard return policy is 30 days, but extended holiday return windows often apply. Let us know if you have a specific item in mind!",Tue Oct 17 10:35:00 +0000 2017,AmazonHelp,do you ship internationally to germany and what are the customs fees?
103074,@AmazonHelp Why was my credit card charged $165.50 when my order total was only $13.99?,"Sorry for the unexpected charge! If you did not intend to renew Prime, please DM us your email and we can help reverse eligible fees.",Wed Oct 04 23:23:00 +0000 2017,AmazonHelp,why was my credit card charged currency amount when my order total was only currency amount ?
103076,@AmazonHelp WORST CUSTOMER SERVICE EVER! Representative hung up on me after waiting 45 minutes on hold!,We hear your frustration and apologize for the breakdown in communication. Please DM us your order #679-7007810-3304404 so we can urgently review this with our leadership team.,Sun Oct 22 13:57:00 +0000 2017,AmazonHelp,worst customer service ever! representative hung up on me after waiting 45 minutes on hold!
103078,@AmazonHelp Tracking status says delivery attempted but nobody buzzed or knocked. Order #458-2847539-3709721.,We understand your concern regarding order #458-2847539-3709721. Please drop us a DM with your tracking link and postal code so we can check with the carrier.,Wed Oct 04 22:36:00 +0000 2017,AmazonHelp,tracking status says delivery attempted but nobody buzzed or knocked. order order number .
103080,@AmazonHelp Can you explain the invoice breakdown for #637-6627064-7601346? There's an extra charge of $104.99.,We apologize for the billing confusion. Please reach out via DM with the last 4 digits of the card and transaction date so we can inspect.,Fri Oct 13 06:53:00 +0000 2017,AmazonHelp,can you explain the invoice breakdown for order number ? there's an extra charge of currency amount .
103082,"@AmazonHelp The mobile app is not loading product images, just showing blank white boxes.",We apologize for the technical glitch! Our technical team is monitoring site stability. Please send us a DM with a screenshot if the error continues.,Fri Oct 13 03:20:00 +0000 2017,AmazonHelp,"the mobile app is not loading product images, just showing blank white boxes."
103084,@AmazonHelp Why was my credit card charged $239.50 when my order total was only $13.00?,"Hello, duplicate charges are often pending authorizations that drop off in 2-3 business days. Please DM us your order #391-4798612-5523795 to confirm.",Tue Oct 03 13:09:00 +0000 2017,AmazonHelp,why was my credit card charged currency amount when my order total was only currency amount ?
103086,"@AmazonHelp Received broken item in order #530-3152578-9003202. I want my money back, not a replacement.",We're sorry for the delay in your refund! Please reach out to us in DM with order #530-3152578-9003202 and your email address so we can review the return.,Sun Oct 01 17:43:00 +0000 2017,AmazonHelp,"received broken item in order order number . i want my money back, not a replacement."
103088,@AmazonHelp Lost access to my old phone number and now 2FA won't let me log into my account.,"Hello! If you suspect unauthorized access, please visit amzn.to/security immediately. You can also DM us your associated phone or email.",Tue Oct 24 23:26:00 +0000 2017,AmazonHelp,lost access to my old phone number and now 2fa won't let me log into my account.
103090,"@AmazonHelp Where is my package? Order #745-7925610-7216697 was supposed to arrive 2 days ago, still nothing!","Hello! We apologize for the delivery issue with #745-7925610-7216697. Please check around your porch/neighbors, and if still missing, DM us your account email.",Tue Oct 03 07:53:00 +0000 2017,AmazonHelp,"where is my package? order order number was supposed to arrive 2 days ago, still nothing!"
103092,@AmazonHelp I returned item on order #543-6106760-7400532 over a week ago and still haven't received my refund.,"Hello! Once an item is received at our fulfillment center, refunds usually take 3-5 business days. Please DM us your order #543-6106760-7400532 to check status.",Tue Oct 17 13:36:00 +0000 2017,AmazonHelp,i returned item on order order number over a week ago and still haven't received my refund.
103094,@AmazonHelp Ordered express next-day delivery on #217-4423225-8742197 and it still hasn't shipped!,We understand your concern regarding order #217-4423225-8742197. Please drop us a DM with your tracking link and postal code so we can check with the carrier.,Sun Oct 22 19:51:00 +0000 2017,AmazonHelp,ordered express next-day delivery on order number and it still hasn't shipped!
103096,@AmazonHelp Unable to sign in to my account from my new laptop. Says suspicious activity detected.,We're sorry you're having trouble accessing your account. Please send us a DM so we can securely guide you through the two-step verification reset.,Mon Oct 16 06:28:00 +0000 2017,AmazonHelp,unable to sign in to my account from my new laptop. says suspicious activity detected.
103098,@AmazonHelp I was told my refund of $153.99 for order #186-2215995-4738337 would be in my account in 3-5 days. It's been 10 days.,We're sorry for the delay in your refund! Please reach out to us in DM with order #186-2215995-4738337 and your email address so we can review the return.,Thu Oct 19 22:00:00 +0000 2017,AmazonHelp,i was told my refund of currency amount for order order number would be in my account in 3-5 days. it's been 10 days.
103100,@AmazonHelp Your support agent was extremely rude and unhelpful. Disgraceful treatment of a 10-year customer.,We are very sorry to hear this and take feedback like this seriously. Please send us a direct message with your account details and phone number so we can escalate to a supervisor.,Thu Oct 19 21:06:00 +0000 2017,AmazonHelp,your support agent was extremely rude and unhelpful. disgraceful treatment of a 10-year customer.
103102,"@AmazonHelp Charged $184.50 annual subscription fee by mistake, please reverse this charge.",Hi! We'd be glad to look into this charge for you. Please send us a DM with the date and amount so we can locate the transaction securely.,Thu Oct 26 12:07:00 +0000 2017,AmazonHelp,"charged currency amount annual subscription fee by mistake, please reverse this charge."
103104,@AmazonHelp Need a refund for #824-3363377-5707347. Sent back via drop-off locker 5 days ago.,Hi! We want to help get this sorted. Please send us a direct message with order #824-3363377-5707347 and return tracking number so we can verify with our billing team.,Sun Oct 22 13:48:00 +0000 2017,AmazonHelp,need a refund for order number . sent back via drop-off locker 5 days ago.
103106,@AmazonHelp Ordered express next-day delivery on #138-6068364-4486965 and it still hasn't shipped!,"Hi there, we're sorry to hear your order #138-6068364-4486965 is delayed! Please send us a DM at amzn.to/help with your details so we can investigate.",Sun Oct 08 17:56:00 +0000 2017,AmazonHelp,ordered express next-day delivery on order number and it still hasn't shipped!
103108,@AmazonHelp My subscription auto-renewed even though I turned off auto-renew last week!,"Hello, duplicate charges are often pending authorizations that drop off in 2-3 business days. Please DM us your order #387-8082070-7557264 to confirm.",Wed Oct 25 01:20:00 +0000 2017,AmazonHelp,my subscription auto-renewed even though i turned off auto-renew last week!
103110,@AmazonHelp Just noticed an unauthorized charge of $19.49 for Prime membership that I never authorized.,"Hello, duplicate charges are often pending authorizations that drop off in 2-3 business days. Please DM us your order #339-1156351-3286603 to confirm.",Sun Oct 01 19:53:00 +0000 2017,AmazonHelp,just noticed an unauthorized charge of currency amount for prime membership that i never authorized.
103112,@AmazonHelp Can someone check on order #302-5255354-7849994? It's a birthday gift and now it's late.,We understand your concern regarding order #302-5255354-7849994. Please drop us a DM with your tracking link and postal code so we can check with the carrier.,Sun Oct 01 20:42:00 +0000 2017,AmazonHelp,can someone check on order order number ? it's a birthday gift and now it's late.
103114,@AmazonHelp Do you offer student discounts on annual Prime memberships?,"Hi there! Yes, Amazon gift cards can be applied to Kindle digital purchases. Check out amzn.to/giftcard-faq for more information.",Tue Oct 03 22:14:00 +0000 2017,AmazonHelp,do you offer student discounts on annual prime memberships?
103116,"@AmazonHelp If my issue is not resolved today, I will be taking legal action with my attorney. Order #277-4872690-5333808.",We hear your frustration and apologize for the breakdown in communication. Please DM us your order #277-4872690-5333808 so we can urgently review this with our leadership team.,Sat Oct 07 08:59:00 +0000 2017,AmazonHelp,"if my issue is not resolved today, i will be taking legal action with my attorney. order order number ."
103118,@AmazonHelp shipment #403-8691559-2142551 is delayed by 3 days already. Any update on when it will arrive?,"Hello! We apologize for the delivery issue with #403-8691559-2142551. Please check around your porch/neighbors, and if still missing, DM us your account email.",Tue Oct 03 17:56:00 +0000 2017,AmazonHelp,shipment order number is delayed by 3 days already. any update on when it will arrive?
103120,@AmazonHelp Can someone check on order #933-7938840-5344351? It's a birthday gift and now it's late.,We understand your concern regarding order #933-7938840-5344351. Please drop us a DM with your tracking link and postal code so we can check with the carrier.,Fri Oct 13 05:29:00 +0000 2017,AmazonHelp,can someone check on order order number ? it's a birthday gift and now it's late.
103122,@AmazonHelp Can someone check on order #905-4068162-5424313? It's a birthday gift and now it's late.,"Hello! We apologize for the delivery issue with #905-4068162-5424313. Please check around your porch/neighbors, and if still missing, DM us your account email.",Sun Oct 22 17:27:00 +0000 2017,AmazonHelp,can someone check on order order number ? it's a birthday gift and now it's late.
103124,@AmazonHelp Ordered express next-day delivery on #617-2075235-4017864 and it still hasn't shipped!,So sorry for the delay on #617-2075235-4017864! Please DM us your order details and we will check the transit status directly for you.,Wed Oct 25 16:02:00 +0000 2017,AmazonHelp,ordered express next-day delivery on order number and it still hasn't shipped!
103126,@AmazonHelp Website gives error 500 internal server error when trying to view my order history.,We apologize for the technical glitch! Our technical team is monitoring site stability. Please send us a DM with a screenshot if the error continues.,Sat Oct 07 07:00:00 +0000 2017,AmazonHelp,website gives error 500 internal server error when trying to view my order history.
103128,@AmazonHelp Tracking status says delivery attempted but nobody buzzed or knocked. Order #148-3000277-9907289.,"Hi there, we're sorry to hear your order #148-3000277-9907289 is delayed! Please send us a DM at amzn.to/help with your details so we can investigate.",Wed Oct 04 17:46:00 +0000 2017,AmazonHelp,tracking status says delivery attempted but nobody buzzed or knocked. order order number .
103130,@AmazonHelp Can I use Amazon gift cards to purchase digital books on Kindle?,"Hi there! Yes, Amazon gift cards can be applied to Kindle digital purchases. Check out amzn.to/giftcard-faq for more information.",Sat Oct 28 03:00:00 +0000 2017,AmazonHelp,can i use amazon gift cards to purchase digital books on kindle?
103132,@AmazonHelp Just noticed an unauthorized charge of $168.99 for Prime membership that I never authorized.,"Hello, duplicate charges are often pending authorizations that drop off in 2-3 business days. Please DM us your order #811-6955234-3989746 to confirm.",Sat Oct 07 20:13:00 +0000 2017,AmazonHelp,just noticed an unauthorized charge of currency amount for prime membership that i never authorized.
103134,@AmazonHelp Absolute scam. Stole my money and refusing to help. Give me someone who actually has authority.,We hear your frustration and apologize for the breakdown in communication. Please DM us your order #866-5270257-5190501 so we can urgently review this with our leadership team.,Sat Oct 07 22:40:00 +0000 2017,AmazonHelp,absolute scam. stole my money and refusing to help. give me someone who actually has authority.
103136,"@AmazonHelp Received broken item in order #485-6377143-5373368. I want my money back, not a replacement.",We're sorry for the delay in your refund! Please reach out to us in DM with order #485-6377143-5373368 and your email address so we can review the return.,Sat Oct 14 18:36:00 +0000 2017,AmazonHelp,"received broken item in order order number . i want my money back, not a replacement."
103138,@AmazonHelp Unable to sign in to my account from my new laptop. Says suspicious activity detected.,"Hi there, please ensure SMS isn't blocked by your carrier, or try clearing browser cache. If the issue persists, send us a DM.",Sun Oct 08 22:33:00 +0000 2017,AmazonHelp,unable to sign in to my account from my new laptop. says suspicious activity detected.
103140,@AmazonHelp Does this product come with a power adapter or do I need to buy it separately?,"Hello! Our standard return policy is 30 days, but extended holiday return windows often apply. Let us know if you have a specific item in mind!",Mon Oct 09 15:26:00 +0000 2017,AmazonHelp,does this product come with a power adapter or do i need to buy it separately?
103142,@AmazonHelp I was told my refund of $239.99 for order #773-4509845-3683655 would be in my account in 3-5 days. It's been 10 days.,Apologies for the inconvenience! Please DM us your account details so we can check on return #773-4509845-3683655 and expedite your refund.,Sun Oct 22 22:55:00 +0000 2017,AmazonHelp,i was told my refund of currency amount for order order number would be in my account in 3-5 days. it's been 10 days.
103144,@AmazonHelp Website gives error 500 internal server error when trying to view my order history.,We apologize for the technical glitch! Our technical team is monitoring site stability. Please send us a DM with a screenshot if the error continues.,Sat Oct 28 21:23:00 +0000 2017,AmazonHelp,website gives error 500 internal server error when trying to view my order history.
103146,@AmazonHelp Tracking status says delivery attempted but nobody buzzed or knocked. Order #477-3645228-3531839.,"Hello! We apologize for the delivery issue with #477-3645228-3531839. Please check around your porch/neighbors, and if still missing, DM us your account email.",Sun Oct 08 06:38:00 +0000 2017,AmazonHelp,tracking status says delivery attempted but nobody buzzed or knocked. order order number .
103148,@AmazonHelp I was told my refund of $126.49 for order #875-7748185-4902235 would be in my account in 3-5 days. It's been 10 days.,Hi! We want to help get this sorted. Please send us a direct message with order #875-7748185-4902235 and return tracking number so we can verify with our billing team.,Mon Oct 09 13:29:00 +0000 2017,AmazonHelp,i was told my refund of currency amount for order order number would be in my account in 3-5 days. it's been 10 days.
103150,"@AmazonHelp Received broken item in order #177-6624133-5348804. I want my money back, not a replacement.",We're sorry for the delay in your refund! Please reach out to us in DM with order #177-6624133-5348804 and your email address so we can review the return.,Fri Oct 06 05:51:00 +0000 2017,AmazonHelp,"received broken item in order order number . i want my money back, not a replacement."
103152,@AmazonHelp Just noticed an unauthorized charge of $84.49 for Prime membership that I never authorized.,"Hello, duplicate charges are often pending authorizations that drop off in 2-3 business days. Please DM us your order #878-1678596-1731644 to confirm.",Sun Oct 08 06:51:00 +0000 2017,AmazonHelp,just noticed an unauthorized charge of currency amount for prime membership that i never authorized.
103154,@AmazonHelp You have lied to me three times about my delivery. I am reporting this fraud to the Better Business Bureau.,This is definitely not the experience we want for our customers. Please reach out in DM with your contact information so an escalation manager can connect with you.,Fri Oct 20 08:39:00 +0000 2017,AmazonHelp,you have lied to me three times about my delivery. i am reporting this fraud to the better business bureau.
103156,@AmazonHelp Locked out of my account. The OTP verification code is not being sent to my phone.,"Hi there, please ensure SMS isn't blocked by your carrier, or try clearing browser cache. If the issue persists, send us a DM.",Sun Oct 15 06:48:00 +0000 2017,AmazonHelp,locked out of my account. the otp verification code is not being sent to my phone.
103158,@AmazonHelp Does this product come with a power adapter or do I need to buy it separately?,Hello! Most electronics purchased from authorized sellers include standard warranty. Please DM us the product ASIN to check details.,Sun Oct 15 15:38:00 +0000 2017,AmazonHelp,does this product come with a power adapter or do i need to buy it separately?
103160,@AmazonHelp Charged for an item I sent back last Monday. When will my refund of $87.50 arrive?,We're sorry for the delay in your refund! Please reach out to us in DM with order #854-7504808-7739854 and your email address so we can review the return.,Sat Oct 14 20:32:00 +0000 2017,AmazonHelp,charged for an item i sent back last monday. when will my refund of currency amount arrive?
103162,@AmazonHelp shipment #725-3364066-8316857 is delayed by 3 days already. Any update on when it will arrive?,"Hi there, we're sorry to hear your order #725-3364066-8316857 is delayed! Please send us a DM at amzn.to/help with your details so we can investigate.",Wed Oct 04 06:52:00 +0000 2017,AmazonHelp,shipment order number is delayed by 3 days already. any update on when it will arrive?
103164,@AmazonHelp Please cancel my order #726-5243555-9923759 and process a full refund immediately.,"Hello! Once an item is received at our fulfillment center, refunds usually take 3-5 business days. Please DM us your order #726-5243555-9923759 to check status.",Sat Oct 21 16:43:00 +0000 2017,AmazonHelp,please cancel my order order number and process a full refund immediately.
103166,@AmazonHelp Do you ship internationally to Germany and what are the customs fees?,Hi! You can check international shipping options and estimated import duties at checkout or by visiting amzn.to/shipping-rates.,Sat Oct 21 00:51:00 +0000 2017,AmazonHelp,do you ship internationally to germany and what are the customs fees?
103168,@AmazonHelp Return status says received at warehouse but refund not initiated for #855-3820107-1035751. Please help.,We're sorry for the delay in your refund! Please reach out to us in DM with order #855-3820107-1035751 and your email address so we can review the return.,Thu Oct 19 09:35:00 +0000 2017,AmazonHelp,return status says received at warehouse but refund not initiated for order number . please help.
103170,@AmazonHelp What is the return window for holiday purchases made in November?,Hi! You can check international shipping options and estimated import duties at checkout or by visiting amzn.to/shipping-rates.,Thu Oct 26 13:12:00 +0000 2017,AmazonHelp,what is the return window for holiday purchases made in november?
103172,"@AmazonHelp Unbelievable negligence. Damaged goods, ruined anniversary, zero accountability from your team.",This is definitely not the experience we want for our customers. Please reach out in DM with your contact information so an escalation manager can connect with you.,Wed Oct 11 17:06:00 +0000 2017,AmazonHelp,"unbelievable negligence. damaged goods, ruined anniversary, zero accountability from your team."
103174,@AmazonHelp Is the manufacturer warranty valid if I buy an electronic item through third party sellers?,"Hi there! Yes, Amazon gift cards can be applied to Kindle digital purchases. Check out amzn.to/giftcard-faq for more information.",Fri Oct 06 13:35:00 +0000 2017,AmazonHelp,is the manufacturer warranty valid if i buy an electronic item through third party sellers?
103176,@AmazonHelp Your support team went above and beyond today. Thank you for the courteous and prompt help!,Thank you so much for the kind words! We love hearing this and will pass your compliments along to the team. Have a wonderful day!,Wed Oct 04 18:15:00 +0000 2017,AmazonHelp,your support team went above and beyond today. thank you for the courteous and prompt help!
103178,@AmazonHelp Carrier marked order #617-3631527-4374318 as delivered at front door but there is no package anywhere.,We understand your concern regarding order #617-3631527-4374318. Please drop us a DM with your tracking link and postal code so we can check with the carrier.,Sun Oct 22 08:38:00 +0000 2017,AmazonHelp,carrier marked order order number as delivered at front door but there is no package anywhere.
103180,"@AmazonHelp Wishlist won't let me remove deleted items, says 'Failed to update wishlist'.","Hi! Thanks for bringing this to our attention. Have you tried reinstalling the app or clearing your cache? If so, please DM us your device OS version.",Tue Oct 03 08:28:00 +0000 2017,AmazonHelp,"wishlist won't let me remove deleted items, says 'failed to update wishlist'."
103182,@AmazonHelp Website gives error 500 internal server error when trying to view my order history.,We apologize for the technical glitch! Our technical team is monitoring site stability. Please send us a DM with a screenshot if the error continues.,Sat Oct 28 23:41:00 +0000 2017,AmazonHelp,website gives error 500 internal server error when trying to view my order history.
103184,@AmazonHelp Just wanted to say thank you for delivering my package ahead of schedule! Great job!,You're very welcome! We're so glad everything was resolved smoothly. Thank you for being a valued customer!,Tue Oct 24 00:23:00 +0000 2017,AmazonHelp,just wanted to say thank you for delivering my package ahead of schedule! great job!
103186,"@AmazonHelp Wishlist won't let me remove deleted items, says 'Failed to update wishlist'.",We apologize for the technical glitch! Our technical team is monitoring site stability. Please send us a DM with a screenshot if the error continues.,Tue Oct 17 11:34:00 +0000 2017,AmazonHelp,"wishlist won't let me remove deleted items, says 'failed to update wishlist'."
103188,@AmazonHelp How can I change my primary delivery address before placing an order?,Hello! Most electronics purchased from authorized sellers include standard warranty. Please DM us the product ASIN to check details.,Fri Oct 13 19:01:00 +0000 2017,AmazonHelp,how can i change my primary delivery address before placing an order?
103190,@AmazonHelp How long does it take for a refund to process to my original payment method for return #751-1151539-8454748?,Apologies for the inconvenience! Please DM us your account details so we can check on return #751-1151539-8454748 and expedite your refund.,Fri Oct 20 03:02:00 +0000 2017,AmazonHelp,how long does it take for a refund to process to my original payment method for return order number ?
103192,@AmazonHelp I was charged $161.50 twice for order #411-2055775-8346285. Please check your billing system.,"Sorry for the unexpected charge! If you did not intend to renew Prime, please DM us your email and we can help reverse eligible fees.",Tue Oct 24 00:59:00 +0000 2017,AmazonHelp,i was charged currency amount twice for order order number . please check your billing system.
103194,@AmazonHelp Unable to sign in to my account from my new laptop. Says suspicious activity detected.,"Hi! For your security, please don't share passwords publicly. Please visit amzn.to/account-recovery or DM us to begin identity verification.",Sun Oct 22 09:41:00 +0000 2017,AmazonHelp,unable to sign in to my account from my new laptop. says suspicious activity detected.
103196,@AmazonHelp How long does it take for a refund to process to my original payment method for return #569-9707166-6760669?,"Hello! Once an item is received at our fulfillment center, refunds usually take 3-5 business days. Please DM us your order #569-9707166-6760669 to check status.",Sat Oct 14 13:47:00 +0000 2017,AmazonHelp,how long does it take for a refund to process to my original payment method for return order number ?
103198,@AmazonHelp My tracking says delivered but I have not received anything for order #719-3796179-9636401!,"Hi there, we're sorry to hear your order #719-3796179-9636401 is delayed! Please send us a DM at amzn.to/help with your details so we can investigate.",Thu Oct 19 12:15:00 +0000 2017,AmazonHelp,my tracking says delivered but i have not received anything for order order number !
103200,@AmazonHelp Your support team went above and beyond today. Thank you for the courteous and prompt help!,You're very welcome! We're so glad everything was resolved smoothly. Thank you for being a valued customer!,Fri Oct 06 03:01:00 +0000 2017,AmazonHelp,your support team went above and beyond today. thank you for the courteous and prompt help!
103202,@AmazonHelp Can someone check on order #998-4186897-1690365? It's a birthday gift and now it's late.,We understand your concern regarding order #998-4186897-1690365. Please drop us a DM with your tracking link and postal code so we can check with the carrier.,Fri Oct 06 04:46:00 +0000 2017,AmazonHelp,can someone check on order order number ? it's a birthday gift and now it's late.
103204,@AmazonHelp I returned item on order #986-4968858-1244425 over a week ago and still haven't received my refund.,"Hello! Once an item is received at our fulfillment center, refunds usually take 3-5 business days. Please DM us your order #986-4968858-1244425 to check status.",Tue Oct 03 11:10:00 +0000 2017,AmazonHelp,i returned item on order order number over a week ago and still haven't received my refund.
103206,@AmazonHelp The video streaming player on Prime Video keeps stuttering and buffering on my Smart TV.,We're sorry for the app crash. Please ensure you are running the latest app update. DM us if you need further technical troubleshooting.,Thu Oct 05 19:03:00 +0000 2017,AmazonHelp,the video streaming player on prime video keeps stuttering and buffering on my smart tv.
103208,@AmazonHelp I returned item on order #678-4214210-8353032 over a week ago and still haven't received my refund.,Apologies for the inconvenience! Please DM us your account details so we can check on return #678-4214210-8353032 and expedite your refund.,Mon Oct 02 06:19:00 +0000 2017,AmazonHelp,i returned item on order order number over a week ago and still haven't received my refund.
103210,@AmazonHelp Tracking status says delivery attempted but nobody buzzed or knocked. Order #583-3717833-7953239.,We understand your concern regarding order #583-3717833-7953239. Please drop us a DM with your tracking link and postal code so we can check with the carrier.,Fri Oct 06 23:13:00 +0000 2017,AmazonHelp,tracking status says delivery attempted but nobody buzzed or knocked. order order number .
103212,@AmazonHelp Ordered express next-day delivery on #402-6083766-5228949 and it still hasn't shipped!,So sorry for the delay on #402-6083766-5228949! Please DM us your order details and we will check the transit status directly for you.,Thu Oct 19 14:52:00 +0000 2017,AmazonHelp,ordered express next-day delivery on order number and it still hasn't shipped!
103214,@AmazonHelp Tracking status says delivery attempted but nobody buzzed or knocked. Order #139-7338932-3378394.,So sorry for the delay on #139-7338932-3378394! Please DM us your order details and we will check the transit status directly for you.,Sun Oct 15 17:32:00 +0000 2017,AmazonHelp,tracking status says delivery attempted but nobody buzzed or knocked. order order number .
103216,@AmazonHelp Getting 'An unexpected error occurred' whenever I try to add items to my shopping cart.,We're sorry for the app crash. Please ensure you are running the latest app update. DM us if you need further technical troubleshooting.,Mon Oct 02 17:07:00 +0000 2017,AmazonHelp,getting 'an unexpected error occurred' whenever i try to add items to my shopping cart.
103218,"@AmazonHelp Two-factor authentication is failing, says invalid token even though it's correct.","Hi there, please ensure SMS isn't blocked by your carrier, or try clearing browser cache. If the issue persists, send us a DM.",Mon Oct 09 03:29:00 +0000 2017,AmazonHelp,"two-factor authentication is failing, says invalid token even though it's correct."
103220,@AmazonHelp Can I use Amazon gift cards to purchase digital books on Kindle?,"Hi there! Yes, Amazon gift cards can be applied to Kindle digital purchases. Check out amzn.to/giftcard-faq for more information.",Tue Oct 17 04:47:00 +0000 2017,AmazonHelp,can i use amazon gift cards to purchase digital books on kindle?
103222,@AmazonHelp My tracking says delivered but I have not received anything for order #818-1945506-1055772!,"Hi there, we're sorry to hear your order #818-1945506-1055772 is delayed! Please send us a DM at amzn.to/help with your details so we can investigate.",Sun Oct 22 20:53:00 +0000 2017,AmazonHelp,my tracking says delivered but i have not received anything for order order number !
103224,"@AmazonHelp If my issue is not resolved today, I will be taking legal action with my attorney. Order #755-3402268-8773126.",We hear your frustration and apologize for the breakdown in communication. Please DM us your order #755-3402268-8773126 so we can urgently review this with our leadership team.,Sun Oct 15 23:37:00 +0000 2017,AmazonHelp,"if my issue is not resolved today, i will be taking legal action with my attorney. order order number ."
103226,"@AmazonHelp Every time I try to log in, it loops back to the login screen without an error message.","Hi! For your security, please don't share passwords publicly. Please visit amzn.to/account-recovery or DM us to begin identity verification.",Mon Oct 16 06:56:00 +0000 2017,AmazonHelp,"every time i try to log in, it loops back to the login screen without an error message."
103228,@AmazonHelp How long does it take for a refund to process to my original payment method for return #186-8526706-2116693?,"Hello! Once an item is received at our fulfillment center, refunds usually take 3-5 business days. Please DM us your order #186-8526706-2116693 to check status.",Sat Oct 21 18:36:00 +0000 2017,AmazonHelp,how long does it take for a refund to process to my original payment method for return order number ?
103230,@AmazonHelp Need a refund for #582-4864146-7142499. Sent back via drop-off locker 5 days ago.,Hi! We want to help get this sorted. Please send us a direct message with order #582-4864146-7142499 and return tracking number so we can verify with our billing team.,Sun Oct 22 08:49:00 +0000 2017,AmazonHelp,need a refund for order number . sent back via drop-off locker 5 days ago.
103232,@AmazonHelp Return status says received at warehouse but refund not initiated for #407-8708498-4346027. Please help.,We're sorry for the delay in your refund! Please reach out to us in DM with order #407-8708498-4346027 and your email address so we can review the return.,Tue Oct 24 14:40:00 +0000 2017,AmazonHelp,return status says received at warehouse but refund not initiated for order number . please help.
103234,@AmazonHelp Carrier marked order #299-3093993-9889427 as delivered at front door but there is no package anywhere.,"Hello! We apologize for the delivery issue with #299-3093993-9889427. Please check around your porch/neighbors, and if still missing, DM us your account email.",Tue Oct 03 01:54:00 +0000 2017,AmazonHelp,carrier marked order order number as delivered at front door but there is no package anywhere.
103236,@AmazonHelp Locked out of my account. The OTP verification code is not being sent to my phone.,"Hello! If you suspect unauthorized access, please visit amzn.to/security immediately. You can also DM us your associated phone or email.",Thu Oct 26 15:03:00 +0000 2017,AmazonHelp,locked out of my account. the otp verification code is not being sent to my phone.
103238,@AmazonHelp Ordered express next-day delivery on #800-2050167-6259001 and it still hasn't shipped!,"Hello! We apologize for the delivery issue with #800-2050167-6259001. Please check around your porch/neighbors, and if still missing, DM us your account email.",Wed Oct 11 16:20:00 +0000 2017,AmazonHelp,ordered express next-day delivery on order number and it still hasn't shipped!
103240,@AmazonHelp What is the return window for holiday purchases made in November?,"Hi there! Yes, Amazon gift cards can be applied to Kindle digital purchases. Check out amzn.to/giftcard-faq for more information.",Wed Oct 18 17:44:00 +0000 2017,AmazonHelp,what is the return window for holiday purchases made in november?
103242,@AmazonHelp Carrier marked order #590-8427157-7356885 as delivered at front door but there is no package anywhere.,"Hello! We apologize for the delivery issue with #590-8427157-7356885. Please check around your porch/neighbors, and if still missing, DM us your account email.",Thu Oct 19 09:36:00 +0000 2017,AmazonHelp,carrier marked order order number as delivered at front door but there is no package anywhere.
103244,@AmazonHelp I was charged $176.50 twice for order #689-5310948-7309417. Please check your billing system.,Hi! We'd be glad to look into this charge for you. Please send us a DM with the date and amount so we can locate the transaction securely.,Tue Oct 03 13:41:00 +0000 2017,AmazonHelp,i was charged currency amount twice for order order number . please check your billing system.
103246,@AmazonHelp Why was my credit card charged $162.00 when my order total was only $22.00?,Hi! We'd be glad to look into this charge for you. Please send us a DM with the date and amount so we can locate the transaction securely.,Thu Oct 05 05:50:00 +0000 2017,AmazonHelp,why was my credit card charged currency amount when my order total was only currency amount ?
103248,@AmazonHelp Can you explain the invoice breakdown for #779-9758834-5873938? There's an extra charge of $246.99.,We apologize for the billing confusion. Please reach out via DM with the last 4 digits of the card and transaction date so we can inspect.,Sun Oct 22 05:04:00 +0000 2017,AmazonHelp,can you explain the invoice breakdown for order number ? there's an extra charge of currency amount .
103250,@AmazonHelp Please cancel my order #274-7223260-9225504 and process a full refund immediately.,"Hello! Once an item is received at our fulfillment center, refunds usually take 3-5 business days. Please DM us your order #274-7223260-9225504 to check status.",Sat Oct 07 21:42:00 +0000 2017,AmazonHelp,please cancel my order order number and process a full refund immediately.
103252,"@AmazonHelp Help! Account locked due to too many failed attempts, how do I unlock it?","Hi! For your security, please don't share passwords publicly. Please visit amzn.to/account-recovery or DM us to begin identity verification.",Mon Oct 02 00:43:00 +0000 2017,AmazonHelp,"help! account locked due to too many failed attempts, how do i unlock it?"
103254,"@AmazonHelp Wishlist won't let me remove deleted items, says 'Failed to update wishlist'.",We're sorry for the app crash. Please ensure you are running the latest app update. DM us if you need further technical troubleshooting.,Sun Oct 08 15:38:00 +0000 2017,AmazonHelp,"wishlist won't let me remove deleted items, says 'failed to update wishlist'."
103256,@AmazonHelp Amazon customer service never disappoints. Replaced my broken item with no hassle. Thanks!,Hearing this makes our day! Thank you for your feedback and support. We're always here to help!,Wed Oct 25 18:52:00 +0000 2017,AmazonHelp,amazon customer service never disappoints. replaced my broken item with no hassle. thanks!
103258,@AmazonHelp Your iOS app keeps crashing every time I tap the checkout button. Version 18.2.,"Hi! Thanks for bringing this to our attention. Have you tried reinstalling the app or clearing your cache? If so, please DM us your device OS version.",Fri Oct 27 10:43:00 +0000 2017,AmazonHelp,your ios app keeps crashing every time i tap the checkout button. version 18.2.
103260,@AmazonHelp Are recyclable packaging options available for fragile items?,"Hello! Our standard return policy is 30 days, but extended holiday return windows often apply. Let us know if you have a specific item in mind!",Tue Oct 10 19:54:00 +0000 2017,AmazonHelp,are recyclable packaging options available for fragile items?
103262,@AmazonHelp How can I change my primary delivery address before placing an order?,Hello! Most electronics purchased from authorized sellers include standard warranty. Please DM us the product ASIN to check details.,Thu Oct 19 07:59:00 +0000 2017,AmazonHelp,how can i change my primary delivery address before placing an order?
103264,@AmazonHelp Search bar on the website is completely unresponsive on Chrome desktop.,We're sorry for the app crash. Please ensure you are running the latest app update. DM us if you need further technical troubleshooting.,Sat Oct 07 11:49:00 +0000 2017,AmazonHelp,search bar on the website is completely unresponsive on chrome desktop.
103266,@AmazonHelp How can I change my primary delivery address before placing an order?,Hi! You can check international shipping options and estimated import duties at checkout or by visiting amzn.to/shipping-rates.,Tue Oct 24 05:38:00 +0000 2017,AmazonHelp,how can i change my primary delivery address before placing an order?
103268,@AmazonHelp Tracking status says delivery attempted but nobody buzzed or knocked. Order #435-2023352-3275477.,"Hi there, we're sorry to hear your order #435-2023352-3275477 is delayed! Please send us a DM at amzn.to/help with your details so we can investigate.",Wed Oct 25 12:56:00 +0000 2017,AmazonHelp,tracking status says delivery attempted but nobody buzzed or knocked. order order number .
103270,@AmazonHelp Tracking status says delivery attempted but nobody buzzed or knocked. Order #875-7745396-3346476.,"Hello! We apologize for the delivery issue with #875-7745396-3346476. Please check around your porch/neighbors, and if still missing, DM us your account email.",Tue Oct 17 10:50:00 +0000 2017,AmazonHelp,tracking status says delivery attempted but nobody buzzed or knocked. order order number .
103272,@AmazonHelp The video streaming player on Prime Video keeps stuttering and buffering on my Smart TV.,"Hello! Please try accessing the site in an incognito window or restarting your device. If the bug persists, DM us your app version and device model.",Thu Oct 12 14:03:00 +0000 2017,AmazonHelp,the video streaming player on prime video keeps stuttering and buffering on my smart tv.
103274,@AmazonHelp Payment declined on my card even though there are sufficient funds available.,Hi! We'd be glad to look into this charge for you. Please send us a DM with the date and amount so we can locate the transaction securely.,Wed Oct 18 15:53:00 +0000 2017,AmazonHelp,payment declined on my card even though there are sufficient funds available.
103276,@AmazonHelp Can someone check on order #795-1714496-3248548? It's a birthday gift and now it's late.,"Hi there, we're sorry to hear your order #795-1714496-3248548 is delayed! Please send us a DM at amzn.to/help with your details so we can investigate.",Sun Oct 08 14:02:00 +0000 2017,AmazonHelp,can someone check on order order number ? it's a birthday gift and now it's late.
103278,@AmazonHelp Just noticed an unauthorized charge of $16.99 for Prime membership that I never authorized.,"Sorry for the unexpected charge! If you did not intend to renew Prime, please DM us your email and we can help reverse eligible fees.",Thu Oct 12 23:25:00 +0000 2017,AmazonHelp,just noticed an unauthorized charge of currency amount for prime membership that i never authorized.
103280,@AmazonHelp Carrier marked order #821-7915713-2284185 as delivered at front door but there is no package anywhere.,We understand your concern regarding order #821-7915713-2284185. Please drop us a DM with your tracking link and postal code so we can check with the carrier.,Sun Oct 15 00:16:00 +0000 2017,AmazonHelp,carrier marked order order number as delivered at front door but there is no package anywhere.
103282,@AmazonHelp Does this product come with a power adapter or do I need to buy it separately?,Hello! Most electronics purchased from authorized sellers include standard warranty. Please DM us the product ASIN to check details.,Fri Oct 13 09:26:00 +0000 2017,AmazonHelp,does this product come with a power adapter or do i need to buy it separately?
103284,"@AmazonHelp Help! Account locked due to too many failed attempts, how do I unlock it?","Hi! For your security, please don't share passwords publicly. Please visit amzn.to/account-recovery or DM us to begin identity verification.",Fri Oct 27 17:27:00 +0000 2017,AmazonHelp,"help! account locked due to too many failed attempts, how do i unlock it?"
103286,@AmazonHelp You guys billed me twice on the same day for order #913-4546948-1362517. Please fix this duplicate charge.,"Sorry for the unexpected charge! If you did not intend to renew Prime, please DM us your email and we can help reverse eligible fees.",Sat Oct 28 23:49:00 +0000 2017,AmazonHelp,you guys billed me twice on the same day for order order number . please fix this duplicate charge.
103288,@AmazonHelp Amazon customer service never disappoints. Replaced my broken item with no hassle. Thanks!,You're very welcome! We're so glad everything was resolved smoothly. Thank you for being a valued customer!,Thu Oct 12 04:01:00 +0000 2017,AmazonHelp,amazon customer service never disappoints. replaced my broken item with no hassle. thanks!
103290,"@AmazonHelp Every time I try to log in, it loops back to the login screen without an error message.","Hi! For your security, please don't share passwords publicly. Please visit amzn.to/account-recovery or DM us to begin identity verification.",Fri Oct 06 04:25:00 +0000 2017,AmazonHelp,"every time i try to log in, it loops back to the login screen without an error message."
103292,@AmazonHelp Does this product come with a power adapter or do I need to buy it separately?,Hello! Most electronics purchased from authorized sellers include standard warranty. Please DM us the product ASIN to check details.,Sun Oct 22 18:15:00 +0000 2017,AmazonHelp,does this product come with a power adapter or do i need to buy it separately?
103294,@AmazonHelp You guys billed me twice on the same day for order #467-9589419-4732002. Please fix this duplicate charge.,"Sorry for the unexpected charge! If you did not intend to renew Prime, please DM us your email and we can help reverse eligible fees.",Thu Oct 12 19:15:00 +0000 2017,AmazonHelp,you guys billed me twice on the same day for order order number . please fix this duplicate charge.
103296,@AmazonHelp shipment #108-1208983-2891078 is delayed by 3 days already. Any update on when it will arrive?,"Hello! We apologize for the delivery issue with #108-1208983-2891078. Please check around your porch/neighbors, and if still missing, DM us your account email.",Sat Oct 07 10:33:00 +0000 2017,AmazonHelp,shipment order number is delayed by 3 days already. any update on when it will arrive?
103298,@AmazonHelp I returned item on order #270-1663022-5395061 over a week ago and still haven't received my refund.,Hi! We want to help get this sorted. Please send us a direct message with order #270-1663022-5395061 and return tracking number so we can verify with our billing team.,Sun Oct 22 09:27:00 +0000 2017,AmazonHelp,i returned item on order order number over a week ago and still haven't received my refund.
103300,@AmazonHelp Package #876-5689206-2112073 has been stuck in transit in transit hub for over 48 hours. What gives?,"Hi there, we're sorry to hear your order #876-5689206-2112073 is delayed! Please send us a DM at amzn.to/help with your details so we can investigate.",Wed Oct 11 03:57:00 +0000 2017,AmazonHelp,package order number has been stuck in transit in transit hub for over 48 hours. what gives?
103302,@AmazonHelp I was told my refund of $30.50 for order #899-5029854-2263045 would be in my account in 3-5 days. It's been 10 days.,We're sorry for the delay in your refund! Please reach out to us in DM with order #899-5029854-2263045 and your email address so we can review the return.,Fri Oct 13 23:37:00 +0000 2017,AmazonHelp,i was told my refund of currency amount for order order number would be in my account in 3-5 days. it's been 10 days.
103304,@AmazonHelp Incredible customer support experience today. Truly appreciate how fast my issue was handled.,"We're thrilled to hear Sarah was able to help! Thank you for choosing us, and please don't hesitate to reach out if you ever need anything else.",Wed Oct 04 22:21:00 +0000 2017,AmazonHelp,incredible customer support experience today. truly appreciate how fast my issue was handled.
103306,@AmazonHelp Are recyclable packaging options available for fragile items?,Hi! You can check international shipping options and estimated import duties at checkout or by visiting amzn.to/shipping-rates.,Wed Oct 25 15:49:00 +0000 2017,AmazonHelp,are recyclable packaging options available for fragile items?
103308,"@AmazonHelp Where is my package? Order #297-6125083-7418491 was supposed to arrive 2 days ago, still nothing!",So sorry for the delay on #297-6125083-7418491! Please DM us your order details and we will check the transit status directly for you.,Sun Oct 08 04:06:00 +0000 2017,AmazonHelp,"where is my package? order order number was supposed to arrive 2 days ago, still nothing!"
103310,@AmazonHelp Charged for an item I sent back last Monday. When will my refund of $53.00 arrive?,Apologies for the inconvenience! Please DM us your account details so we can check on return #811-3849362-1941043 and expedite your refund.,Sat Oct 07 13:03:00 +0000 2017,AmazonHelp,charged for an item i sent back last monday. when will my refund of currency amount arrive?
103312,@AmazonHelp Payment declined on my card even though there are sufficient funds available.,Hi! We'd be glad to look into this charge for you. Please send us a DM with the date and amount so we can locate the transaction securely.,Thu Oct 05 17:38:00 +0000 2017,AmazonHelp,payment declined on my card even though there are sufficient funds available.
103314,@AmazonHelp Carrier marked order #441-1206766-1436154 as delivered at front door but there is no package anywhere.,"Hi there, we're sorry to hear your order #441-1206766-1436154 is delayed! Please send us a DM at amzn.to/help with your details so we can investigate.",Sat Oct 21 22:08:00 +0000 2017,AmazonHelp,carrier marked order order number as delivered at front door but there is no package anywhere.
103316,@AmazonHelp Tracking status says delivery attempted but nobody buzzed or knocked. Order #211-4425804-7386662.,So sorry for the delay on #211-4425804-7386662! Please DM us your order details and we will check the transit status directly for you.,Mon Oct 09 19:46:00 +0000 2017,AmazonHelp,tracking status says delivery attempted but nobody buzzed or knocked. order order number .
103318,@AmazonHelp Can someone check on order #943-5259497-6305179? It's a birthday gift and now it's late.,"Hi there, we're sorry to hear your order #943-5259497-6305179 is delayed! Please send us a DM at amzn.to/help with your details so we can investigate.",Sun Oct 08 23:37:00 +0000 2017,AmazonHelp,can someone check on order order number ? it's a birthday gift and now it's late.
103320,@AmazonHelp Do you ship internationally to Germany and what are the customs fees?,Hello! Most electronics purchased from authorized sellers include standard warranty. Please DM us the product ASIN to check details.,Wed Oct 11 15:24:00 +0000 2017,AmazonHelp,do you ship internationally to germany and what are the customs fees?
103322,@AmazonHelp I was told my refund of $107.49 for order #905-3210308-4081423 would be in my account in 3-5 days. It's been 10 days.,Hi! We want to help get this sorted. Please send us a direct message with order #905-3210308-4081423 and return tracking number so we can verify with our billing team.,Wed Oct 11 03:29:00 +0000 2017,AmazonHelp,i was told my refund of currency amount for order order number would be in my account in 3-5 days. it's been 10 days.
103324,@AmazonHelp I was told my refund of $164.99 for order #184-3380956-1285508 would be in my account in 3-5 days. It's been 10 days.,Apologies for the inconvenience! Please DM us your account details so we can check on return #184-3380956-1285508 and expedite your refund.,Mon Oct 02 09:42:00 +0000 2017,AmazonHelp,i was told my refund of currency amount for order order number would be in my account in 3-5 days. it's been 10 days.
103326,@AmazonHelp Just noticed an unauthorized charge of $39.49 for Prime membership that I never authorized.,"Sorry for the unexpected charge! If you did not intend to renew Prime, please DM us your email and we can help reverse eligible fees.",Sun Oct 15 00:48:00 +0000 2017,AmazonHelp,just noticed an unauthorized charge of currency amount for prime membership that i never authorized.
103328,@AmazonHelp Tracking status says delivery attempted but nobody buzzed or knocked. Order #793-3247082-5535693.,"Hi there, we're sorry to hear your order #793-3247082-5535693 is delayed! Please send us a DM at amzn.to/help with your details so we can investigate.",Fri Oct 06 04:32:00 +0000 2017,AmazonHelp,tracking status says delivery attempted but nobody buzzed or knocked. order order number .
103330,"@AmazonHelp Charged $58.50 annual subscription fee by mistake, please reverse this charge.",We apologize for the billing confusion. Please reach out via DM with the last 4 digits of the card and transaction date so we can inspect.,Thu Oct 26 16:19:00 +0000 2017,AmazonHelp,"charged currency amount annual subscription fee by mistake, please reverse this charge."
103332,@AmazonHelp Getting 'An unexpected error occurred' whenever I try to add items to my shopping cart.,"Hello! Please try accessing the site in an incognito window or restarting your device. If the bug persists, DM us your app version and device model.",Fri Oct 13 03:42:00 +0000 2017,AmazonHelp,getting 'an unexpected error occurred' whenever i try to add items to my shopping cart.
103334,@AmazonHelp Unable to sign in to my account from my new laptop. Says suspicious activity detected.,We're sorry you're having trouble accessing your account. Please send us a DM so we can securely guide you through the two-step verification reset.,Sat Oct 21 06:32:00 +0000 2017,AmazonHelp,unable to sign in to my account from my new laptop. says suspicious activity detected.
103336,@AmazonHelp Package #513-9876598-4382286 has been stuck in transit in transit hub for over 48 hours. What gives?,We understand your concern regarding order #513-9876598-4382286. Please drop us a DM with your tracking link and postal code so we can check with the carrier.,Sat Oct 21 06:23:00 +0000 2017,AmazonHelp,package order number has been stuck in transit in transit hub for over 48 hours. what gives?
103338,@AmazonHelp Unable to sign in to my account from my new laptop. Says suspicious activity detected.,"Hi there, please ensure SMS isn't blocked by your carrier, or try clearing browser cache. If the issue persists, send us a DM.",Sun Oct 08 02:42:00 +0000 2017,AmazonHelp,unable to sign in to my account from my new laptop. says suspicious activity detected.
103340,"@AmazonHelp Where is my package? Order #270-4343730-9248819 was supposed to arrive this morning, still nothing!","Hello! We apologize for the delivery issue with #270-4343730-9248819. Please check around your porch/neighbors, and if still missing, DM us your account email.",Wed Oct 11 06:55:00 +0000 2017,AmazonHelp,"where is my package? order order number was supposed to arrive this morning, still nothing!"
103342,@AmazonHelp Carrier marked order #118-9707327-7323389 as delivered at front door but there is no package anywhere.,"Hi there, we're sorry to hear your order #118-9707327-7323389 is delayed! Please send us a DM at amzn.to/help with your details so we can investigate.",Sun Oct 01 14:17:00 +0000 2017,AmazonHelp,carrier marked order order number as delivered at front door but there is no package anywhere.
103344,@AmazonHelp I forgot my password and the password reset link is never arriving in my inbox.,"Hi there, please ensure SMS isn't blocked by your carrier, or try clearing browser cache. If the issue persists, send us a DM.",Sun Oct 08 07:20:00 +0000 2017,AmazonHelp,i forgot my password and the password reset link is never arriving in my inbox.
103346,"@AmazonHelp Where is my package? Order #606-4381305-8662931 was supposed to arrive on Friday, still nothing!",We understand your concern regarding order #606-4381305-8662931. Please drop us a DM with your tracking link and postal code so we can check with the carrier.,Thu Oct 26 02:28:00 +0000 2017,AmazonHelp,"where is my package? order order number was supposed to arrive on friday, still nothing!"
103348,@AmazonHelp WORST CUSTOMER SERVICE EVER! Representative hung up on me after waiting 45 minutes on hold!,We hear your frustration and apologize for the breakdown in communication. Please DM us your order #987-8134635-9053548 so we can urgently review this with our leadership team.,Wed Oct 11 08:21:00 +0000 2017,AmazonHelp,worst customer service ever! representative hung up on me after waiting 45 minutes on hold!
103350,@AmazonHelp Please cancel my order #199-5098984-8477088 and process a full refund immediately.,Hi! We want to help get this sorted. Please send us a direct message with order #199-5098984-8477088 and return tracking number so we can verify with our billing team.,Fri Oct 13 04:03:00 +0000 2017,AmazonHelp,please cancel my order order number and process a full refund immediately.
103352,@AmazonHelp I forgot my password and the password reset link is never arriving in my inbox.,"Hello! If you suspect unauthorized access, please visit amzn.to/security immediately. You can also DM us your associated phone or email.",Mon Oct 16 02:50:00 +0000 2017,AmazonHelp,i forgot my password and the password reset link is never arriving in my inbox.
103354,@AmazonHelp How long does it take for a refund to process to my original payment method for return #520-1502835-8490652?,Apologies for the inconvenience! Please DM us your account details so we can check on return #520-1502835-8490652 and expedite your refund.,Sat Oct 21 11:22:00 +0000 2017,AmazonHelp,how long does it take for a refund to process to my original payment method for return order number ?
103356,@AmazonHelp Website gives error 500 internal server error when trying to view my order history.,We apologize for the technical glitch! Our technical team is monitoring site stability. Please send us a DM with a screenshot if the error continues.,Wed Oct 11 12:02:00 +0000 2017,AmazonHelp,website gives error 500 internal server error when trying to view my order history.
103358,@AmazonHelp Lost access to my old phone number and now 2FA won't let me log into my account.,"Hi! For your security, please don't share passwords publicly. Please visit amzn.to/account-recovery or DM us to begin identity verification.",Fri Oct 13 07:16:00 +0000 2017,AmazonHelp,lost access to my old phone number and now 2fa won't let me log into my account.
103360,"@AmazonHelp If my issue is not resolved today, I will be taking legal action with my attorney. Order #578-4815164-7014816.",We hear your frustration and apologize for the breakdown in communication. Please DM us your order #578-4815164-7014816 so we can urgently review this with our leadership team.,Mon Oct 02 04:01:00 +0000 2017,AmazonHelp,"if my issue is not resolved today, i will be taking legal action with my attorney. order order number ."
103362,@AmazonHelp Please cancel my order #263-2588823-3340240 and process a full refund immediately.,We're sorry for the delay in your refund! Please reach out to us in DM with order #263-2588823-3340240 and your email address so we can review the return.,Mon Oct 16 06:35:00 +0000 2017,AmazonHelp,please cancel my order order number and process a full refund immediately.
103364,@AmazonHelp Why was my credit card charged $241.00 when my order total was only $6.99?,"Hello, duplicate charges are often pending authorizations that drop off in 2-3 business days. Please DM us your order #393-7670331-2919686 to confirm.",Fri Oct 13 09:55:00 +0000 2017,AmazonHelp,why was my credit card charged currency amount when my order total was only currency amount ?
103366,@AmazonHelp Please cancel my order #155-2430308-3143907 and process a full refund immediately.,"Hello! Once an item is received at our fulfillment center, refunds usually take 3-5 business days. Please DM us your order #155-2430308-3143907 to check status.",Mon Oct 09 09:00:00 +0000 2017,AmazonHelp,please cancel my order order number and process a full refund immediately.
103368,@AmazonHelp Amazon customer service never disappoints. Replaced my broken item with no hassle. Thanks!,Thank you so much for the kind words! We love hearing this and will pass your compliments along to the team. Have a wonderful day!,Fri Oct 20 22:01:00 +0000 2017,AmazonHelp,amazon customer service never disappoints. replaced my broken item with no hassle. thanks!
103370,@AmazonHelp Checkout page freezes when selecting saved shipping address.,We're sorry for the app crash. Please ensure you are running the latest app update. DM us if you need further technical troubleshooting.,Sun Oct 15 00:31:00 +0000 2017,AmazonHelp,checkout page freezes when selecting saved shipping address.
103372,@AmazonHelp What is the return window for holiday purchases made in November?,"Hi there! Yes, Amazon gift cards can be applied to Kindle digital purchases. Check out amzn.to/giftcard-faq for more information.",Sun Oct 08 03:39:00 +0000 2017,AmazonHelp,what is the return window for holiday purchases made in november?
103374,@AmazonHelp Ordered express next-day delivery on #671-8077565-2393753 and it still hasn't shipped!,"Hi there, we're sorry to hear your order #671-8077565-2393753 is delayed! Please send us a DM at amzn.to/help with your details so we can investigate.",Sat Oct 07 02:52:00 +0000 2017,AmazonHelp,ordered express next-day delivery on order number and it still hasn't shipped!
103376,"@AmazonHelp Charged $15.50 annual subscription fee by mistake, please reverse this charge.","Hello, duplicate charges are often pending authorizations that drop off in 2-3 business days. Please DM us your order #287-7614267-8601139 to confirm.",Sat Oct 07 07:02:00 +0000 2017,AmazonHelp,"charged currency amount annual subscription fee by mistake, please reverse this charge."
103378,@AmazonHelp Your support team went above and beyond today. Thank you for the courteous and prompt help!,Hearing this makes our day! Thank you for your feedback and support. We're always here to help!,Thu Oct 05 00:57:00 +0000 2017,AmazonHelp,your support team went above and beyond today. thank you for the courteous and prompt help!
103380,@AmazonHelp Package #161-4484518-7066735 has been stuck in transit in transit hub for over 48 hours. What gives?,So sorry for the delay on #161-4484518-7066735! Please DM us your order details and we will check the transit status directly for you.,Sun Oct 08 00:01:00 +0000 2017,AmazonHelp,package order number has been stuck in transit in transit hub for over 48 hours. what gives?
103382,@AmazonHelp shipment #984-5561309-4514405 is delayed by 3 days already. Any update on when it will arrive?,"Hi there, we're sorry to hear your order #984-5561309-4514405 is delayed! Please send us a DM at amzn.to/help with your details so we can investigate.",Thu Oct 05 07:54:00 +0000 2017,AmazonHelp,shipment order number is delayed by 3 days already. any update on when it will arrive?
103384,"@AmazonHelp Wishlist won't let me remove deleted items, says 'Failed to update wishlist'.","Hello! Please try accessing the site in an incognito window or restarting your device. If the bug persists, DM us your app version and device model.",Sat Oct 14 06:11:00 +0000 2017,AmazonHelp,"wishlist won't let me remove deleted items, says 'failed to update wishlist'."
103386,@AmazonHelp Is the manufacturer warranty valid if I buy an electronic item through third party sellers?,Hello! Most electronics purchased from authorized sellers include standard warranty. Please DM us the product ASIN to check details.,Thu Oct 12 17:04:00 +0000 2017,AmazonHelp,is the manufacturer warranty valid if i buy an electronic item through third party sellers?
103388,@AmazonHelp Can I use Amazon gift cards to purchase digital books on Kindle?,Hi! You can check international shipping options and estimated import duties at checkout or by visiting amzn.to/shipping-rates.,Tue Oct 24 21:31:00 +0000 2017,AmazonHelp,can i use amazon gift cards to purchase digital books on kindle?
103390,@AmazonHelp Just noticed an unauthorized charge of $118.99 for Prime membership that I never authorized.,Hi! We'd be glad to look into this charge for you. Please send us a DM with the date and amount so we can locate the transaction securely.,Mon Oct 09 15:31:00 +0000 2017,AmazonHelp,just noticed an unauthorized charge of currency amount for prime membership that i never authorized.
103392,"@AmazonHelp Where is my package? Order #999-7225520-6217749 was supposed to arrive 2 days ago, still nothing!","Hi there, we're sorry to hear your order #999-7225520-6217749 is delayed! Please send us a DM at amzn.to/help with your details so we can investigate.",Thu Oct 19 15:30:00 +0000 2017,AmazonHelp,"where is my package? order order number was supposed to arrive 2 days ago, still nothing!"
103394,@AmazonHelp Charged for an item I sent back last Monday. When will my refund of $16.49 arrive?,"Hello! Once an item is received at our fulfillment center, refunds usually take 3-5 business days. Please DM us your order #861-9856567-8111592 to check status.",Tue Oct 10 14:20:00 +0000 2017,AmazonHelp,charged for an item i sent back last monday. when will my refund of currency amount arrive?
103396,@AmazonHelp My tracking says delivered but I have not received anything for order #815-4383032-2762187!,We understand your concern regarding order #815-4383032-2762187. Please drop us a DM with your tracking link and postal code so we can check with the carrier.,Sun Oct 01 23:26:00 +0000 2017,AmazonHelp,my tracking says delivered but i have not received anything for order order number !
103398,@AmazonHelp Need a refund for #586-2959183-5038307. Sent back via drop-off locker 5 days ago.,Apologies for the inconvenience! Please DM us your account details so we can check on return #586-2959183-5038307 and expedite your refund.,Fri Oct 06 03:39:00 +0000 2017,AmazonHelp,need a refund for order number . sent back via drop-off locker 5 days ago.
103400,@AmazonHelp The video streaming player on Prime Video keeps stuttering and buffering on my Smart TV.,"Hello! Please try accessing the site in an incognito window or restarting your device. If the bug persists, DM us your app version and device model.",Fri Oct 06 20:36:00 +0000 2017,AmazonHelp,the video streaming player on prime video keeps stuttering and buffering on my smart tv.
103402,@AmazonHelp Can someone check on order #548-6716435-4748984? It's a birthday gift and now it's late.,"Hello! We apologize for the delivery issue with #548-6716435-4748984. Please check around your porch/neighbors, and if still missing, DM us your account email.",Wed Oct 25 10:15:00 +0000 2017,AmazonHelp,can someone check on order order number ? it's a birthday gift and now it's late.
103404,"@AmazonHelp Help! Account locked due to too many failed attempts, how do I unlock it?","Hi! For your security, please don't share passwords publicly. Please visit amzn.to/account-recovery or DM us to begin identity verification.",Fri Oct 06 04:33:00 +0000 2017,AmazonHelp,"help! account locked due to too many failed attempts, how do i unlock it?"
103406,@AmazonHelp Tracking status says delivery attempted but nobody buzzed or knocked. Order #806-9589694-2863415.,We understand your concern regarding order #806-9589694-2863415. Please drop us a DM with your tracking link and postal code so we can check with the carrier.,Mon Oct 23 16:40:00 +0000 2017,AmazonHelp,tracking status says delivery attempted but nobody buzzed or knocked. order order number .
103408,"@AmazonHelp My account was compromised or hacked, someone changed the email on file. Need help urgently!","Hello! If you suspect unauthorized access, please visit amzn.to/security immediately. You can also DM us your associated phone or email.",Mon Oct 02 01:19:00 +0000 2017,AmazonHelp,"my account was compromised or hacked, someone changed the email on file. need help urgently!"
103410,"@AmazonHelp Received broken item in order #460-8810164-9397018. I want my money back, not a replacement.",We're sorry for the delay in your refund! Please reach out to us in DM with order #460-8810164-9397018 and your email address so we can review the return.,Thu Oct 19 08:44:00 +0000 2017,AmazonHelp,"received broken item in order order number . i want my money back, not a replacement."
103412,@AmazonHelp Tracking status says delivery attempted but nobody buzzed or knocked. Order #944-3039130-7554909.,We understand your concern regarding order #944-3039130-7554909. Please drop us a DM with your tracking link and postal code so we can check with the carrier.,Sun Oct 22 02:58:00 +0000 2017,AmazonHelp,tracking status says delivery attempted but nobody buzzed or knocked. order order number .
103414,@AmazonHelp Charged for an item I sent back last Monday. When will my refund of $220.50 arrive?,"Hello! Once an item is received at our fulfillment center, refunds usually take 3-5 business days. Please DM us your order #583-1334254-7525222 to check status.",Fri Oct 27 16:25:00 +0000 2017,AmazonHelp,charged for an item i sent back last monday. when will my refund of currency amount arrive?
103416,@AmazonHelp Can you explain the invoice breakdown for #998-3382994-2500599? There's an extra charge of $97.00.,"Hello, duplicate charges are often pending authorizations that drop off in 2-3 business days. Please DM us your order #998-3382994-2500599 to confirm.",Wed Oct 04 16:25:00 +0000 2017,AmazonHelp,can you explain the invoice breakdown for order number ? there's an extra charge of currency amount .
103418,@AmazonHelp Unable to sign in to my account from my new laptop. Says suspicious activity detected.,We're sorry you're having trouble accessing your account. Please send us a DM so we can securely guide you through the two-step verification reset.,Fri Oct 06 11:54:00 +0000 2017,AmazonHelp,unable to sign in to my account from my new laptop. says suspicious activity detected.
103420,@AmazonHelp Locked out of my account. The OTP verification code is not being sent to my phone.,"Hi! For your security, please don't share passwords publicly. Please visit amzn.to/account-recovery or DM us to begin identity verification.",Fri Oct 06 06:02:00 +0000 2017,AmazonHelp,locked out of my account. the otp verification code is not being sent to my phone.
103422,@AmazonHelp Payment declined on my card even though there are sufficient funds available.,Hi! We'd be glad to look into this charge for you. Please send us a DM with the date and amount so we can locate the transaction securely.,Mon Oct 23 01:13:00 +0000 2017,AmazonHelp,payment declined on my card even though there are sufficient funds available.
103424,@AmazonHelp Getting 'An unexpected error occurred' whenever I try to add items to my shopping cart.,"Hi! Thanks for bringing this to our attention. Have you tried reinstalling the app or clearing your cache? If so, please DM us your device OS version.",Sun Oct 01 12:26:00 +0000 2017,AmazonHelp,getting 'an unexpected error occurred' whenever i try to add items to my shopping cart.
103426,@AmazonHelp Tracking status says delivery attempted but nobody buzzed or knocked. Order #221-5632814-9366276.,"Hi there, we're sorry to hear your order #221-5632814-9366276 is delayed! Please send us a DM at amzn.to/help with your details so we can investigate.",Sun Oct 22 21:04:00 +0000 2017,AmazonHelp,tracking status says delivery attempted but nobody buzzed or knocked. order order number .
103428,@AmazonHelp I forgot my password and the password reset link is never arriving in my inbox.,We're sorry you're having trouble accessing your account. Please send us a DM so we can securely guide you through the two-step verification reset.,Sat Oct 28 07:56:00 +0000 2017,AmazonHelp,i forgot my password and the password reset link is never arriving in my inbox.
103430,@AmazonHelp Your iOS app keeps crashing every time I tap the checkout button. Version 18.2.,We're sorry for the app crash. Please ensure you are running the latest app update. DM us if you need further technical troubleshooting.,Wed Oct 11 17:03:00 +0000 2017,AmazonHelp,your ios app keeps crashing every time i tap the checkout button. version 18.2.
103432,@AmazonHelp Can someone check on order #402-5911006-8300298? It's a birthday gift and now it's late.,So sorry for the delay on #402-5911006-8300298! Please DM us your order details and we will check the transit status directly for you.,Tue Oct 03 01:04:00 +0000 2017,AmazonHelp,can someone check on order order number ? it's a birthday gift and now it's late.
103434,@AmazonHelp Ordered express next-day delivery on #204-1458294-8729138 and it still hasn't shipped!,So sorry for the delay on #204-1458294-8729138! Please DM us your order details and we will check the transit status directly for you.,Fri Oct 13 08:54:00 +0000 2017,AmazonHelp,ordered express next-day delivery on order number and it still hasn't shipped!
103436,@AmazonHelp Lost access to my old phone number and now 2FA won't let me log into my account.,"Hello! If you suspect unauthorized access, please visit amzn.to/security immediately. You can also DM us your associated phone or email.",Wed Oct 25 12:00:00 +0000 2017,AmazonHelp,lost access to my old phone number and now 2fa won't let me log into my account.
103438,@AmazonHelp Search bar on the website is completely unresponsive on Chrome desktop.,We're sorry for the app crash. Please ensure you are running the latest app update. DM us if you need further technical troubleshooting.,Sun Oct 08 17:57:00 +0000 2017,AmazonHelp,search bar on the website is completely unresponsive on chrome desktop.
103440,@AmazonHelp Package #365-7617390-9859667 has been stuck in transit in transit hub for over 48 hours. What gives?,"Hi there, we're sorry to hear your order #365-7617390-9859667 is delayed! Please send us a DM at amzn.to/help with your details so we can investigate.",Fri Oct 20 08:04:00 +0000 2017,AmazonHelp,package order number has been stuck in transit in transit hub for over 48 hours. what gives?
103442,@AmazonHelp Carrier marked order #110-8471222-7329153 as delivered at front door but there is no package anywhere.,We understand your concern regarding order #110-8471222-7329153. Please drop us a DM with your tracking link and postal code so we can check with the carrier.,Thu Oct 26 08:06:00 +0000 2017,AmazonHelp,carrier marked order order number as delivered at front door but there is no package anywhere.
103444,"@AmazonHelp Help! Account locked due to too many failed attempts, how do I unlock it?","Hi! For your security, please don't share passwords publicly. Please visit amzn.to/account-recovery or DM us to begin identity verification.",Mon Oct 02 18:00:00 +0000 2017,AmazonHelp,"help! account locked due to too many failed attempts, how do i unlock it?"
103446,"@AmazonHelp Two-factor authentication is failing, says invalid token even though it's correct.","Hello! If you suspect unauthorized access, please visit amzn.to/security immediately. You can also DM us your associated phone or email.",Tue Oct 17 03:52:00 +0000 2017,AmazonHelp,"two-factor authentication is failing, says invalid token even though it's correct."
103448,@AmazonHelp You guys billed me twice on the same day for order #954-3429177-8956852. Please fix this duplicate charge.,"Sorry for the unexpected charge! If you did not intend to renew Prime, please DM us your email and we can help reverse eligible fees.",Sun Oct 01 18:39:00 +0000 2017,AmazonHelp,you guys billed me twice on the same day for order order number . please fix this duplicate charge.
103450,@AmazonHelp Can someone check on order #771-6396710-7903721? It's a birthday gift and now it's late.,So sorry for the delay on #771-6396710-7903721! Please DM us your order details and we will check the transit status directly for you.,Mon Oct 16 19:17:00 +0000 2017,AmazonHelp,can someone check on order order number ? it's a birthday gift and now it's late.
103452,@AmazonHelp Carrier marked order #546-2291416-1463407 as delivered at front door but there is no package anywhere.,So sorry for the delay on #546-2291416-1463407! Please DM us your order details and we will check the transit status directly for you.,Sat Oct 07 07:16:00 +0000 2017,AmazonHelp,carrier marked order order number as delivered at front door but there is no package anywhere.
103454,@AmazonHelp Website gives error 500 internal server error when trying to view my order history.,We're sorry for the app crash. Please ensure you are running the latest app update. DM us if you need further technical troubleshooting.,Wed Oct 18 06:14:00 +0000 2017,AmazonHelp,website gives error 500 internal server error when trying to view my order history.
103456,@AmazonHelp You have lied to me three times about my delivery. I am reporting this fraud to the Better Business Bureau.,We hear your frustration and apologize for the breakdown in communication. Please DM us your order #536-3024875-9251367 so we can urgently review this with our leadership team.,Sat Oct 14 12:37:00 +0000 2017,AmazonHelp,you have lied to me three times about my delivery. i am reporting this fraud to the better business bureau.
103458,@AmazonHelp Do you ship internationally to Germany and what are the customs fees?,Hello! Most electronics purchased from authorized sellers include standard warranty. Please DM us the product ASIN to check details.,Mon Oct 09 12:43:00 +0000 2017,AmazonHelp,do you ship internationally to germany and what are the customs fees?
103460,@AmazonHelp Can someone check on order #284-7932491-1233441? It's a birthday gift and now it's late.,"Hi there, we're sorry to hear your order #284-7932491-1233441 is delayed! Please send us a DM at amzn.to/help with your details so we can investigate.",Fri Oct 20 14:17:00 +0000 2017,AmazonHelp,can someone check on order order number ? it's a birthday gift and now it's late.
103462,@AmazonHelp Carrier marked order #173-8559426-8793907 as delivered at front door but there is no package anywhere.,So sorry for the delay on #173-8559426-8793907! Please DM us your order details and we will check the transit status directly for you.,Tue Oct 03 03:59:00 +0000 2017,AmazonHelp,carrier marked order order number as delivered at front door but there is no package anywhere.
103464,@AmazonHelp Can you explain the invoice breakdown for #133-5885614-4326662? There's an extra charge of $68.49.,We apologize for the billing confusion. Please reach out via DM with the last 4 digits of the card and transaction date so we can inspect.,Fri Oct 27 15:52:00 +0000 2017,AmazonHelp,can you explain the invoice breakdown for order number ? there's an extra charge of currency amount .
103466,@AmazonHelp What is the return window for holiday purchases made in November?,Hi! You can check international shipping options and estimated import duties at checkout or by visiting amzn.to/shipping-rates.,Wed Oct 11 11:49:00 +0000 2017,AmazonHelp,what is the return window for holiday purchases made in november?
103468,@AmazonHelp Carrier marked order #507-6454212-5363914 as delivered at front door but there is no package anywhere.,"Hello! We apologize for the delivery issue with #507-6454212-5363914. Please check around your porch/neighbors, and if still missing, DM us your account email.",Sun Oct 22 09:39:00 +0000 2017,AmazonHelp,carrier marked order order number as delivered at front door but there is no package anywhere.
103470,@AmazonHelp Huge shoutout to Sarah from customer support who solved my lost package in 5 minutes! Amazing service!,You're very welcome! We're so glad everything was resolved smoothly. Thank you for being a valued customer!,Fri Oct 27 00:11:00 +0000 2017,AmazonHelp,huge shoutout to sarah from customer support who solved my lost package in 5 minutes! amazing service!
103472,@AmazonHelp Can someone check on order #950-8221703-8042761? It's a birthday gift and now it's late.,"Hello! We apologize for the delivery issue with #950-8221703-8042761. Please check around your porch/neighbors, and if still missing, DM us your account email.",Sun Oct 15 04:45:00 +0000 2017,AmazonHelp,can someone check on order order number ? it's a birthday gift and now it's late.
103474,@AmazonHelp 5 stars to the agent who helped me reset my account this morning. Great experience!,You're very welcome! We're so glad everything was resolved smoothly. Thank you for being a valued customer!,Sun Oct 01 12:03:00 +0000 2017,AmazonHelp,5 stars to the agent who helped me reset my account this morning. great experience!
103476,@AmazonHelp Search bar on the website is completely unresponsive on Chrome desktop.,"Hi! Thanks for bringing this to our attention. Have you tried reinstalling the app or clearing your cache? If so, please DM us your device OS version.",Mon Oct 09 20:21:00 +0000 2017,AmazonHelp,search bar on the website is completely unresponsive on chrome desktop.
103478,@AmazonHelp WORST CUSTOMER SERVICE EVER! Representative hung up on me after waiting 45 minutes on hold!,We are very sorry to hear this and take feedback like this seriously. Please send us a direct message with your account details and phone number so we can escalate to a supervisor.,Sun Oct 08 12:22:00 +0000 2017,AmazonHelp,worst customer service ever! representative hung up on me after waiting 45 minutes on hold!
103480,@AmazonHelp Huge shoutout to Sarah from customer support who solved my lost package in 5 minutes! Amazing service!,"We're thrilled to hear Sarah was able to help! Thank you for choosing us, and please don't hesitate to reach out if you ever need anything else.",Wed Oct 18 09:47:00 +0000 2017,AmazonHelp,huge shoutout to sarah from customer support who solved my lost package in 5 minutes! amazing service!
103482,@AmazonHelp Do you ship internationally to Germany and what are the customs fees?,Hello! Most electronics purchased from authorized sellers include standard warranty. Please DM us the product ASIN to check details.,Thu Oct 19 19:11:00 +0000 2017,AmazonHelp,do you ship internationally to germany and what are the customs fees?
103484,"@AmazonHelp My account was compromised or hacked, someone changed the email on file. Need help urgently!","Hello! If you suspect unauthorized access, please visit amzn.to/security immediately. You can also DM us your associated phone or email.",Thu Oct 12 14:01:00 +0000 2017,AmazonHelp,"my account was compromised or hacked, someone changed the email on file. need help urgently!"
103486,@AmazonHelp You have lied to me three times about my delivery. I am reporting this fraud to the Better Business Bureau.,We hear your frustration and apologize for the breakdown in communication. Please DM us your order #706-8159756-3218999 so we can urgently review this with our leadership team.,Fri Oct 13 16:10:00 +0000 2017,AmazonHelp,you have lied to me three times about my delivery. i am reporting this fraud to the better business bureau.
103488,@AmazonHelp shipment #693-1965230-8454637 is delayed by 3 days already. Any update on when it will arrive?,"Hi there, we're sorry to hear your order #693-1965230-8454637 is delayed! Please send us a DM at amzn.to/help with your details so we can investigate.",Sat Oct 07 20:49:00 +0000 2017,AmazonHelp,shipment order number is delayed by 3 days already. any update on when it will arrive?
103490,@AmazonHelp Incredible customer support experience today. Truly appreciate how fast my issue was handled.,Thank you so much for the kind words! We love hearing this and will pass your compliments along to the team. Have a wonderful day!,Wed Oct 18 20:22:00 +0000 2017,AmazonHelp,incredible customer support experience today. truly appreciate how fast my issue was handled.
103492,@AmazonHelp Just noticed an unauthorized charge of $159.49 for Prime membership that I never authorized.,"Hello, duplicate charges are often pending authorizations that drop off in 2-3 business days. Please DM us your order #987-5499677-2558716 to confirm.",Thu Oct 19 09:02:00 +0000 2017,AmazonHelp,just noticed an unauthorized charge of currency amount for prime membership that i never authorized.
103494,@AmazonHelp Tracking status says delivery attempted but nobody buzzed or knocked. Order #334-2675617-9080202.,We understand your concern regarding order #334-2675617-9080202. Please drop us a DM with your tracking link and postal code so we can check with the carrier.,Sun Oct 15 20:54:00 +0000 2017,AmazonHelp,tracking status says delivery attempted but nobody buzzed or knocked. order order number .
103496,"@AmazonHelp Charged $113.00 annual subscription fee by mistake, please reverse this charge.",Hi! We'd be glad to look into this charge for you. Please send us a DM with the date and amount so we can locate the transaction securely.,Wed Oct 11 18:40:00 +0000 2017,AmazonHelp,"charged currency amount annual subscription fee by mistake, please reverse this charge."
103498,"@AmazonHelp Where is my package? Order #707-3656490-9943029 was supposed to arrive this morning, still nothing!","Hello! We apologize for the delivery issue with #707-3656490-9943029. Please check around your porch/neighbors, and if still missing, DM us your account email.",Fri Oct 06 04:40:00 +0000 2017,AmazonHelp,"where is my package? order order number was supposed to arrive this morning, still nothing!"
103500,@AmazonHelp I was told my refund of $17.99 for order #335-6567769-6949632 would be in my account in 3-5 days. It's been 10 days.,"Hello! Once an item is received at our fulfillment center, refunds usually take 3-5 business days. Please DM us your order #335-6567769-6949632 to check status.",Fri Oct 06 03:46:00 +0000 2017,AmazonHelp,i was told my refund of currency amount for order order number would be in my account in 3-5 days. it's been 10 days.
103502,@AmazonHelp Package #961-1828280-9680946 has been stuck in transit in transit hub for over 48 hours. What gives?,So sorry for the delay on #961-1828280-9680946! Please DM us your order details and we will check the transit status directly for you.,Sat Oct 07 03:34:00 +0000 2017,AmazonHelp,package order number has been stuck in transit in transit hub for over 48 hours. what gives?
103504,@AmazonHelp Just noticed an unauthorized charge of $38.49 for Prime membership that I never authorized.,"Hello, duplicate charges are often pending authorizations that drop off in 2-3 business days. Please DM us your order #357-3202719-3572373 to confirm.",Sun Oct 01 17:07:00 +0000 2017,AmazonHelp,just noticed an unauthorized charge of currency amount for prime membership that i never authorized.
103506,"@AmazonHelp The mobile app is not loading product images, just showing blank white boxes.",We apologize for the technical glitch! Our technical team is monitoring site stability. Please send us a DM with a screenshot if the error continues.,Mon Oct 09 02:52:00 +0000 2017,AmazonHelp,"the mobile app is not loading product images, just showing blank white boxes."
103508,@AmazonHelp Payment declined on my card even though there are sufficient funds available.,"Sorry for the unexpected charge! If you did not intend to renew Prime, please DM us your email and we can help reverse eligible fees.",Thu Oct 26 02:00:00 +0000 2017,AmazonHelp,payment declined on my card even though there are sufficient funds available.
103510,"@AmazonHelp Received broken item in order #543-5612679-1961838. I want my money back, not a replacement.",We're sorry for the delay in your refund! Please reach out to us in DM with order #543-5612679-1961838 and your email address so we can review the return.,Sun Oct 15 23:14:00 +0000 2017,AmazonHelp,"received broken item in order order number . i want my money back, not a replacement."
103512,@AmazonHelp Checkout page freezes when selecting saved shipping address.,We apologize for the technical glitch! Our technical team is monitoring site stability. Please send us a DM with a screenshot if the error continues.,Fri Oct 27 23:26:00 +0000 2017,AmazonHelp,checkout page freezes when selecting saved shipping address.
103514,@AmazonHelp I was told my refund of $35.50 for order #321-6349954-7261796 would be in my account in 3-5 days. It's been 10 days.,Hi! We want to help get this sorted. Please send us a direct message with order #321-6349954-7261796 and return tracking number so we can verify with our billing team.,Fri Oct 06 05:06:00 +0000 2017,AmazonHelp,i was told my refund of currency amount for order order number would be in my account in 3-5 days. it's been 10 days.
103516,@AmazonHelp Tracking status says delivery attempted but nobody buzzed or knocked. Order #846-7807103-3818616.,"Hello! We apologize for the delivery issue with #846-7807103-3818616. Please check around your porch/neighbors, and if still missing, DM us your account email.",Thu Oct 12 20:12:00 +0000 2017,AmazonHelp,tracking status says delivery attempted but nobody buzzed or knocked. order order number .
103518,@AmazonHelp Why was my credit card charged $77.99 when my order total was only $7.99?,Hi! We'd be glad to look into this charge for you. Please send us a DM with the date and amount so we can locate the transaction securely.,Sun Oct 01 23:42:00 +0000 2017,AmazonHelp,why was my credit card charged currency amount when my order total was only currency amount ?
103520,"@AmazonHelp Wishlist won't let me remove deleted items, says 'Failed to update wishlist'.","Hi! Thanks for bringing this to our attention. Have you tried reinstalling the app or clearing your cache? If so, please DM us your device OS version.",Mon Oct 16 23:19:00 +0000 2017,AmazonHelp,"wishlist won't let me remove deleted items, says 'failed to update wishlist'."
103522,@AmazonHelp Huge shoutout to Sarah from customer support who solved my lost package in 5 minutes! Amazing service!,"We're thrilled to hear Sarah was able to help! Thank you for choosing us, and please don't hesitate to reach out if you ever need anything else.",Wed Oct 04 18:47:00 +0000 2017,AmazonHelp,huge shoutout to sarah from customer support who solved my lost package in 5 minutes! amazing service!
103524,@AmazonHelp Search bar on the website is completely unresponsive on Chrome desktop.,"Hello! Please try accessing the site in an incognito window or restarting your device. If the bug persists, DM us your app version and device model.",Sun Oct 22 11:28:00 +0000 2017,AmazonHelp,search bar on the website is completely unresponsive on chrome desktop.
103526,"@AmazonHelp Where is my package? Order #706-4727776-7414290 was supposed to arrive on Friday, still nothing!","Hello! We apologize for the delivery issue with #706-4727776-7414290. Please check around your porch/neighbors, and if still missing, DM us your account email.",Mon Oct 23 11:41:00 +0000 2017,AmazonHelp,"where is my package? order order number was supposed to arrive on friday, still nothing!"
103528,@AmazonHelp shipment #509-5714172-7714800 is delayed by 3 days already. Any update on when it will arrive?,So sorry for the delay on #509-5714172-7714800! Please DM us your order details and we will check the transit status directly for you.,Wed Oct 11 07:33:00 +0000 2017,AmazonHelp,shipment order number is delayed by 3 days already. any update on when it will arrive?
103530,"@AmazonHelp The mobile app is not loading product images, just showing blank white boxes.","Hello! Please try accessing the site in an incognito window or restarting your device. If the bug persists, DM us your app version and device model.",Thu Oct 05 11:27:00 +0000 2017,AmazonHelp,"the mobile app is not loading product images, just showing blank white boxes."
103532,@AmazonHelp Is the manufacturer warranty valid if I buy an electronic item through third party sellers?,Hi! You can check international shipping options and estimated import duties at checkout or by visiting amzn.to/shipping-rates.,Fri Oct 13 03:53:00 +0000 2017,AmazonHelp,is the manufacturer warranty valid if i buy an electronic item through third party sellers?
103534,@AmazonHelp Getting 'An unexpected error occurred' whenever I try to add items to my shopping cart.,"Hi! Thanks for bringing this to our attention. Have you tried reinstalling the app or clearing your cache? If so, please DM us your device OS version.",Tue Oct 10 07:47:00 +0000 2017,AmazonHelp,getting 'an unexpected error occurred' whenever i try to add items to my shopping cart.
103536,@AmazonHelp Carrier marked order #581-7515624-9780505 as delivered at front door but there is no package anywhere.,We understand your concern regarding order #581-7515624-9780505. Please drop us a DM with your tracking link and postal code so we can check with the carrier.,Sat Oct 14 16:18:00 +0000 2017,AmazonHelp,carrier marked order order number as delivered at front door but there is no package anywhere.
103538,@AmazonHelp Just noticed an unauthorized charge of $222.00 for Prime membership that I never authorized.,"Sorry for the unexpected charge! If you did not intend to renew Prime, please DM us your email and we can help reverse eligible fees.",Thu Oct 05 07:32:00 +0000 2017,AmazonHelp,just noticed an unauthorized charge of currency amount for prime membership that i never authorized.
103540,@AmazonHelp My subscription auto-renewed even though I turned off auto-renew last week!,"Sorry for the unexpected charge! If you did not intend to renew Prime, please DM us your email and we can help reverse eligible fees.",Fri Oct 13 12:13:00 +0000 2017,AmazonHelp,my subscription auto-renewed even though i turned off auto-renew last week!
103542,@AmazonHelp Tracking status says delivery attempted but nobody buzzed or knocked. Order #608-3822234-4674617.,We understand your concern regarding order #608-3822234-4674617. Please drop us a DM with your tracking link and postal code so we can check with the carrier.,Fri Oct 27 07:54:00 +0000 2017,AmazonHelp,tracking status says delivery attempted but nobody buzzed or knocked. order order number .
103544,"@AmazonHelp Where is my package? Order #995-5922802-9993698 was supposed to arrive on Friday, still nothing!",We understand your concern regarding order #995-5922802-9993698. Please drop us a DM with your tracking link and postal code so we can check with the carrier.,Sun Oct 22 15:46:00 +0000 2017,AmazonHelp,"where is my package? order order number was supposed to arrive on friday, still nothing!"
103546,@AmazonHelp Ordered express next-day delivery on #544-5466437-2060643 and it still hasn't shipped!,We understand your concern regarding order #544-5466437-2060643. Please drop us a DM with your tracking link and postal code so we can check with the carrier.,Fri Oct 13 13:39:00 +0000 2017,AmazonHelp,ordered express next-day delivery on order number and it still hasn't shipped!
103548,@AmazonHelp Carrier marked order #843-5672909-4933516 as delivered at front door but there is no package anywhere.,So sorry for the delay on #843-5672909-4933516! Please DM us your order details and we will check the transit status directly for you.,Wed Oct 04 21:50:00 +0000 2017,AmazonHelp,carrier marked order order number as delivered at front door but there is no package anywhere.
103550,@AmazonHelp My subscription auto-renewed even though I turned off auto-renew last week!,"Sorry for the unexpected charge! If you did not intend to renew Prime, please DM us your email and we can help reverse eligible fees.",Wed Oct 25 03:46:00 +0000 2017,AmazonHelp,my subscription auto-renewed even though i turned off auto-renew last week!
103552,@AmazonHelp Charged for an item I sent back last Monday. When will my refund of $201.50 arrive?,Hi! We want to help get this sorted. Please send us a direct message with order #568-1859485-7646785 and return tracking number so we can verify with our billing team.,Sun Oct 22 15:29:00 +0000 2017,AmazonHelp,charged for an item i sent back last monday. when will my refund of currency amount arrive?
103554,@AmazonHelp Payment declined on my card even though there are sufficient funds available.,Hi! We'd be glad to look into this charge for you. Please send us a DM with the date and amount so we can locate the transaction securely.,Sun Oct 08 03:55:00 +0000 2017,AmazonHelp,payment declined on my card even though there are sufficient funds available.
103556,"@AmazonHelp Every time I try to log in, it loops back to the login screen without an error message.","Hi! For your security, please don't share passwords publicly. Please visit amzn.to/account-recovery or DM us to begin identity verification.",Thu Oct 12 02:59:00 +0000 2017,AmazonHelp,"every time i try to log in, it loops back to the login screen without an error message."
103558,@AmazonHelp How long does it take for a refund to process to my original payment method for return #538-1558114-6661654?,Apologies for the inconvenience! Please DM us your account details so we can check on return #538-1558114-6661654 and expedite your refund.,Tue Oct 24 13:11:00 +0000 2017,AmazonHelp,how long does it take for a refund to process to my original payment method for return order number ?
103560,@AmazonHelp My tracking says delivered but I have not received anything for order #505-9104183-8382505!,"Hello! We apologize for the delivery issue with #505-9104183-8382505. Please check around your porch/neighbors, and if still missing, DM us your account email.",Mon Oct 09 17:20:00 +0000 2017,AmazonHelp,my tracking says delivered but i have not received anything for order order number !
103562,@AmazonHelp Need a refund for #978-8975467-5717908. Sent back via drop-off locker 5 days ago.,Apologies for the inconvenience! Please DM us your account details so we can check on return #978-8975467-5717908 and expedite your refund.,Wed Oct 11 07:09:00 +0000 2017,AmazonHelp,need a refund for order number . sent back via drop-off locker 5 days ago.
103564,@AmazonHelp Getting 'An unexpected error occurred' whenever I try to add items to my shopping cart.,We apologize for the technical glitch! Our technical team is monitoring site stability. Please send us a DM with a screenshot if the error continues.,Tue Oct 24 19:34:00 +0000 2017,AmazonHelp,getting 'an unexpected error occurred' whenever i try to add items to my shopping cart.
103566,@AmazonHelp Do you offer student discounts on annual Prime memberships?,Hello! Most electronics purchased from authorized sellers include standard warranty. Please DM us the product ASIN to check details.,Fri Oct 06 17:50:00 +0000 2017,AmazonHelp,do you offer student discounts on annual prime memberships?
103568,@AmazonHelp Tracking status says delivery attempted but nobody buzzed or knocked. Order #763-8089840-2304420.,So sorry for the delay on #763-8089840-2304420! Please DM us your order details and we will check the transit status directly for you.,Mon Oct 09 21:04:00 +0000 2017,AmazonHelp,tracking status says delivery attempted but nobody buzzed or knocked. order order number .
103570,@AmazonHelp Website gives error 500 internal server error when trying to view my order history.,We apologize for the technical glitch! Our technical team is monitoring site stability. Please send us a DM with a screenshot if the error continues.,Fri Oct 06 20:05:00 +0000 2017,AmazonHelp,website gives error 500 internal server error when trying to view my order history.
103572,"@AmazonHelp Where is my package? Order #819-6416661-4423785 was supposed to arrive on Friday, still nothing!",So sorry for the delay on #819-6416661-4423785! Please DM us your order details and we will check the transit status directly for you.,Sun Oct 15 09:23:00 +0000 2017,AmazonHelp,"where is my package? order order number was supposed to arrive on friday, still nothing!"
103574,"@AmazonHelp Received broken item in order #514-5897885-3646355. I want my money back, not a replacement.",Hi! We want to help get this sorted. Please send us a direct message with order #514-5897885-3646355 and return tracking number so we can verify with our billing team.,Sat Oct 28 18:01:00 +0000 2017,AmazonHelp,"received broken item in order order number . i want my money back, not a replacement."
103576,@AmazonHelp Ordered express next-day delivery on #467-8022049-8543726 and it still hasn't shipped!,So sorry for the delay on #467-8022049-8543726! Please DM us your order details and we will check the transit status directly for you.,Sun Oct 01 11:11:00 +0000 2017,AmazonHelp,ordered express next-day delivery on order number and it still hasn't shipped!
103578,"@AmazonHelp Where is my package? Order #721-9900345-3724721 was supposed to arrive 2 days ago, still nothing!","Hello! We apologize for the delivery issue with #721-9900345-3724721. Please check around your porch/neighbors, and if still missing, DM us your account email.",Wed Oct 04 19:18:00 +0000 2017,AmazonHelp,"where is my package? order order number was supposed to arrive 2 days ago, still nothing!"
103580,"@AmazonHelp The mobile app is not loading product images, just showing blank white boxes.","Hi! Thanks for bringing this to our attention. Have you tried reinstalling the app or clearing your cache? If so, please DM us your device OS version.",Wed Oct 25 09:24:00 +0000 2017,AmazonHelp,"the mobile app is not loading product images, just showing blank white boxes."
103582,@AmazonHelp Is the manufacturer warranty valid if I buy an electronic item through third party sellers?,"Hi there! Yes, Amazon gift cards can be applied to Kindle digital purchases. Check out amzn.to/giftcard-faq for more information.",Tue Oct 10 11:09:00 +0000 2017,AmazonHelp,is the manufacturer warranty valid if i buy an electronic item through third party sellers?
103584,@AmazonHelp Checkout page freezes when selecting saved shipping address.,"Hi! Thanks for bringing this to our attention. Have you tried reinstalling the app or clearing your cache? If so, please DM us your device OS version.",Mon Oct 02 18:58:00 +0000 2017,AmazonHelp,checkout page freezes when selecting saved shipping address.
103586,@AmazonHelp Why was my credit card charged $131.49 when my order total was only $17.00?,"Sorry for the unexpected charge! If you did not intend to renew Prime, please DM us your email and we can help reverse eligible fees.",Mon Oct 09 06:54:00 +0000 2017,AmazonHelp,why was my credit card charged currency amount when my order total was only currency amount ?
103588,@AmazonHelp Can I use Amazon gift cards to purchase digital books on Kindle?,"Hi there! Yes, Amazon gift cards can be applied to Kindle digital purchases. Check out amzn.to/giftcard-faq for more information.",Mon Oct 09 17:49:00 +0000 2017,AmazonHelp,can i use amazon gift cards to purchase digital books on kindle?
103590,@AmazonHelp Just noticed an unauthorized charge of $34.50 for Prime membership that I never authorized.,"Sorry for the unexpected charge! If you did not intend to renew Prime, please DM us your email and we can help reverse eligible fees.",Mon Oct 09 04:19:00 +0000 2017,AmazonHelp,just noticed an unauthorized charge of currency amount for prime membership that i never authorized.
103592,@AmazonHelp Please cancel my order #235-1260986-1555218 and process a full refund immediately.,Apologies for the inconvenience! Please DM us your account details so we can check on return #235-1260986-1555218 and expedite your refund.,Mon Oct 09 08:24:00 +0000 2017,AmazonHelp,please cancel my order order number and process a full refund immediately.
103594,@AmazonHelp Package #370-5707871-5518498 has been stuck in transit in transit hub for over 48 hours. What gives?,We understand your concern regarding order #370-5707871-5518498. Please drop us a DM with your tracking link and postal code so we can check with the carrier.,Mon Oct 23 10:16:00 +0000 2017,AmazonHelp,package order number has been stuck in transit in transit hub for over 48 hours. what gives?
103596,@AmazonHelp Tracking status says delivery attempted but nobody buzzed or knocked. Order #111-5953222-3392501.,"Hi there, we're sorry to hear your order #111-5953222-3392501 is delayed! Please send us a DM at amzn.to/help with your details so we can investigate.",Thu Oct 05 11:20:00 +0000 2017,AmazonHelp,tracking status says delivery attempted but nobody buzzed or knocked. order order number .
103598,@AmazonHelp Thank you @AmazonHelp for resolving my billing query so smoothly today!,Hearing this makes our day! Thank you for your feedback and support. We're always here to help!,Wed Oct 04 01:14:00 +0000 2017,AmazonHelp,thank you for resolving my billing query so smoothly today!
103600,@AmazonHelp Why was my credit card charged $48.99 when my order total was only $12.99?,We apologize for the billing confusion. Please reach out via DM with the last 4 digits of the card and transaction date so we can inspect.,Tue Oct 17 09:25:00 +0000 2017,AmazonHelp,why was my credit card charged currency amount when my order total was only currency amount ?
103602,@AmazonHelp Package #882-8128878-5292319 has been stuck in transit in transit hub for over 48 hours. What gives?,"Hi there, we're sorry to hear your order #882-8128878-5292319 is delayed! Please send us a DM at amzn.to/help with your details so we can investigate.",Thu Oct 19 14:02:00 +0000 2017,AmazonHelp,package order number has been stuck in transit in transit hub for over 48 hours. what gives?
103604,@AmazonHelp How can I change my primary delivery address before placing an order?,"Hi there! Yes, Amazon gift cards can be applied to Kindle digital purchases. Check out amzn.to/giftcard-faq for more information.",Thu Oct 19 13:59:00 +0000 2017,AmazonHelp,how can i change my primary delivery address before placing an order?
103606,@AmazonHelp Tracking status says delivery attempted but nobody buzzed or knocked. Order #302-3133610-4872535.,We understand your concern regarding order #302-3133610-4872535. Please drop us a DM with your tracking link and postal code so we can check with the carrier.,Wed Oct 04 17:30:00 +0000 2017,AmazonHelp,tracking status says delivery attempted but nobody buzzed or knocked. order order number .
103608,@AmazonHelp Charged for an item I sent back last Monday. When will my refund of $49.00 arrive?,We're sorry for the delay in your refund! Please reach out to us in DM with order #417-9130270-3922248 and your email address so we can review the return.,Fri Oct 20 01:38:00 +0000 2017,AmazonHelp,charged for an item i sent back last monday. when will my refund of currency amount arrive?
103610,@AmazonHelp My subscription auto-renewed even though I turned off auto-renew last week!,We apologize for the billing confusion. Please reach out via DM with the last 4 digits of the card and transaction date so we can inspect.,Sun Oct 29 03:35:00 +0000 2017,AmazonHelp,my subscription auto-renewed even though i turned off auto-renew last week!
103612,"@AmazonHelp Unbelievable negligence. Damaged goods, ruined anniversary, zero accountability from your team.",This is definitely not the experience we want for our customers. Please reach out in DM with your contact information so an escalation manager can connect with you.,Mon Oct 09 21:35:00 +0000 2017,AmazonHelp,"unbelievable negligence. damaged goods, ruined anniversary, zero accountability from your team."
103614,@AmazonHelp Your support agent was extremely rude and unhelpful. Disgraceful treatment of a 10-year customer.,We are very sorry to hear this and take feedback like this seriously. Please send us a direct message with your account details and phone number so we can escalate to a supervisor.,Mon Oct 16 06:35:00 +0000 2017,AmazonHelp,your support agent was extremely rude and unhelpful. disgraceful treatment of a 10-year customer.
103616,@AmazonHelp I was charged $54.49 twice for order #863-4180949-2419986. Please check your billing system.,Hi! We'd be glad to look into this charge for you. Please send us a DM with the date and amount so we can locate the transaction securely.,Sat Oct 14 21:57:00 +0000 2017,AmazonHelp,i was charged currency amount twice for order order number . please check your billing system.
103618,@AmazonHelp I was charged $52.00 twice for order #774-8825067-7692367. Please check your billing system.,We apologize for the billing confusion. Please reach out via DM with the last 4 digits of the card and transaction date so we can inspect.,Fri Oct 27 01:04:00 +0000 2017,AmazonHelp,i was charged currency amount twice for order order number . please check your billing system.
103620,@AmazonHelp Can someone check on order #221-1279888-4424653? It's a birthday gift and now it's late.,"Hello! We apologize for the delivery issue with #221-1279888-4424653. Please check around your porch/neighbors, and if still missing, DM us your account email.",Sat Oct 28 07:01:00 +0000 2017,AmazonHelp,can someone check on order order number ? it's a birthday gift and now it's late.
103622,@AmazonHelp Locked out of my account. The OTP verification code is not being sent to my phone.,"Hello! If you suspect unauthorized access, please visit amzn.to/security immediately. You can also DM us your associated phone or email.",Sun Oct 08 06:18:00 +0000 2017,AmazonHelp,locked out of my account. the otp verification code is not being sent to my phone.
103624,@AmazonHelp I forgot my password and the password reset link is never arriving in my inbox.,"Hello! If you suspect unauthorized access, please visit amzn.to/security immediately. You can also DM us your associated phone or email.",Thu Oct 19 14:39:00 +0000 2017,AmazonHelp,i forgot my password and the password reset link is never arriving in my inbox.
103626,@AmazonHelp Absolute scam. Stole my money and refusing to help. Give me someone who actually has authority.,We are very sorry to hear this and take feedback like this seriously. Please send us a direct message with your account details and phone number so we can escalate to a supervisor.,Sun Oct 01 12:03:00 +0000 2017,AmazonHelp,absolute scam. stole my money and refusing to help. give me someone who actually has authority.
103628,@AmazonHelp I was charged $125.99 twice for order #518-2686177-9828041. Please check your billing system.,We apologize for the billing confusion. Please reach out via DM with the last 4 digits of the card and transaction date so we can inspect.,Sun Oct 15 08:43:00 +0000 2017,AmazonHelp,i was charged currency amount twice for order order number . please check your billing system.
103630,@AmazonHelp Ordered express next-day delivery on #827-3740840-6334947 and it still hasn't shipped!,So sorry for the delay on #827-3740840-6334947! Please DM us your order details and we will check the transit status directly for you.,Sun Oct 01 22:55:00 +0000 2017,AmazonHelp,ordered express next-day delivery on order number and it still hasn't shipped!
103632,"@AmazonHelp Every time I try to log in, it loops back to the login screen without an error message.","Hi! For your security, please don't share passwords publicly. Please visit amzn.to/account-recovery or DM us to begin identity verification.",Fri Oct 27 13:43:00 +0000 2017,AmazonHelp,"every time i try to log in, it loops back to the login screen without an error message."
103634,@AmazonHelp Can someone check on order #146-3459753-6595636? It's a birthday gift and now it's late.,"Hello! We apologize for the delivery issue with #146-3459753-6595636. Please check around your porch/neighbors, and if still missing, DM us your account email.",Sun Oct 22 07:02:00 +0000 2017,AmazonHelp,can someone check on order order number ? it's a birthday gift and now it's late.
103636,"@AmazonHelp Where is my package? Order #849-4084465-5931213 was supposed to arrive this morning, still nothing!",We understand your concern regarding order #849-4084465-5931213. Please drop us a DM with your tracking link and postal code so we can check with the carrier.,Sat Oct 21 00:03:00 +0000 2017,AmazonHelp,"where is my package? order order number was supposed to arrive this morning, still nothing!"
103638,"@AmazonHelp Help! Account locked due to too many failed attempts, how do I unlock it?","Hi there, please ensure SMS isn't blocked by your carrier, or try clearing browser cache. If the issue persists, send us a DM.",Wed Oct 04 20:15:00 +0000 2017,AmazonHelp,"help! account locked due to too many failed attempts, how do i unlock it?"
103640,@AmazonHelp Ordered express next-day delivery on #582-1572371-6994162 and it still hasn't shipped!,"Hi there, we're sorry to hear your order #582-1572371-6994162 is delayed! Please send us a DM at amzn.to/help with your details so we can investigate.",Tue Oct 17 09:08:00 +0000 2017,AmazonHelp,ordered express next-day delivery on order number and it still hasn't shipped!
103642,@AmazonHelp Ordered express next-day delivery on #361-1621418-2231020 and it still hasn't shipped!,"Hi there, we're sorry to hear your order #361-1621418-2231020 is delayed! Please send us a DM at amzn.to/help with your details so we can investigate.",Thu Oct 05 17:15:00 +0000 2017,AmazonHelp,ordered express next-day delivery on order number and it still hasn't shipped!
103644,@AmazonHelp This is completely unacceptable. I want to speak to a supervisor or corporate manager right now!,This is definitely not the experience we want for our customers. Please reach out in DM with your contact information so an escalation manager can connect with you.,Mon Oct 23 18:17:00 +0000 2017,AmazonHelp,this is completely unacceptable. i want to speak to a supervisor or corporate manager right now!
103646,@AmazonHelp Package #391-1189715-5124342 has been stuck in transit in transit hub for over 48 hours. What gives?,"Hi there, we're sorry to hear your order #391-1189715-5124342 is delayed! Please send us a DM at amzn.to/help with your details so we can investigate.",Fri Oct 13 22:48:00 +0000 2017,AmazonHelp,package order number has been stuck in transit in transit hub for over 48 hours. what gives?
103648,@AmazonHelp 5 stars to the agent who helped me reset my account this morning. Great experience!,Hearing this makes our day! Thank you for your feedback and support. We're always here to help!,Sun Oct 08 16:07:00 +0000 2017,AmazonHelp,5 stars to the agent who helped me reset my account this morning. great experience!
103650,"@AmazonHelp Where is my package? Order #480-7699816-5675830 was supposed to arrive last week, still nothing!","Hello! We apologize for the delivery issue with #480-7699816-5675830. Please check around your porch/neighbors, and if still missing, DM us your account email.",Mon Oct 16 00:23:00 +0000 2017,AmazonHelp,"where is my package? order order number was supposed to arrive last week, still nothing!"
103652,@AmazonHelp My subscription auto-renewed even though I turned off auto-renew last week!,We apologize for the billing confusion. Please reach out via DM with the last 4 digits of the card and transaction date so we can inspect.,Fri Oct 20 09:03:00 +0000 2017,AmazonHelp,my subscription auto-renewed even though i turned off auto-renew last week!
103654,@AmazonHelp Can someone check on order #294-8858829-6032846? It's a birthday gift and now it's late.,"Hi there, we're sorry to hear your order #294-8858829-6032846 is delayed! Please send us a DM at amzn.to/help with your details so we can investigate.",Sat Oct 28 21:58:00 +0000 2017,AmazonHelp,can someone check on order order number ? it's a birthday gift and now it's late.
103656,@AmazonHelp Unable to sign in to my account from my new laptop. Says suspicious activity detected.,We're sorry you're having trouble accessing your account. Please send us a DM so we can securely guide you through the two-step verification reset.,Thu Oct 05 13:22:00 +0000 2017,AmazonHelp,unable to sign in to my account from my new laptop. says suspicious activity detected.
103658,@AmazonHelp Payment declined on my card even though there are sufficient funds available.,Hi! We'd be glad to look into this charge for you. Please send us a DM with the date and amount so we can locate the transaction securely.,Sun Oct 08 19:03:00 +0000 2017,AmazonHelp,payment declined on my card even though there are sufficient funds available.
103660,@AmazonHelp shipment #773-3001603-2869625 is delayed by 3 days already. Any update on when it will arrive?,"Hello! We apologize for the delivery issue with #773-3001603-2869625. Please check around your porch/neighbors, and if still missing, DM us your account email.",Sun Oct 15 15:29:00 +0000 2017,AmazonHelp,shipment order number is delayed by 3 days already. any update on when it will arrive?
103662,@AmazonHelp You guys billed me twice on the same day for order #581-1117615-8986773. Please fix this duplicate charge.,Hi! We'd be glad to look into this charge for you. Please send us a DM with the date and amount so we can locate the transaction securely.,Sat Oct 07 15:17:00 +0000 2017,AmazonHelp,you guys billed me twice on the same day for order order number . please fix this duplicate charge.
103664,@AmazonHelp Absolute scam. Stole my money and refusing to help. Give me someone who actually has authority.,We are very sorry to hear this and take feedback like this seriously. Please send us a direct message with your account details and phone number so we can escalate to a supervisor.,Fri Oct 13 18:26:00 +0000 2017,AmazonHelp,absolute scam. stole my money and refusing to help. give me someone who actually has authority.
103666,@AmazonHelp Are recyclable packaging options available for fragile items?,Hi! You can check international shipping options and estimated import duties at checkout or by visiting amzn.to/shipping-rates.,Wed Oct 11 22:31:00 +0000 2017,AmazonHelp,are recyclable packaging options available for fragile items?
103668,@AmazonHelp Can someone check on order #493-2236018-9969444? It's a birthday gift and now it's late.,"Hi there, we're sorry to hear your order #493-2236018-9969444 is delayed! Please send us a DM at amzn.to/help with your details so we can investigate.",Thu Oct 19 01:06:00 +0000 2017,AmazonHelp,can someone check on order order number ? it's a birthday gift and now it's late.
103670,@AmazonHelp Charged for an item I sent back last Monday. When will my refund of $75.00 arrive?,"Hello! Once an item is received at our fulfillment center, refunds usually take 3-5 business days. Please DM us your order #438-1869626-7599665 to check status.",Tue Oct 03 09:05:00 +0000 2017,AmazonHelp,charged for an item i sent back last monday. when will my refund of currency amount arrive?
103672,"@AmazonHelp The mobile app is not loading product images, just showing blank white boxes.","Hi! Thanks for bringing this to our attention. Have you tried reinstalling the app or clearing your cache? If so, please DM us your device OS version.",Fri Oct 06 18:11:00 +0000 2017,AmazonHelp,"the mobile app is not loading product images, just showing blank white boxes."
103674,@AmazonHelp Package #858-4980521-1483393 has been stuck in transit in transit hub for over 48 hours. What gives?,We understand your concern regarding order #858-4980521-1483393. Please drop us a DM with your tracking link and postal code so we can check with the carrier.,Tue Oct 10 11:30:00 +0000 2017,AmazonHelp,package order number has been stuck in transit in transit hub for over 48 hours. what gives?
103676,@AmazonHelp Your iOS app keeps crashing every time I tap the checkout button. Version 18.2.,"Hi! Thanks for bringing this to our attention. Have you tried reinstalling the app or clearing your cache? If so, please DM us your device OS version.",Wed Oct 25 15:40:00 +0000 2017,AmazonHelp,your ios app keeps crashing every time i tap the checkout button. version 18.2.
103678,@AmazonHelp Package #983-8775711-6852176 has been stuck in transit in transit hub for over 48 hours. What gives?,"Hello! We apologize for the delivery issue with #983-8775711-6852176. Please check around your porch/neighbors, and if still missing, DM us your account email.",Sun Oct 15 21:28:00 +0000 2017,AmazonHelp,package order number has been stuck in transit in transit hub for over 48 hours. what gives?
103680,@AmazonHelp Your iOS app keeps crashing every time I tap the checkout button. Version 18.2.,"Hi! Thanks for bringing this to our attention. Have you tried reinstalling the app or clearing your cache? If so, please DM us your device OS version.",Thu Oct 26 07:36:00 +0000 2017,AmazonHelp,your ios app keeps crashing every time i tap the checkout button. version 18.2.
103682,@AmazonHelp Charged for an item I sent back last Monday. When will my refund of $69.99 arrive?,We're sorry for the delay in your refund! Please reach out to us in DM with order #744-6878585-9881732 and your email address so we can review the return.,Sat Oct 28 13:13:00 +0000 2017,AmazonHelp,charged for an item i sent back last monday. when will my refund of currency amount arrive?
103684,@AmazonHelp Tracking status says delivery attempted but nobody buzzed or knocked. Order #605-9305419-1878000.,"Hi there, we're sorry to hear your order #605-9305419-1878000 is delayed! Please send us a DM at amzn.to/help with your details so we can investigate.",Fri Oct 20 11:46:00 +0000 2017,AmazonHelp,tracking status says delivery attempted but nobody buzzed or knocked. order order number .
103686,@AmazonHelp Charged for an item I sent back last Monday. When will my refund of $17.99 arrive?,"Hello! Once an item is received at our fulfillment center, refunds usually take 3-5 business days. Please DM us your order #533-1511425-8510236 to check status.",Tue Oct 10 07:54:00 +0000 2017,AmazonHelp,charged for an item i sent back last monday. when will my refund of currency amount arrive?
103688,@AmazonHelp Your iOS app keeps crashing every time I tap the checkout button. Version 18.2.,"Hi! Thanks for bringing this to our attention. Have you tried reinstalling the app or clearing your cache? If so, please DM us your device OS version.",Wed Oct 11 20:40:00 +0000 2017,AmazonHelp,your ios app keeps crashing every time i tap the checkout button. version 18.2.
103690,@AmazonHelp Thank you @AmazonHelp for resolving my billing query so smoothly today!,Thank you so much for the kind words! We love hearing this and will pass your compliments along to the team. Have a wonderful day!,Sat Oct 07 05:51:00 +0000 2017,AmazonHelp,thank you for resolving my billing query so smoothly today!
103692,@AmazonHelp Package #176-4509606-5115366 has been stuck in transit in transit hub for over 48 hours. What gives?,"Hi there, we're sorry to hear your order #176-4509606-5115366 is delayed! Please send us a DM at amzn.to/help with your details so we can investigate.",Wed Oct 18 11:01:00 +0000 2017,AmazonHelp,package order number has been stuck in transit in transit hub for over 48 hours. what gives?
103694,@AmazonHelp Your iOS app keeps crashing every time I tap the checkout button. Version 18.2.,"Hello! Please try accessing the site in an incognito window or restarting your device. If the bug persists, DM us your app version and device model.",Sun Oct 22 07:42:00 +0000 2017,AmazonHelp,your ios app keeps crashing every time i tap the checkout button. version 18.2.
103696,@AmazonHelp My subscription auto-renewed even though I turned off auto-renew last week!,"Sorry for the unexpected charge! If you did not intend to renew Prime, please DM us your email and we can help reverse eligible fees.",Thu Oct 19 01:11:00 +0000 2017,AmazonHelp,my subscription auto-renewed even though i turned off auto-renew last week!
103698,"@AmazonHelp Help! Account locked due to too many failed attempts, how do I unlock it?","Hi! For your security, please don't share passwords publicly. Please visit amzn.to/account-recovery or DM us to begin identity verification.",Mon Oct 09 19:53:00 +0000 2017,AmazonHelp,"help! account locked due to too many failed attempts, how do i unlock it?"
103700,@AmazonHelp Huge shoutout to Sarah from customer support who solved my lost package in 5 minutes! Amazing service!,Thank you so much for the kind words! We love hearing this and will pass your compliments along to the team. Have a wonderful day!,Mon Oct 09 19:45:00 +0000 2017,AmazonHelp,huge shoutout to sarah from customer support who solved my lost package in 5 minutes! amazing service!
103702,@AmazonHelp Can someone check on order #468-8255921-9201859? It's a birthday gift and now it's late.,"Hello! We apologize for the delivery issue with #468-8255921-9201859. Please check around your porch/neighbors, and if still missing, DM us your account email.",Sat Oct 07 10:34:00 +0000 2017,AmazonHelp,can someone check on order order number ? it's a birthday gift and now it's late.
103704,@AmazonHelp My subscription auto-renewed even though I turned off auto-renew last week!,"Hello, duplicate charges are often pending authorizations that drop off in 2-3 business days. Please DM us your order #981-7792633-5850223 to confirm.",Thu Oct 19 08:13:00 +0000 2017,AmazonHelp,my subscription auto-renewed even though i turned off auto-renew last week!
103706,@AmazonHelp I was told my refund of $57.50 for order #980-4134515-5333341 would be in my account in 3-5 days. It's been 10 days.,We're sorry for the delay in your refund! Please reach out to us in DM with order #980-4134515-5333341 and your email address so we can review the return.,Wed Oct 25 17:17:00 +0000 2017,AmazonHelp,i was told my refund of currency amount for order order number would be in my account in 3-5 days. it's been 10 days.
103708,@AmazonHelp I was charged $190.49 twice for order #147-3292785-4997984. Please check your billing system.,Hi! We'd be glad to look into this charge for you. Please send us a DM with the date and amount so we can locate the transaction securely.,Mon Oct 09 23:20:00 +0000 2017,AmazonHelp,i was charged currency amount twice for order order number . please check your billing system.
103710,@AmazonHelp Website gives error 500 internal server error when trying to view my order history.,We apologize for the technical glitch! Our technical team is monitoring site stability. Please send us a DM with a screenshot if the error continues.,Sun Oct 01 18:56:00 +0000 2017,AmazonHelp,website gives error 500 internal server error when trying to view my order history.
103712,@AmazonHelp Charged for an item I sent back last Monday. When will my refund of $230.99 arrive?,"Hello! Once an item is received at our fulfillment center, refunds usually take 3-5 business days. Please DM us your order #428-2411026-6507216 to check status.",Mon Oct 16 02:28:00 +0000 2017,AmazonHelp,charged for an item i sent back last monday. when will my refund of currency amount arrive?
103714,"@AmazonHelp Charged $156.49 annual subscription fee by mistake, please reverse this charge.",We apologize for the billing confusion. Please reach out via DM with the last 4 digits of the card and transaction date so we can inspect.,Wed Oct 11 02:09:00 +0000 2017,AmazonHelp,"charged currency amount annual subscription fee by mistake, please reverse this charge."
103716,@AmazonHelp Can someone check on order #876-8256078-3525773? It's a birthday gift and now it's late.,"Hello! We apologize for the delivery issue with #876-8256078-3525773. Please check around your porch/neighbors, and if still missing, DM us your account email.",Wed Oct 04 19:24:00 +0000 2017,AmazonHelp,can someone check on order order number ? it's a birthday gift and now it's late.
103718,"@AmazonHelp Unbelievable negligence. Damaged goods, ruined anniversary, zero accountability from your team.",We sincerely apologize for this distressing experience. This is certainly not the level of service we aim to provide. Please DM us immediately so a senior specialist can assist.,Thu Oct 26 19:03:00 +0000 2017,AmazonHelp,"unbelievable negligence. damaged goods, ruined anniversary, zero accountability from your team."
103720,@AmazonHelp Package #487-1579706-6621341 has been stuck in transit in transit hub for over 48 hours. What gives?,"Hi there, we're sorry to hear your order #487-1579706-6621341 is delayed! Please send us a DM at amzn.to/help with your details so we can investigate.",Tue Oct 03 02:04:00 +0000 2017,AmazonHelp,package order number has been stuck in transit in transit hub for over 48 hours. what gives?
103722,"@AmazonHelp Help! Account locked due to too many failed attempts, how do I unlock it?","Hello! If you suspect unauthorized access, please visit amzn.to/security immediately. You can also DM us your associated phone or email.",Sun Oct 08 23:25:00 +0000 2017,AmazonHelp,"help! account locked due to too many failed attempts, how do i unlock it?"
103724,"@AmazonHelp Two-factor authentication is failing, says invalid token even though it's correct.","Hi there, please ensure SMS isn't blocked by your carrier, or try clearing browser cache. If the issue persists, send us a DM.",Tue Oct 24 12:16:00 +0000 2017,AmazonHelp,"two-factor authentication is failing, says invalid token even though it's correct."
103726,@AmazonHelp Amazon customer service never disappoints. Replaced my broken item with no hassle. Thanks!,Hearing this makes our day! Thank you for your feedback and support. We're always here to help!,Sat Oct 28 01:18:00 +0000 2017,AmazonHelp,amazon customer service never disappoints. replaced my broken item with no hassle. thanks!
103728,@AmazonHelp Ordered express next-day delivery on #322-9126971-5660649 and it still hasn't shipped!,We understand your concern regarding order #322-9126971-5660649. Please drop us a DM with your tracking link and postal code so we can check with the carrier.,Sat Oct 14 05:08:00 +0000 2017,AmazonHelp,ordered express next-day delivery on order number and it still hasn't shipped!
103730,"@AmazonHelp The mobile app is not loading product images, just showing blank white boxes.",We apologize for the technical glitch! Our technical team is monitoring site stability. Please send us a DM with a screenshot if the error continues.,Wed Oct 11 11:58:00 +0000 2017,AmazonHelp,"the mobile app is not loading product images, just showing blank white boxes."
103732,@AmazonHelp Ordered express next-day delivery on #490-2701700-3193827 and it still hasn't shipped!,We understand your concern regarding order #490-2701700-3193827. Please drop us a DM with your tracking link and postal code so we can check with the carrier.,Mon Oct 16 19:46:00 +0000 2017,AmazonHelp,ordered express next-day delivery on order number and it still hasn't shipped!
103734,@AmazonHelp Carrier marked order #104-2228666-4061044 as delivered at front door but there is no package anywhere.,We understand your concern regarding order #104-2228666-4061044. Please drop us a DM with your tracking link and postal code so we can check with the carrier.,Sun Oct 15 00:53:00 +0000 2017,AmazonHelp,carrier marked order order number as delivered at front door but there is no package anywhere.
103736,@AmazonHelp Can I use Amazon gift cards to purchase digital books on Kindle?,Hello! Most electronics purchased from authorized sellers include standard warranty. Please DM us the product ASIN to check details.,Sat Oct 21 20:48:00 +0000 2017,AmazonHelp,can i use amazon gift cards to purchase digital books on kindle?
103738,@AmazonHelp I was charged $99.99 twice for order #764-9104718-1969866. Please check your billing system.,"Sorry for the unexpected charge! If you did not intend to renew Prime, please DM us your email and we can help reverse eligible fees.",Wed Oct 04 21:09:00 +0000 2017,AmazonHelp,i was charged currency amount twice for order order number . please check your billing system.
103740,@AmazonHelp I was charged $93.50 twice for order #361-7208876-7724543. Please check your billing system.,We apologize for the billing confusion. Please reach out via DM with the last 4 digits of the card and transaction date so we can inspect.,Fri Oct 20 20:55:00 +0000 2017,AmazonHelp,i was charged currency amount twice for order order number . please check your billing system.
103742,@AmazonHelp My subscription auto-renewed even though I turned off auto-renew last week!,"Sorry for the unexpected charge! If you did not intend to renew Prime, please DM us your email and we can help reverse eligible fees.",Fri Oct 06 19:21:00 +0000 2017,AmazonHelp,my subscription auto-renewed even though i turned off auto-renew last week!
103744,@AmazonHelp Is the manufacturer warranty valid if I buy an electronic item through third party sellers?,"Hello! Our standard return policy is 30 days, but extended holiday return windows often apply. Let us know if you have a specific item in mind!",Tue Oct 17 14:13:00 +0000 2017,AmazonHelp,is the manufacturer warranty valid if i buy an electronic item through third party sellers?
103746,@AmazonHelp The video streaming player on Prime Video keeps stuttering and buffering on my Smart TV.,"Hello! Please try accessing the site in an incognito window or restarting your device. If the bug persists, DM us your app version and device model.",Tue Oct 17 09:33:00 +0000 2017,AmazonHelp,the video streaming player on prime video keeps stuttering and buffering on my smart tv.
103748,@AmazonHelp 5 stars to the agent who helped me reset my account this morning. Great experience!,Hearing this makes our day! Thank you for your feedback and support. We're always here to help!,Wed Oct 25 02:06:00 +0000 2017,AmazonHelp,5 stars to the agent who helped me reset my account this morning. great experience!
103750,@AmazonHelp Are recyclable packaging options available for fragile items?,"Hi there! Yes, Amazon gift cards can be applied to Kindle digital purchases. Check out amzn.to/giftcard-faq for more information.",Mon Oct 16 04:06:00 +0000 2017,AmazonHelp,are recyclable packaging options available for fragile items?
103752,@AmazonHelp Carrier marked order #362-6075721-5362279 as delivered at front door but there is no package anywhere.,"Hello! We apologize for the delivery issue with #362-6075721-5362279. Please check around your porch/neighbors, and if still missing, DM us your account email.",Thu Oct 19 21:03:00 +0000 2017,AmazonHelp,carrier marked order order number as delivered at front door but there is no package anywhere.
103754,@AmazonHelp Thank you @AmazonHelp for resolving my billing query so smoothly today!,Thank you so much for the kind words! We love hearing this and will pass your compliments along to the team. Have a wonderful day!,Thu Oct 19 22:53:00 +0000 2017,AmazonHelp,thank you for resolving my billing query so smoothly today!
103756,@AmazonHelp shipment #737-6004627-5492622 is delayed by 3 days already. Any update on when it will arrive?,"Hi there, we're sorry to hear your order #737-6004627-5492622 is delayed! Please send us a DM at amzn.to/help with your details so we can investigate.",Mon Oct 16 12:30:00 +0000 2017,AmazonHelp,shipment order number is delayed by 3 days already. any update on when it will arrive?
103758,@AmazonHelp Unable to sign in to my account from my new laptop. Says suspicious activity detected.,"Hi! For your security, please don't share passwords publicly. Please visit amzn.to/account-recovery or DM us to begin identity verification.",Sat Oct 21 02:15:00 +0000 2017,AmazonHelp,unable to sign in to my account from my new laptop. says suspicious activity detected.
103760,@AmazonHelp shipment #721-8979753-9133442 is delayed by 3 days already. Any update on when it will arrive?,We understand your concern regarding order #721-8979753-9133442. Please drop us a DM with your tracking link and postal code so we can check with the carrier.,Tue Oct 10 22:06:00 +0000 2017,AmazonHelp,shipment order number is delayed by 3 days already. any update on when it will arrive?
103762,@AmazonHelp Return status says received at warehouse but refund not initiated for #376-9835331-1221165. Please help.,Apologies for the inconvenience! Please DM us your account details so we can check on return #376-9835331-1221165 and expedite your refund.,Mon Oct 23 18:34:00 +0000 2017,AmazonHelp,return status says received at warehouse but refund not initiated for order number . please help.
103764,@AmazonHelp Amazon customer service never disappoints. Replaced my broken item with no hassle. Thanks!,Thank you so much for the kind words! We love hearing this and will pass your compliments along to the team. Have a wonderful day!,Sat Oct 21 01:05:00 +0000 2017,AmazonHelp,amazon customer service never disappoints. replaced my broken item with no hassle. thanks!
103766,@AmazonHelp Ordered express next-day delivery on #731-5210656-5534291 and it still hasn't shipped!,"Hello! We apologize for the delivery issue with #731-5210656-5534291. Please check around your porch/neighbors, and if still missing, DM us your account email.",Wed Oct 25 01:38:00 +0000 2017,AmazonHelp,ordered express next-day delivery on order number and it still hasn't shipped!
103768,@AmazonHelp Just noticed an unauthorized charge of $63.99 for Prime membership that I never authorized.,"Sorry for the unexpected charge! If you did not intend to renew Prime, please DM us your email and we can help reverse eligible fees.",Sun Oct 22 07:16:00 +0000 2017,AmazonHelp,just noticed an unauthorized charge of currency amount for prime membership that i never authorized.
103770,@AmazonHelp Charged for an item I sent back last Monday. When will my refund of $171.99 arrive?,Hi! We want to help get this sorted. Please send us a direct message with order #547-8722147-7082985 and return tracking number so we can verify with our billing team.,Wed Oct 25 03:55:00 +0000 2017,AmazonHelp,charged for an item i sent back last monday. when will my refund of currency amount arrive?
103772,@AmazonHelp Package #612-9757408-3166549 has been stuck in transit in transit hub for over 48 hours. What gives?,"Hi there, we're sorry to hear your order #612-9757408-3166549 is delayed! Please send us a DM at amzn.to/help with your details so we can investigate.",Fri Oct 20 12:04:00 +0000 2017,AmazonHelp,package order number has been stuck in transit in transit hub for over 48 hours. what gives?
103774,@AmazonHelp Tracking status says delivery attempted but nobody buzzed or knocked. Order #884-4687348-3823861.,We understand your concern regarding order #884-4687348-3823861. Please drop us a DM with your tracking link and postal code so we can check with the carrier.,Sun Oct 22 06:38:00 +0000 2017,AmazonHelp,tracking status says delivery attempted but nobody buzzed or knocked. order order number .
103776,@AmazonHelp Are recyclable packaging options available for fragile items?,Hello! Most electronics purchased from authorized sellers include standard warranty. Please DM us the product ASIN to check details.,Sat Oct 28 05:50:00 +0000 2017,AmazonHelp,are recyclable packaging options available for fragile items?
103778,@AmazonHelp Why was my credit card charged $38.00 when my order total was only $19.00?,"Sorry for the unexpected charge! If you did not intend to renew Prime, please DM us your email and we can help reverse eligible fees.",Tue Oct 17 20:12:00 +0000 2017,AmazonHelp,why was my credit card charged currency amount when my order total was only currency amount ?
103780,@AmazonHelp My subscription auto-renewed even though I turned off auto-renew last week!,"Sorry for the unexpected charge! If you did not intend to renew Prime, please DM us your email and we can help reverse eligible fees.",Sat Oct 21 20:52:00 +0000 2017,AmazonHelp,my subscription auto-renewed even though i turned off auto-renew last week!
103782,@AmazonHelp Locked out of my account. The OTP verification code is not being sent to my phone.,"Hi! For your security, please don't share passwords publicly. Please visit amzn.to/account-recovery or DM us to begin identity verification.",Fri Oct 20 20:57:00 +0000 2017,AmazonHelp,locked out of my account. the otp verification code is not being sent to my phone.
103784,@AmazonHelp How can I change my primary delivery address before placing an order?,"Hi there! Yes, Amazon gift cards can be applied to Kindle digital purchases. Check out amzn.to/giftcard-faq for more information.",Sat Oct 21 15:15:00 +0000 2017,AmazonHelp,how can i change my primary delivery address before placing an order?
103786,@AmazonHelp I forgot my password and the password reset link is never arriving in my inbox.,"Hello! If you suspect unauthorized access, please visit amzn.to/security immediately. You can also DM us your associated phone or email.",Wed Oct 04 07:47:00 +0000 2017,AmazonHelp,i forgot my password and the password reset link is never arriving in my inbox.
103788,"@AmazonHelp Two-factor authentication is failing, says invalid token even though it's correct.","Hello! If you suspect unauthorized access, please visit amzn.to/security immediately. You can also DM us your associated phone or email.",Tue Oct 24 15:57:00 +0000 2017,AmazonHelp,"two-factor authentication is failing, says invalid token even though it's correct."
103790,"@AmazonHelp Received broken item in order #637-1383428-3609773. I want my money back, not a replacement.",Apologies for the inconvenience! Please DM us your account details so we can check on return #637-1383428-3609773 and expedite your refund.,Fri Oct 06 07:49:00 +0000 2017,AmazonHelp,"received broken item in order order number . i want my money back, not a replacement."
103792,@AmazonHelp Tracking status says delivery attempted but nobody buzzed or knocked. Order #746-1467368-6599221.,"Hi there, we're sorry to hear your order #746-1467368-6599221 is delayed! Please send us a DM at amzn.to/help with your details so we can investigate.",Sat Oct 07 11:10:00 +0000 2017,AmazonHelp,tracking status says delivery attempted but nobody buzzed or knocked. order order number .
103794,@AmazonHelp Why was my credit card charged $114.00 when my order total was only $8.00?,"Hello, duplicate charges are often pending authorizations that drop off in 2-3 business days. Please DM us your order #600-1118159-7740917 to confirm.",Sun Oct 08 01:17:00 +0000 2017,AmazonHelp,why was my credit card charged currency amount when my order total was only currency amount ?
103796,"@AmazonHelp Help! Account locked due to too many failed attempts, how do I unlock it?","Hi! For your security, please don't share passwords publicly. Please visit amzn.to/account-recovery or DM us to begin identity verification.",Sun Oct 15 18:22:00 +0000 2017,AmazonHelp,"help! account locked due to too many failed attempts, how do i unlock it?"
103798,@AmazonHelp Return status says received at warehouse but refund not initiated for #435-8721573-9573702. Please help.,Hi! We want to help get this sorted. Please send us a direct message with order #435-8721573-9573702 and return tracking number so we can verify with our billing team.,Sat Oct 21 16:16:00 +0000 2017,AmazonHelp,return status says received at warehouse but refund not initiated for order number . please help.
103800,@AmazonHelp How can I change my primary delivery address before placing an order?,"Hi there! Yes, Amazon gift cards can be applied to Kindle digital purchases. Check out amzn.to/giftcard-faq for more information.",Tue Oct 03 07:39:00 +0000 2017,AmazonHelp,how can i change my primary delivery address before placing an order?
103802,"@AmazonHelp Received broken item in order #133-6997458-3130343. I want my money back, not a replacement.",Hi! We want to help get this sorted. Please send us a direct message with order #133-6997458-3130343 and return tracking number so we can verify with our billing team.,Sat Oct 14 03:01:00 +0000 2017,AmazonHelp,"received broken item in order order number . i want my money back, not a replacement."
103804,@AmazonHelp Can someone check on order #476-9541294-4510407? It's a birthday gift and now it's late.,"Hi there, we're sorry to hear your order #476-9541294-4510407 is delayed! Please send us a DM at amzn.to/help with your details so we can investigate.",Fri Oct 06 00:52:00 +0000 2017,AmazonHelp,can someone check on order order number ? it's a birthday gift and now it's late.
103806,@AmazonHelp Absolute scam. Stole my money and refusing to help. Give me someone who actually has authority.,This is definitely not the experience we want for our customers. Please reach out in DM with your contact information so an escalation manager can connect with you.,Wed Oct 25 16:05:00 +0000 2017,AmazonHelp,absolute scam. stole my money and refusing to help. give me someone who actually has authority.
103808,@AmazonHelp Carrier marked order #138-8346920-8555354 as delivered at front door but there is no package anywhere.,We understand your concern regarding order #138-8346920-8555354. Please drop us a DM with your tracking link and postal code so we can check with the carrier.,Fri Oct 13 12:39:00 +0000 2017,AmazonHelp,carrier marked order order number as delivered at front door but there is no package anywhere.
103810,@AmazonHelp Charged for an item I sent back last Monday. When will my refund of $136.99 arrive?,Hi! We want to help get this sorted. Please send us a direct message with order #398-5419195-7912442 and return tracking number so we can verify with our billing team.,Mon Oct 02 08:39:00 +0000 2017,AmazonHelp,charged for an item i sent back last monday. when will my refund of currency amount arrive?
103812,@AmazonHelp Return status says received at warehouse but refund not initiated for #237-6356931-9049135. Please help.,Apologies for the inconvenience! Please DM us your account details so we can check on return #237-6356931-9049135 and expedite your refund.,Sat Oct 21 23:49:00 +0000 2017,AmazonHelp,return status says received at warehouse but refund not initiated for order number . please help.
103814,@AmazonHelp My subscription auto-renewed even though I turned off auto-renew last week!,Hi! We'd be glad to look into this charge for you. Please send us a DM with the date and amount so we can locate the transaction securely.,Fri Oct 27 02:04:00 +0000 2017,AmazonHelp,my subscription auto-renewed even though i turned off auto-renew last week!
103816,@AmazonHelp Please cancel my order #477-6105303-3746051 and process a full refund immediately.,Apologies for the inconvenience! Please DM us your account details so we can check on return #477-6105303-3746051 and expedite your refund.,Wed Oct 18 08:15:00 +0000 2017,AmazonHelp,please cancel my order order number and process a full refund immediately.
103818,"@AmazonHelp Help! Account locked due to too many failed attempts, how do I unlock it?",We're sorry you're having trouble accessing your account. Please send us a DM so we can securely guide you through the two-step verification reset.,Sat Oct 14 15:33:00 +0000 2017,AmazonHelp,"help! account locked due to too many failed attempts, how do i unlock it?"
103820,@AmazonHelp Do you offer student discounts on annual Prime memberships?,Hi! You can check international shipping options and estimated import duties at checkout or by visiting amzn.to/shipping-rates.,Mon Oct 23 13:00:00 +0000 2017,AmazonHelp,do you offer student discounts on annual prime memberships?
103822,@AmazonHelp Search bar on the website is completely unresponsive on Chrome desktop.,We apologize for the technical glitch! Our technical team is monitoring site stability. Please send us a DM with a screenshot if the error continues.,Tue Oct 24 18:01:00 +0000 2017,AmazonHelp,search bar on the website is completely unresponsive on chrome desktop.
103824,@AmazonHelp Can someone check on order #678-2204692-5809679? It's a birthday gift and now it's late.,So sorry for the delay on #678-2204692-5809679! Please DM us your order details and we will check the transit status directly for you.,Wed Oct 04 00:59:00 +0000 2017,AmazonHelp,can someone check on order order number ? it's a birthday gift and now it's late.
103826,@AmazonHelp shipment #675-4412412-9168044 is delayed by 3 days already. Any update on when it will arrive?,So sorry for the delay on #675-4412412-9168044! Please DM us your order details and we will check the transit status directly for you.,Thu Oct 12 08:39:00 +0000 2017,AmazonHelp,shipment order number is delayed by 3 days already. any update on when it will arrive?
103828,"@AmazonHelp Wishlist won't let me remove deleted items, says 'Failed to update wishlist'.",We apologize for the technical glitch! Our technical team is monitoring site stability. Please send us a DM with a screenshot if the error continues.,Thu Oct 26 18:18:00 +0000 2017,AmazonHelp,"wishlist won't let me remove deleted items, says 'failed to update wishlist'."
103830,@AmazonHelp Please cancel my order #563-8712145-3065514 and process a full refund immediately.,"Hello! Once an item is received at our fulfillment center, refunds usually take 3-5 business days. Please DM us your order #563-8712145-3065514 to check status.",Sun Oct 15 15:23:00 +0000 2017,AmazonHelp,please cancel my order order number and process a full refund immediately.
103832,@AmazonHelp WORST CUSTOMER SERVICE EVER! Representative hung up on me after waiting 45 minutes on hold!,We sincerely apologize for this distressing experience. This is certainly not the level of service we aim to provide. Please DM us immediately so a senior specialist can assist.,Sat Oct 21 07:07:00 +0000 2017,AmazonHelp,worst customer service ever! representative hung up on me after waiting 45 minutes on hold!
103834,@AmazonHelp I forgot my password and the password reset link is never arriving in my inbox.,"Hello! If you suspect unauthorized access, please visit amzn.to/security immediately. You can also DM us your associated phone or email.",Sun Oct 15 05:32:00 +0000 2017,AmazonHelp,i forgot my password and the password reset link is never arriving in my inbox.
103836,@AmazonHelp Is the manufacturer warranty valid if I buy an electronic item through third party sellers?,"Hello! Our standard return policy is 30 days, but extended holiday return windows often apply. Let us know if you have a specific item in mind!",Thu Oct 19 08:57:00 +0000 2017,AmazonHelp,is the manufacturer warranty valid if i buy an electronic item through third party sellers?
103838,@AmazonHelp Need a refund for #414-3350697-7323234. Sent back via drop-off locker 5 days ago.,We're sorry for the delay in your refund! Please reach out to us in DM with order #414-3350697-7323234 and your email address so we can review the return.,Wed Oct 11 07:19:00 +0000 2017,AmazonHelp,need a refund for order number . sent back via drop-off locker 5 days ago.
103840,@AmazonHelp You guys billed me twice on the same day for order #901-6984503-7398699. Please fix this duplicate charge.,"Sorry for the unexpected charge! If you did not intend to renew Prime, please DM us your email and we can help reverse eligible fees.",Fri Oct 13 07:57:00 +0000 2017,AmazonHelp,you guys billed me twice on the same day for order order number . please fix this duplicate charge.
103842,@AmazonHelp Return status says received at warehouse but refund not initiated for #146-1441673-4629446. Please help.,"Hello! Once an item is received at our fulfillment center, refunds usually take 3-5 business days. Please DM us your order #146-1441673-4629446 to check status.",Tue Oct 10 20:31:00 +0000 2017,AmazonHelp,return status says received at warehouse but refund not initiated for order number . please help.
103844,@AmazonHelp Your iOS app keeps crashing every time I tap the checkout button. Version 18.2.,"Hello! Please try accessing the site in an incognito window or restarting your device. If the bug persists, DM us your app version and device model.",Thu Oct 12 08:28:00 +0000 2017,AmazonHelp,your ios app keeps crashing every time i tap the checkout button. version 18.2.
103846,@AmazonHelp Carrier marked order #469-5630399-7341293 as delivered at front door but there is no package anywhere.,"Hello! We apologize for the delivery issue with #469-5630399-7341293. Please check around your porch/neighbors, and if still missing, DM us your account email.",Thu Oct 05 14:22:00 +0000 2017,AmazonHelp,carrier marked order order number as delivered at front door but there is no package anywhere.
103848,@AmazonHelp Please cancel my order #900-8683770-9824532 and process a full refund immediately.,We're sorry for the delay in your refund! Please reach out to us in DM with order #900-8683770-9824532 and your email address so we can review the return.,Sun Oct 01 17:50:00 +0000 2017,AmazonHelp,please cancel my order order number and process a full refund immediately.
103850,@AmazonHelp My tracking says delivered but I have not received anything for order #429-5788467-5091295!,"Hello! We apologize for the delivery issue with #429-5788467-5091295. Please check around your porch/neighbors, and if still missing, DM us your account email.",Wed Oct 25 10:06:00 +0000 2017,AmazonHelp,my tracking says delivered but i have not received anything for order order number !
103852,@AmazonHelp I forgot my password and the password reset link is never arriving in my inbox.,"Hello! If you suspect unauthorized access, please visit amzn.to/security immediately. You can also DM us your associated phone or email.",Wed Oct 04 07:55:00 +0000 2017,AmazonHelp,i forgot my password and the password reset link is never arriving in my inbox.
103854,@AmazonHelp My tracking says delivered but I have not received anything for order #592-9973473-7921487!,So sorry for the delay on #592-9973473-7921487! Please DM us your order details and we will check the transit status directly for you.,Tue Oct 03 10:32:00 +0000 2017,AmazonHelp,my tracking says delivered but i have not received anything for order order number !
103856,@AmazonHelp I was charged $123.99 twice for order #746-9799742-6370110. Please check your billing system.,"Sorry for the unexpected charge! If you did not intend to renew Prime, please DM us your email and we can help reverse eligible fees.",Thu Oct 26 07:29:00 +0000 2017,AmazonHelp,i was charged currency amount twice for order order number . please check your billing system.
103858,@AmazonHelp What is the return window for holiday purchases made in November?,Hi! You can check international shipping options and estimated import duties at checkout or by visiting amzn.to/shipping-rates.,Mon Oct 02 21:19:00 +0000 2017,AmazonHelp,what is the return window for holiday purchases made in november?
103860,@AmazonHelp Ordered express next-day delivery on #155-4104111-9425559 and it still hasn't shipped!,"Hello! We apologize for the delivery issue with #155-4104111-9425559. Please check around your porch/neighbors, and if still missing, DM us your account email.",Sat Oct 14 11:55:00 +0000 2017,AmazonHelp,ordered express next-day delivery on order number and it still hasn't shipped!
103862,@AmazonHelp Ordered express next-day delivery on #907-3573667-1458160 and it still hasn't shipped!,"Hi there, we're sorry to hear your order #907-3573667-1458160 is delayed! Please send us a DM at amzn.to/help with your details so we can investigate.",Sun Oct 15 22:16:00 +0000 2017,AmazonHelp,ordered express next-day delivery on order number and it still hasn't shipped!
103864,@AmazonHelp Why was my credit card charged $123.49 when my order total was only $11.00?,"Hello, duplicate charges are often pending authorizations that drop off in 2-3 business days. Please DM us your order #119-2601359-7741007 to confirm.",Tue Oct 03 01:49:00 +0000 2017,AmazonHelp,why was my credit card charged currency amount when my order total was only currency amount ?
103866,@AmazonHelp Incredible customer support experience today. Truly appreciate how fast my issue was handled.,Thank you so much for the kind words! We love hearing this and will pass your compliments along to the team. Have a wonderful day!,Tue Oct 03 11:39:00 +0000 2017,AmazonHelp,incredible customer support experience today. truly appreciate how fast my issue was handled.
103868,@AmazonHelp Carrier marked order #312-5295403-9962138 as delivered at front door but there is no package anywhere.,"Hello! We apologize for the delivery issue with #312-5295403-9962138. Please check around your porch/neighbors, and if still missing, DM us your account email.",Mon Oct 09 15:18:00 +0000 2017,AmazonHelp,carrier marked order order number as delivered at front door but there is no package anywhere.
103870,@AmazonHelp Return status says received at warehouse but refund not initiated for #219-4601686-3656233. Please help.,We're sorry for the delay in your refund! Please reach out to us in DM with order #219-4601686-3656233 and your email address so we can review the return.,Sun Oct 15 05:22:00 +0000 2017,AmazonHelp,return status says received at warehouse but refund not initiated for order number . please help.
103872,"@AmazonHelp Every time I try to log in, it loops back to the login screen without an error message.","Hi there, please ensure SMS isn't blocked by your carrier, or try clearing browser cache. If the issue persists, send us a DM.",Fri Oct 13 13:19:00 +0000 2017,AmazonHelp,"every time i try to log in, it loops back to the login screen without an error message."
103874,@AmazonHelp Getting 'An unexpected error occurred' whenever I try to add items to my shopping cart.,"Hello! Please try accessing the site in an incognito window or restarting your device. If the bug persists, DM us your app version and device model.",Sun Oct 22 20:27:00 +0000 2017,AmazonHelp,getting 'an unexpected error occurred' whenever i try to add items to my shopping cart.
103876,@AmazonHelp Return status says received at warehouse but refund not initiated for #954-2545435-6613796. Please help.,"Hello! Once an item is received at our fulfillment center, refunds usually take 3-5 business days. Please DM us your order #954-2545435-6613796 to check status.",Mon Oct 23 13:57:00 +0000 2017,AmazonHelp,return status says received at warehouse but refund not initiated for order number . please help.
103878,@AmazonHelp Your support team went above and beyond today. Thank you for the courteous and prompt help!,Hearing this makes our day! Thank you for your feedback and support. We're always here to help!,Wed Oct 18 04:34:00 +0000 2017,AmazonHelp,your support team went above and beyond today. thank you for the courteous and prompt help!
103880,@AmazonHelp Tracking status says delivery attempted but nobody buzzed or knocked. Order #969-7222167-3671838.,We understand your concern regarding order #969-7222167-3671838. Please drop us a DM with your tracking link and postal code so we can check with the carrier.,Wed Oct 11 23:52:00 +0000 2017,AmazonHelp,tracking status says delivery attempted but nobody buzzed or knocked. order order number .
103882,@AmazonHelp Package #694-7840442-3135434 has been stuck in transit in transit hub for over 48 hours. What gives?,"Hello! We apologize for the delivery issue with #694-7840442-3135434. Please check around your porch/neighbors, and if still missing, DM us your account email.",Thu Oct 19 01:05:00 +0000 2017,AmazonHelp,package order number has been stuck in transit in transit hub for over 48 hours. what gives?
103884,@AmazonHelp I demand an immediate escalation to executive customer relations. No more generic bot answers!,We are very sorry to hear this and take feedback like this seriously. Please send us a direct message with your account details and phone number so we can escalate to a supervisor.,Thu Oct 26 06:32:00 +0000 2017,AmazonHelp,i demand an immediate escalation to executive customer relations. no more generic bot answers!
103886,@AmazonHelp I returned item on order #317-5808672-7892487 over a week ago and still haven't received my refund.,Apologies for the inconvenience! Please DM us your account details so we can check on return #317-5808672-7892487 and expedite your refund.,Thu Oct 05 23:37:00 +0000 2017,AmazonHelp,i returned item on order order number over a week ago and still haven't received my refund.
103888,@AmazonHelp Website gives error 500 internal server error when trying to view my order history.,"Hello! Please try accessing the site in an incognito window or restarting your device. If the bug persists, DM us your app version and device model.",Tue Oct 24 03:15:00 +0000 2017,AmazonHelp,website gives error 500 internal server error when trying to view my order history.
103890,"@AmazonHelp Where is my package? Order #900-9644780-4300652 was supposed to arrive 2 days ago, still nothing!",So sorry for the delay on #900-9644780-4300652! Please DM us your order details and we will check the transit status directly for you.,Tue Oct 10 20:26:00 +0000 2017,AmazonHelp,"where is my package? order order number was supposed to arrive 2 days ago, still nothing!"
103892,@AmazonHelp Tracking status says delivery attempted but nobody buzzed or knocked. Order #160-8910966-3785792.,So sorry for the delay on #160-8910966-3785792! Please DM us your order details and we will check the transit status directly for you.,Mon Oct 02 05:52:00 +0000 2017,AmazonHelp,tracking status says delivery attempted but nobody buzzed or knocked. order order number .
103894,"@AmazonHelp If my issue is not resolved today, I will be taking legal action with my attorney. Order #495-5615386-4489768.",We hear your frustration and apologize for the breakdown in communication. Please DM us your order #495-5615386-4489768 so we can urgently review this with our leadership team.,Sat Oct 21 11:49:00 +0000 2017,AmazonHelp,"if my issue is not resolved today, i will be taking legal action with my attorney. order order number ."
103896,@AmazonHelp Tracking status says delivery attempted but nobody buzzed or knocked. Order #757-5663582-3418432.,"Hello! We apologize for the delivery issue with #757-5663582-3418432. Please check around your porch/neighbors, and if still missing, DM us your account email.",Tue Oct 10 01:55:00 +0000 2017,AmazonHelp,tracking status says delivery attempted but nobody buzzed or knocked. order order number .
103898,@AmazonHelp My tracking says delivered but I have not received anything for order #242-6042815-1190390!,"Hi there, we're sorry to hear your order #242-6042815-1190390 is delayed! Please send us a DM at amzn.to/help with your details so we can investigate.",Fri Oct 20 04:47:00 +0000 2017,AmazonHelp,my tracking says delivered but i have not received anything for order order number !
103900,"@AmazonHelp The mobile app is not loading product images, just showing blank white boxes.",We apologize for the technical glitch! Our technical team is monitoring site stability. Please send us a DM with a screenshot if the error continues.,Wed Oct 11 10:03:00 +0000 2017,AmazonHelp,"the mobile app is not loading product images, just showing blank white boxes."
103902,@AmazonHelp Tracking status says delivery attempted but nobody buzzed or knocked. Order #207-7536896-2802479.,"Hello! We apologize for the delivery issue with #207-7536896-2802479. Please check around your porch/neighbors, and if still missing, DM us your account email.",Sat Oct 28 18:09:00 +0000 2017,AmazonHelp,tracking status says delivery attempted but nobody buzzed or knocked. order order number .
103904,@AmazonHelp Checkout page freezes when selecting saved shipping address.,We're sorry for the app crash. Please ensure you are running the latest app update. DM us if you need further technical troubleshooting.,Mon Oct 23 07:31:00 +0000 2017,AmazonHelp,checkout page freezes when selecting saved shipping address.
103906,@AmazonHelp Do you offer student discounts on annual Prime memberships?,Hi! You can check international shipping options and estimated import duties at checkout or by visiting amzn.to/shipping-rates.,Wed Oct 04 04:49:00 +0000 2017,AmazonHelp,do you offer student discounts on annual prime memberships?
103908,@AmazonHelp Are recyclable packaging options available for fragile items?,Hi! You can check international shipping options and estimated import duties at checkout or by visiting amzn.to/shipping-rates.,Fri Oct 27 16:43:00 +0000 2017,AmazonHelp,are recyclable packaging options available for fragile items?
103910,@AmazonHelp Search bar on the website is completely unresponsive on Chrome desktop.,We're sorry for the app crash. Please ensure you are running the latest app update. DM us if you need further technical troubleshooting.,Fri Oct 20 08:29:00 +0000 2017,AmazonHelp,search bar on the website is completely unresponsive on chrome desktop.
103912,@AmazonHelp Please cancel my order #657-1553318-2213893 and process a full refund immediately.,We're sorry for the delay in your refund! Please reach out to us in DM with order #657-1553318-2213893 and your email address so we can review the return.,Tue Oct 24 05:16:00 +0000 2017,AmazonHelp,please cancel my order order number and process a full refund immediately.
103914,@AmazonHelp I returned item on order #367-3616177-2005185 over a week ago and still haven't received my refund.,Apologies for the inconvenience! Please DM us your account details so we can check on return #367-3616177-2005185 and expedite your refund.,Thu Oct 05 18:03:00 +0000 2017,AmazonHelp,i returned item on order order number over a week ago and still haven't received my refund.
103916,@AmazonHelp Does this product come with a power adapter or do I need to buy it separately?,Hi! You can check international shipping options and estimated import duties at checkout or by visiting amzn.to/shipping-rates.,Thu Oct 05 07:23:00 +0000 2017,AmazonHelp,does this product come with a power adapter or do i need to buy it separately?
103918,@AmazonHelp Can someone check on order #997-3268809-2640158? It's a birthday gift and now it's late.,"Hi there, we're sorry to hear your order #997-3268809-2640158 is delayed! Please send us a DM at amzn.to/help with your details so we can investigate.",Wed Oct 25 01:49:00 +0000 2017,AmazonHelp,can someone check on order order number ? it's a birthday gift and now it's late.
103920,@AmazonHelp How can I change my primary delivery address before placing an order?,Hello! Most electronics purchased from authorized sellers include standard warranty. Please DM us the product ASIN to check details.,Wed Oct 04 19:01:00 +0000 2017,AmazonHelp,how can i change my primary delivery address before placing an order?
103922,@AmazonHelp Carrier marked order #546-8993284-9557662 as delivered at front door but there is no package anywhere.,"Hi there, we're sorry to hear your order #546-8993284-9557662 is delayed! Please send us a DM at amzn.to/help with your details so we can investigate.",Thu Oct 26 14:15:00 +0000 2017,AmazonHelp,carrier marked order order number as delivered at front door but there is no package anywhere.
103924,@AmazonHelp Package #752-9377149-6061106 has been stuck in transit in transit hub for over 48 hours. What gives?,"Hello! We apologize for the delivery issue with #752-9377149-6061106. Please check around your porch/neighbors, and if still missing, DM us your account email.",Sun Oct 08 06:46:00 +0000 2017,AmazonHelp,package order number has been stuck in transit in transit hub for over 48 hours. what gives?
103926,@AmazonHelp Return status says received at warehouse but refund not initiated for #998-1803379-2277335. Please help.,"Hello! Once an item is received at our fulfillment center, refunds usually take 3-5 business days. Please DM us your order #998-1803379-2277335 to check status.",Sat Oct 28 12:53:00 +0000 2017,AmazonHelp,return status says received at warehouse but refund not initiated for order number . please help.
103928,@AmazonHelp Return status says received at warehouse but refund not initiated for #777-4112947-7518553. Please help.,We're sorry for the delay in your refund! Please reach out to us in DM with order #777-4112947-7518553 and your email address so we can review the return.,Mon Oct 09 08:42:00 +0000 2017,AmazonHelp,return status says received at warehouse but refund not initiated for order number . please help.
103930,"@AmazonHelp Help! Account locked due to too many failed attempts, how do I unlock it?","Hello! If you suspect unauthorized access, please visit amzn.to/security immediately. You can also DM us your associated phone or email.",Wed Oct 25 07:14:00 +0000 2017,AmazonHelp,"help! account locked due to too many failed attempts, how do i unlock it?"
103932,@AmazonHelp Please cancel my order #719-5736653-9500739 and process a full refund immediately.,Hi! We want to help get this sorted. Please send us a direct message with order #719-5736653-9500739 and return tracking number so we can verify with our billing team.,Sat Oct 21 22:05:00 +0000 2017,AmazonHelp,please cancel my order order number and process a full refund immediately.
103934,@AmazonHelp This is completely unacceptable. I want to speak to a supervisor or corporate manager right now!,This is definitely not the experience we want for our customers. Please reach out in DM with your contact information so an escalation manager can connect with you.,Thu Oct 19 02:41:00 +0000 2017,AmazonHelp,this is completely unacceptable. i want to speak to a supervisor or corporate manager right now!
103936,@AmazonHelp Can someone check on order #769-7067065-7796343? It's a birthday gift and now it's late.,"Hi there, we're sorry to hear your order #769-7067065-7796343 is delayed! Please send us a DM at amzn.to/help with your details so we can investigate.",Tue Oct 03 07:48:00 +0000 2017,AmazonHelp,can someone check on order order number ? it's a birthday gift and now it's late.
103938,@AmazonHelp Charged for an item I sent back last Monday. When will my refund of $229.49 arrive?,We're sorry for the delay in your refund! Please reach out to us in DM with order #769-5604580-2866156 and your email address so we can review the return.,Tue Oct 03 05:16:00 +0000 2017,AmazonHelp,charged for an item i sent back last monday. when will my refund of currency amount arrive?
103940,@AmazonHelp I forgot my password and the password reset link is never arriving in my inbox.,"Hi there, please ensure SMS isn't blocked by your carrier, or try clearing browser cache. If the issue persists, send us a DM.",Wed Oct 25 18:47:00 +0000 2017,AmazonHelp,i forgot my password and the password reset link is never arriving in my inbox.
103942,@AmazonHelp shipment #517-3826969-4224144 is delayed by 3 days already. Any update on when it will arrive?,"Hello! We apologize for the delivery issue with #517-3826969-4224144. Please check around your porch/neighbors, and if still missing, DM us your account email.",Thu Oct 26 12:10:00 +0000 2017,AmazonHelp,shipment order number is delayed by 3 days already. any update on when it will arrive?
103944,@AmazonHelp Carrier marked order #669-3600857-5763194 as delivered at front door but there is no package anywhere.,We understand your concern regarding order #669-3600857-5763194. Please drop us a DM with your tracking link and postal code so we can check with the carrier.,Sat Oct 28 06:36:00 +0000 2017,AmazonHelp,carrier marked order order number as delivered at front door but there is no package anywhere.
103946,@AmazonHelp Return status says received at warehouse but refund not initiated for #101-5578830-2548024. Please help.,"Hello! Once an item is received at our fulfillment center, refunds usually take 3-5 business days. Please DM us your order #101-5578830-2548024 to check status.",Fri Oct 06 15:07:00 +0000 2017,AmazonHelp,return status says received at warehouse but refund not initiated for order number . please help.
103948,@AmazonHelp I was told my refund of $96.50 for order #130-6275068-4258805 would be in my account in 3-5 days. It's been 10 days.,"Hello! Once an item is received at our fulfillment center, refunds usually take 3-5 business days. Please DM us your order #130-6275068-4258805 to check status.",Sat Oct 21 05:59:00 +0000 2017,AmazonHelp,i was told my refund of currency amount for order order number would be in my account in 3-5 days. it's been 10 days.
103950,@AmazonHelp Carrier marked order #817-7029466-9210351 as delivered at front door but there is no package anywhere.,"Hi there, we're sorry to hear your order #817-7029466-9210351 is delayed! Please send us a DM at amzn.to/help with your details so we can investigate.",Wed Oct 25 23:19:00 +0000 2017,AmazonHelp,carrier marked order order number as delivered at front door but there is no package anywhere.
103952,@AmazonHelp Do you offer student discounts on annual Prime memberships?,Hi! You can check international shipping options and estimated import duties at checkout or by visiting amzn.to/shipping-rates.,Mon Oct 16 12:39:00 +0000 2017,AmazonHelp,do you offer student discounts on annual prime memberships?
103954,@AmazonHelp Getting 'An unexpected error occurred' whenever I try to add items to my shopping cart.,We apologize for the technical glitch! Our technical team is monitoring site stability. Please send us a DM with a screenshot if the error continues.,Tue Oct 03 00:47:00 +0000 2017,AmazonHelp,getting 'an unexpected error occurred' whenever i try to add items to my shopping cart.
103956,"@AmazonHelp Where is my package? Order #622-4745893-1378709 was supposed to arrive on Friday, still nothing!","Hello! We apologize for the delivery issue with #622-4745893-1378709. Please check around your porch/neighbors, and if still missing, DM us your account email.",Thu Oct 26 18:50:00 +0000 2017,AmazonHelp,"where is my package? order order number was supposed to arrive on friday, still nothing!"
103958,@AmazonHelp Your iOS app keeps crashing every time I tap the checkout button. Version 18.2.,"Hello! Please try accessing the site in an incognito window or restarting your device. If the bug persists, DM us your app version and device model.",Mon Oct 16 11:34:00 +0000 2017,AmazonHelp,your ios app keeps crashing every time i tap the checkout button. version 18.2.
103960,@AmazonHelp How long does it take for a refund to process to my original payment method for return #452-9270945-7242491?,We're sorry for the delay in your refund! Please reach out to us in DM with order #452-9270945-7242491 and your email address so we can review the return.,Sun Oct 01 09:44:00 +0000 2017,AmazonHelp,how long does it take for a refund to process to my original payment method for return order number ?
103962,"@AmazonHelp Charged $106.49 annual subscription fee by mistake, please reverse this charge.",Hi! We'd be glad to look into this charge for you. Please send us a DM with the date and amount so we can locate the transaction securely.,Tue Oct 03 13:57:00 +0000 2017,AmazonHelp,"charged currency amount annual subscription fee by mistake, please reverse this charge."
103964,@AmazonHelp Please cancel my order #570-5036476-4917953 and process a full refund immediately.,Apologies for the inconvenience! Please DM us your account details so we can check on return #570-5036476-4917953 and expedite your refund.,Sat Oct 07 22:11:00 +0000 2017,AmazonHelp,please cancel my order order number and process a full refund immediately.
103966,@AmazonHelp I returned item on order #328-8017149-2159508 over a week ago and still haven't received my refund.,Hi! We want to help get this sorted. Please send us a direct message with order #328-8017149-2159508 and return tracking number so we can verify with our billing team.,Mon Oct 23 04:06:00 +0000 2017,AmazonHelp,i returned item on order order number over a week ago and still haven't received my refund.
103968,@AmazonHelp Payment declined on my card even though there are sufficient funds available.,Hi! We'd be glad to look into this charge for you. Please send us a DM with the date and amount so we can locate the transaction securely.,Sat Oct 14 05:01:00 +0000 2017,AmazonHelp,payment declined on my card even though there are sufficient funds available.
103970,@AmazonHelp Package #244-5203233-3921062 has been stuck in transit in transit hub for over 48 hours. What gives?,"Hi there, we're sorry to hear your order #244-5203233-3921062 is delayed! Please send us a DM at amzn.to/help with your details so we can investigate.",Sat Oct 07 02:39:00 +0000 2017,AmazonHelp,package order number has been stuck in transit in transit hub for over 48 hours. what gives?
103972,@AmazonHelp Ordered express next-day delivery on #438-6737942-5137270 and it still hasn't shipped!,We understand your concern regarding order #438-6737942-5137270. Please drop us a DM with your tracking link and postal code so we can check with the carrier.,Sat Oct 14 04:48:00 +0000 2017,AmazonHelp,ordered express next-day delivery on order number and it still hasn't shipped!
103974,@AmazonHelp You have lied to me three times about my delivery. I am reporting this fraud to the Better Business Bureau.,We hear your frustration and apologize for the breakdown in communication. Please DM us your order #493-3921201-9371621 so we can urgently review this with our leadership team.,Wed Oct 04 04:07:00 +0000 2017,AmazonHelp,you have lied to me three times about my delivery. i am reporting this fraud to the better business bureau.
103976,@AmazonHelp Incredible customer support experience today. Truly appreciate how fast my issue was handled.,"We're thrilled to hear Sarah was able to help! Thank you for choosing us, and please don't hesitate to reach out if you ever need anything else.",Thu Oct 05 03:12:00 +0000 2017,AmazonHelp,incredible customer support experience today. truly appreciate how fast my issue was handled.
103978,@AmazonHelp Why was my credit card charged $114.49 when my order total was only $6.99?,"Sorry for the unexpected charge! If you did not intend to renew Prime, please DM us your email and we can help reverse eligible fees.",Mon Oct 09 17:47:00 +0000 2017,AmazonHelp,why was my credit card charged currency amount when my order total was only currency amount ?
103980,@AmazonHelp I was charged $139.99 twice for order #553-3649653-2664446. Please check your billing system.,We apologize for the billing confusion. Please reach out via DM with the last 4 digits of the card and transaction date so we can inspect.,Thu Oct 19 21:51:00 +0000 2017,AmazonHelp,i was charged currency amount twice for order order number . please check your billing system.
103982,"@AmazonHelp Every time I try to log in, it loops back to the login screen without an error message.",We're sorry you're having trouble accessing your account. Please send us a DM so we can securely guide you through the two-step verification reset.,Sun Oct 01 14:25:00 +0000 2017,AmazonHelp,"every time i try to log in, it loops back to the login screen without an error message."
103984,"@AmazonHelp Where is my package? Order #229-6955093-1553932 was supposed to arrive last week, still nothing!",We understand your concern regarding order #229-6955093-1553932. Please drop us a DM with your tracking link and postal code so we can check with the carrier.,Tue Oct 17 16:22:00 +0000 2017,AmazonHelp,"where is my package? order order number was supposed to arrive last week, still nothing!"
103986,@AmazonHelp Carrier marked order #146-8012655-2597520 as delivered at front door but there is no package anywhere.,We understand your concern regarding order #146-8012655-2597520. Please drop us a DM with your tracking link and postal code so we can check with the carrier.,Wed Oct 11 15:32:00 +0000 2017,AmazonHelp,carrier marked order order number as delivered at front door but there is no package anywhere.
103988,@AmazonHelp Just noticed an unauthorized charge of $29.00 for Prime membership that I never authorized.,"Sorry for the unexpected charge! If you did not intend to renew Prime, please DM us your email and we can help reverse eligible fees.",Mon Oct 09 18:13:00 +0000 2017,AmazonHelp,just noticed an unauthorized charge of currency amount for prime membership that i never authorized.
103990,@AmazonHelp Need a refund for #835-5710588-9258239. Sent back via drop-off locker 5 days ago.,We're sorry for the delay in your refund! Please reach out to us in DM with order #835-5710588-9258239 and your email address so we can review the return.,Sun Oct 01 09:31:00 +0000 2017,AmazonHelp,need a refund for order number . sent back via drop-off locker 5 days ago.
103992,@AmazonHelp Checkout page freezes when selecting saved shipping address.,"Hi! Thanks for bringing this to our attention. Have you tried reinstalling the app or clearing your cache? If so, please DM us your device OS version.",Mon Oct 16 11:06:00 +0000 2017,AmazonHelp,checkout page freezes when selecting saved shipping address.
103994,@AmazonHelp How long does it take for a refund to process to my original payment method for return #851-5830829-5111472?,Hi! We want to help get this sorted. Please send us a direct message with order #851-5830829-5111472 and return tracking number so we can verify with our billing team.,Fri Oct 06 03:03:00 +0000 2017,AmazonHelp,how long does it take for a refund to process to my original payment method for return order number ?
103996,@AmazonHelp Why was my credit card charged $197.50 when my order total was only $15.00?,"Sorry for the unexpected charge! If you did not intend to renew Prime, please DM us your email and we can help reverse eligible fees.",Fri Oct 20 09:40:00 +0000 2017,AmazonHelp,why was my credit card charged currency amount when my order total was only currency amount ?
103998,@AmazonHelp My tracking says delivered but I have not received anything for order #902-3686384-2451909!,"Hi there, we're sorry to hear your order #902-3686384-2451909 is delayed! Please send us a DM at amzn.to/help with your details so we can investigate.",Sat Oct 07 09:14:00 +0000 2017,AmazonHelp,my tracking says delivered but i have not received anything for order order number !
104000,@AmazonHelp Tracking status says delivery attempted but nobody buzzed or knocked. Order #216-7556394-9027233.,"Hello! We apologize for the delivery issue with #216-7556394-9027233. Please check around your porch/neighbors, and if still missing, DM us your account email.",Thu Oct 12 13:47:00 +0000 2017,AmazonHelp,tracking status says delivery attempted but nobody buzzed or knocked. order order number .
104002,@AmazonHelp shipment #800-9158666-3065345 is delayed by 3 days already. Any update on when it will arrive?,So sorry for the delay on #800-9158666-3065345! Please DM us your order details and we will check the transit status directly for you.,Tue Oct 24 21:31:00 +0000 2017,AmazonHelp,shipment order number is delayed by 3 days already. any update on when it will arrive?
104004,@AmazonHelp Why was my credit card charged $248.50 when my order total was only $7.00?,We apologize for the billing confusion. Please reach out via DM with the last 4 digits of the card and transaction date so we can inspect.,Mon Oct 02 08:34:00 +0000 2017,AmazonHelp,why was my credit card charged currency amount when my order total was only currency amount ?
104006,@AmazonHelp shipment #864-5107753-8609404 is delayed by 3 days already. Any update on when it will arrive?,"Hello! We apologize for the delivery issue with #864-5107753-8609404. Please check around your porch/neighbors, and if still missing, DM us your account email.",Wed Oct 04 16:54:00 +0000 2017,AmazonHelp,shipment order number is delayed by 3 days already. any update on when it will arrive?
104008,@AmazonHelp Can someone check on order #547-6781086-9425599? It's a birthday gift and now it's late.,We understand your concern regarding order #547-6781086-9425599. Please drop us a DM with your tracking link and postal code so we can check with the carrier.,Mon Oct 23 17:11:00 +0000 2017,AmazonHelp,can someone check on order order number ? it's a birthday gift and now it's late.
104010,"@AmazonHelp My account was compromised or hacked, someone changed the email on file. Need help urgently!","Hi! For your security, please don't share passwords publicly. Please visit amzn.to/account-recovery or DM us to begin identity verification.",Thu Oct 05 20:27:00 +0000 2017,AmazonHelp,"my account was compromised or hacked, someone changed the email on file. need help urgently!"
104012,"@AmazonHelp Charged $56.50 annual subscription fee by mistake, please reverse this charge.","Sorry for the unexpected charge! If you did not intend to renew Prime, please DM us your email and we can help reverse eligible fees.",Wed Oct 11 09:40:00 +0000 2017,AmazonHelp,"charged currency amount annual subscription fee by mistake, please reverse this charge."
104014,@AmazonHelp Can someone check on order #247-9184794-4071550? It's a birthday gift and now it's late.,We understand your concern regarding order #247-9184794-4071550. Please drop us a DM with your tracking link and postal code so we can check with the carrier.,Thu Oct 19 05:27:00 +0000 2017,AmazonHelp,can someone check on order order number ? it's a birthday gift and now it's late.
104016,@AmazonHelp I demand an immediate escalation to executive customer relations. No more generic bot answers!,We are very sorry to hear this and take feedback like this seriously. Please send us a direct message with your account details and phone number so we can escalate to a supervisor.,Sat Oct 14 01:24:00 +0000 2017,AmazonHelp,i demand an immediate escalation to executive customer relations. no more generic bot answers!
104018,@AmazonHelp I returned item on order #476-3018529-1363733 over a week ago and still haven't received my refund.,Apologies for the inconvenience! Please DM us your account details so we can check on return #476-3018529-1363733 and expedite your refund.,Sat Oct 07 06:35:00 +0000 2017,AmazonHelp,i returned item on order order number over a week ago and still haven't received my refund.
104020,@AmazonHelp I was told my refund of $234.00 for order #492-9956212-6600282 would be in my account in 3-5 days. It's been 10 days.,Apologies for the inconvenience! Please DM us your account details so we can check on return #492-9956212-6600282 and expedite your refund.,Mon Oct 23 18:37:00 +0000 2017,AmazonHelp,i was told my refund of currency amount for order order number would be in my account in 3-5 days. it's been 10 days.
104022,@AmazonHelp Can you explain the invoice breakdown for #336-6361607-1365490? There's an extra charge of $172.50.,"Hello, duplicate charges are often pending authorizations that drop off in 2-3 business days. Please DM us your order #336-6361607-1365490 to confirm.",Sat Oct 07 08:05:00 +0000 2017,AmazonHelp,can you explain the invoice breakdown for order number ? there's an extra charge of currency amount .
104024,@AmazonHelp Can someone check on order #547-7228508-1073322? It's a birthday gift and now it's late.,So sorry for the delay on #547-7228508-1073322! Please DM us your order details and we will check the transit status directly for you.,Sun Oct 01 15:50:00 +0000 2017,AmazonHelp,can someone check on order order number ? it's a birthday gift and now it's late.
104026,"@AmazonHelp Unbelievable negligence. Damaged goods, ruined anniversary, zero accountability from your team.",We sincerely apologize for this distressing experience. This is certainly not the level of service we aim to provide. Please DM us immediately so a senior specialist can assist.,Wed Oct 11 20:25:00 +0000 2017,AmazonHelp,"unbelievable negligence. damaged goods, ruined anniversary, zero accountability from your team."
104028,@AmazonHelp You guys billed me twice on the same day for order #237-2570468-5909096. Please fix this duplicate charge.,"Hello, duplicate charges are often pending authorizations that drop off in 2-3 business days. Please DM us your order #237-2570468-5909096 to confirm.",Tue Oct 03 22:17:00 +0000 2017,AmazonHelp,you guys billed me twice on the same day for order order number . please fix this duplicate charge.
104030,@AmazonHelp I was charged $198.50 twice for order #376-6312608-2074266. Please check your billing system.,"Sorry for the unexpected charge! If you did not intend to renew Prime, please DM us your email and we can help reverse eligible fees.",Thu Oct 19 21:33:00 +0000 2017,AmazonHelp,i was charged currency amount twice for order order number . please check your billing system.
104032,@AmazonHelp shipment #243-9727843-8152773 is delayed by 3 days already. Any update on when it will arrive?,"Hi there, we're sorry to hear your order #243-9727843-8152773 is delayed! Please send us a DM at amzn.to/help with your details so we can investigate.",Tue Oct 03 14:32:00 +0000 2017,AmazonHelp,shipment order number is delayed by 3 days already. any update on when it will arrive?
104034,"@AmazonHelp Received broken item in order #374-3122320-7504497. I want my money back, not a replacement.",Apologies for the inconvenience! Please DM us your account details so we can check on return #374-3122320-7504497 and expedite your refund.,Sat Oct 21 22:01:00 +0000 2017,AmazonHelp,"received broken item in order order number . i want my money back, not a replacement."
104036,@AmazonHelp Charged for an item I sent back last Monday. When will my refund of $191.50 arrive?,"Hello! Once an item is received at our fulfillment center, refunds usually take 3-5 business days. Please DM us your order #908-9548139-3791487 to check status.",Mon Oct 16 15:32:00 +0000 2017,AmazonHelp,charged for an item i sent back last monday. when will my refund of currency amount arrive?
104038,@AmazonHelp Can you explain the invoice breakdown for #721-5798959-8295839? There's an extra charge of $239.49.,Hi! We'd be glad to look into this charge for you. Please send us a DM with the date and amount so we can locate the transaction securely.,Mon Oct 09 22:08:00 +0000 2017,AmazonHelp,can you explain the invoice breakdown for order number ? there's an extra charge of currency amount .
104040,@AmazonHelp Please cancel my order #478-2570040-4609600 and process a full refund immediately.,Hi! We want to help get this sorted. Please send us a direct message with order #478-2570040-4609600 and return tracking number so we can verify with our billing team.,Thu Oct 19 04:38:00 +0000 2017,AmazonHelp,please cancel my order order number and process a full refund immediately.
104042,@AmazonHelp Unable to sign in to my account from my new laptop. Says suspicious activity detected.,"Hi! For your security, please don't share passwords publicly. Please visit amzn.to/account-recovery or DM us to begin identity verification.",Sat Oct 14 04:52:00 +0000 2017,AmazonHelp,unable to sign in to my account from my new laptop. says suspicious activity detected.
104044,"@AmazonHelp Received broken item in order #165-6848050-7805960. I want my money back, not a replacement.","Hello! Once an item is received at our fulfillment center, refunds usually take 3-5 business days. Please DM us your order #165-6848050-7805960 to check status.",Tue Oct 24 19:35:00 +0000 2017,AmazonHelp,"received broken item in order order number . i want my money back, not a replacement."
104046,"@AmazonHelp Where is my package? Order #417-8685331-6363991 was supposed to arrive last week, still nothing!","Hi there, we're sorry to hear your order #417-8685331-6363991 is delayed! Please send us a DM at amzn.to/help with your details so we can investigate.",Tue Oct 24 20:58:00 +0000 2017,AmazonHelp,"where is my package? order order number was supposed to arrive last week, still nothing!"
104048,@AmazonHelp Please cancel my order #558-2845323-9171481 and process a full refund immediately.,"Hello! Once an item is received at our fulfillment center, refunds usually take 3-5 business days. Please DM us your order #558-2845323-9171481 to check status.",Sun Oct 22 10:17:00 +0000 2017,AmazonHelp,please cancel my order order number and process a full refund immediately.
104050,@AmazonHelp Ordered express next-day delivery on #720-9843526-4426007 and it still hasn't shipped!,So sorry for the delay on #720-9843526-4426007! Please DM us your order details and we will check the transit status directly for you.,Tue Oct 24 22:06:00 +0000 2017,AmazonHelp,ordered express next-day delivery on order number and it still hasn't shipped!
104052,@AmazonHelp shipment #682-8885674-7465605 is delayed by 3 days already. Any update on when it will arrive?,So sorry for the delay on #682-8885674-7465605! Please DM us your order details and we will check the transit status directly for you.,Mon Oct 23 01:28:00 +0000 2017,AmazonHelp,shipment order number is delayed by 3 days already. any update on when it will arrive?
104054,@AmazonHelp The video streaming player on Prime Video keeps stuttering and buffering on my Smart TV.,"Hi! Thanks for bringing this to our attention. Have you tried reinstalling the app or clearing your cache? If so, please DM us your device OS version.",Tue Oct 17 04:52:00 +0000 2017,AmazonHelp,the video streaming player on prime video keeps stuttering and buffering on my smart tv.
104056,@AmazonHelp I was told my refund of $78.99 for order #822-3515763-7201152 would be in my account in 3-5 days. It's been 10 days.,Hi! We want to help get this sorted. Please send us a direct message with order #822-3515763-7201152 and return tracking number so we can verify with our billing team.,Thu Oct 19 00:42:00 +0000 2017,AmazonHelp,i was told my refund of currency amount for order order number would be in my account in 3-5 days. it's been 10 days.
104058,@AmazonHelp Can you explain the invoice breakdown for #196-8853827-9086246? There's an extra charge of $100.00.,"Sorry for the unexpected charge! If you did not intend to renew Prime, please DM us your email and we can help reverse eligible fees.",Thu Oct 26 07:38:00 +0000 2017,AmazonHelp,can you explain the invoice breakdown for order number ? there's an extra charge of currency amount .
104060,@AmazonHelp Why was my credit card charged $16.49 when my order total was only $30.99?,"Sorry for the unexpected charge! If you did not intend to renew Prime, please DM us your email and we can help reverse eligible fees.",Mon Oct 23 04:12:00 +0000 2017,AmazonHelp,why was my credit card charged currency amount when my order total was only currency amount ?
104062,@AmazonHelp I was told my refund of $96.00 for order #673-4724182-5278966 would be in my account in 3-5 days. It's been 10 days.,Hi! We want to help get this sorted. Please send us a direct message with order #673-4724182-5278966 and return tracking number so we can verify with our billing team.,Tue Oct 24 22:39:00 +0000 2017,AmazonHelp,i was told my refund of currency amount for order order number would be in my account in 3-5 days. it's been 10 days.
104064,"@AmazonHelp Unbelievable negligence. Damaged goods, ruined anniversary, zero accountability from your team.",We are very sorry to hear this and take feedback like this seriously. Please send us a direct message with your account details and phone number so we can escalate to a supervisor.,Sun Oct 01 17:43:00 +0000 2017,AmazonHelp,"unbelievable negligence. damaged goods, ruined anniversary, zero accountability from your team."
104066,@AmazonHelp I forgot my password and the password reset link is never arriving in my inbox.,"Hello! If you suspect unauthorized access, please visit amzn.to/security immediately. You can also DM us your associated phone or email.",Sun Oct 15 21:29:00 +0000 2017,AmazonHelp,i forgot my password and the password reset link is never arriving in my inbox.
104068,@AmazonHelp You guys billed me twice on the same day for order #592-9454950-7542039. Please fix this duplicate charge.,Hi! We'd be glad to look into this charge for you. Please send us a DM with the date and amount so we can locate the transaction securely.,Wed Oct 04 16:57:00 +0000 2017,AmazonHelp,you guys billed me twice on the same day for order order number . please fix this duplicate charge.
104070,@AmazonHelp What is the return window for holiday purchases made in November?,Hi! You can check international shipping options and estimated import duties at checkout or by visiting amzn.to/shipping-rates.,Mon Oct 23 09:02:00 +0000 2017,AmazonHelp,what is the return window for holiday purchases made in november?
104072,"@AmazonHelp Every time I try to log in, it loops back to the login screen without an error message.","Hello! If you suspect unauthorized access, please visit amzn.to/security immediately. You can also DM us your associated phone or email.",Thu Oct 19 12:34:00 +0000 2017,AmazonHelp,"every time i try to log in, it loops back to the login screen without an error message."
104074,@AmazonHelp Getting 'An unexpected error occurred' whenever I try to add items to my shopping cart.,"Hello! Please try accessing the site in an incognito window or restarting your device. If the bug persists, DM us your app version and device model.",Mon Oct 02 04:05:00 +0000 2017,AmazonHelp,getting 'an unexpected error occurred' whenever i try to add items to my shopping cart.
104076,@AmazonHelp Checkout page freezes when selecting saved shipping address.,We apologize for the technical glitch! Our technical team is monitoring site stability. Please send us a DM with a screenshot if the error continues.,Mon Oct 09 16:08:00 +0000 2017,AmazonHelp,checkout page freezes when selecting saved shipping address.
104078,@AmazonHelp Do you offer student discounts on annual Prime memberships?,"Hello! Our standard return policy is 30 days, but extended holiday return windows often apply. Let us know if you have a specific item in mind!",Thu Oct 12 10:42:00 +0000 2017,AmazonHelp,do you offer student discounts on annual prime memberships?
104080,@AmazonHelp My tracking says delivered but I have not received anything for order #216-6613235-9268512!,"Hi there, we're sorry to hear your order #216-6613235-9268512 is delayed! Please send us a DM at amzn.to/help with your details so we can investigate.",Thu Oct 19 10:36:00 +0000 2017,AmazonHelp,my tracking says delivered but i have not received anything for order order number !
104082,@AmazonHelp Need a refund for #131-9454364-1548559. Sent back via drop-off locker 5 days ago.,Hi! We want to help get this sorted. Please send us a direct message with order #131-9454364-1548559 and return tracking number so we can verify with our billing team.,Sun Oct 22 02:46:00 +0000 2017,AmazonHelp,need a refund for order number . sent back via drop-off locker 5 days ago.
104084,@AmazonHelp You have lied to me three times about my delivery. I am reporting this fraud to the Better Business Bureau.,We sincerely apologize for this distressing experience. This is certainly not the level of service we aim to provide. Please DM us immediately so a senior specialist can assist.,Fri Oct 27 08:06:00 +0000 2017,AmazonHelp,you have lied to me three times about my delivery. i am reporting this fraud to the better business bureau.
104086,"@AmazonHelp Two-factor authentication is failing, says invalid token even though it's correct.",We're sorry you're having trouble accessing your account. Please send us a DM so we can securely guide you through the two-step verification reset.,Tue Oct 10 19:50:00 +0000 2017,AmazonHelp,"two-factor authentication is failing, says invalid token even though it's correct."
104088,@AmazonHelp I demand an immediate escalation to executive customer relations. No more generic bot answers!,We hear your frustration and apologize for the breakdown in communication. Please DM us your order #606-3327151-7839536 so we can urgently review this with our leadership team.,Sat Oct 28 07:54:00 +0000 2017,AmazonHelp,i demand an immediate escalation to executive customer relations. no more generic bot answers!
104090,@AmazonHelp Huge shoutout to Sarah from customer support who solved my lost package in 5 minutes! Amazing service!,Hearing this makes our day! Thank you for your feedback and support. We're always here to help!,Tue Oct 03 15:13:00 +0000 2017,AmazonHelp,huge shoutout to sarah from customer support who solved my lost package in 5 minutes! amazing service!
104092,@AmazonHelp Return status says received at warehouse but refund not initiated for #864-7324847-1293064. Please help.,Hi! We want to help get this sorted. Please send us a direct message with order #864-7324847-1293064 and return tracking number so we can verify with our billing team.,Sat Oct 07 21:28:00 +0000 2017,AmazonHelp,return status says received at warehouse but refund not initiated for order number . please help.
104094,@AmazonHelp What is the return window for holiday purchases made in November?,"Hello! Our standard return policy is 30 days, but extended holiday return windows often apply. Let us know if you have a specific item in mind!",Tue Oct 10 12:18:00 +0000 2017,AmazonHelp,what is the return window for holiday purchases made in november?
104096,@AmazonHelp Can someone check on order #159-1954026-1632773? It's a birthday gift and now it's late.,"Hi there, we're sorry to hear your order #159-1954026-1632773 is delayed! Please send us a DM at amzn.to/help with your details so we can investigate.",Sun Oct 01 12:53:00 +0000 2017,AmazonHelp,can someone check on order order number ? it's a birthday gift and now it's late.
104098,@AmazonHelp How can I change my primary delivery address before placing an order?,Hello! Most electronics purchased from authorized sellers include standard warranty. Please DM us the product ASIN to check details.,Tue Oct 03 16:15:00 +0000 2017,AmazonHelp,how can i change my primary delivery address before placing an order?
104100,"@AmazonHelp The mobile app is not loading product images, just showing blank white boxes.",We're sorry for the app crash. Please ensure you are running the latest app update. DM us if you need further technical troubleshooting.,Mon Oct 09 03:07:00 +0000 2017,AmazonHelp,"the mobile app is not loading product images, just showing blank white boxes."
104102,@AmazonHelp This is completely unacceptable. I want to speak to a supervisor or corporate manager right now!,We hear your frustration and apologize for the breakdown in communication. Please DM us your order #125-9587333-2381560 so we can urgently review this with our leadership team.,Fri Oct 27 09:52:00 +0000 2017,AmazonHelp,this is completely unacceptable. i want to speak to a supervisor or corporate manager right now!
104104,@AmazonHelp Website gives error 500 internal server error when trying to view my order history.,"Hi! Thanks for bringing this to our attention. Have you tried reinstalling the app or clearing your cache? If so, please DM us your device OS version.",Thu Oct 26 08:06:00 +0000 2017,AmazonHelp,website gives error 500 internal server error when trying to view my order history.
104106,@AmazonHelp You guys billed me twice on the same day for order #859-5102144-1140374. Please fix this duplicate charge.,We apologize for the billing confusion. Please reach out via DM with the last 4 digits of the card and transaction date so we can inspect.,Thu Oct 05 16:24:00 +0000 2017,AmazonHelp,you guys billed me twice on the same day for order order number . please fix this duplicate charge.
104108,"@AmazonHelp Charged $185.50 annual subscription fee by mistake, please reverse this charge.",We apologize for the billing confusion. Please reach out via DM with the last 4 digits of the card and transaction date so we can inspect.,Mon Oct 02 16:27:00 +0000 2017,AmazonHelp,"charged currency amount annual subscription fee by mistake, please reverse this charge."
104110,@AmazonHelp Charged for an item I sent back last Monday. When will my refund of $191.00 arrive?,We're sorry for the delay in your refund! Please reach out to us in DM with order #597-8166233-9035216 and your email address so we can review the return.,Wed Oct 25 12:45:00 +0000 2017,AmazonHelp,charged for an item i sent back last monday. when will my refund of currency amount arrive?
104112,@AmazonHelp Can I use Amazon gift cards to purchase digital books on Kindle?,"Hello! Our standard return policy is 30 days, but extended holiday return windows often apply. Let us know if you have a specific item in mind!",Mon Oct 09 04:46:00 +0000 2017,AmazonHelp,can i use amazon gift cards to purchase digital books on kindle?
104114,@AmazonHelp Tracking status says delivery attempted but nobody buzzed or knocked. Order #535-8252042-8297775.,"Hi there, we're sorry to hear your order #535-8252042-8297775 is delayed! Please send us a DM at amzn.to/help with your details so we can investigate.",Mon Oct 16 03:51:00 +0000 2017,AmazonHelp,tracking status says delivery attempted but nobody buzzed or knocked. order order number .
104116,@AmazonHelp My tracking says delivered but I have not received anything for order #756-1011337-8781265!,"Hello! We apologize for the delivery issue with #756-1011337-8781265. Please check around your porch/neighbors, and if still missing, DM us your account email.",Mon Oct 16 21:54:00 +0000 2017,AmazonHelp,my tracking says delivered but i have not received anything for order order number !
104118,"@AmazonHelp Two-factor authentication is failing, says invalid token even though it's correct.","Hello! If you suspect unauthorized access, please visit amzn.to/security immediately. You can also DM us your associated phone or email.",Wed Oct 25 14:19:00 +0000 2017,AmazonHelp,"two-factor authentication is failing, says invalid token even though it's correct."
104120,@AmazonHelp Need a refund for #174-5880639-3093770. Sent back via drop-off locker 5 days ago.,We're sorry for the delay in your refund! Please reach out to us in DM with order #174-5880639-3093770 and your email address so we can review the return.,Wed Oct 04 13:26:00 +0000 2017,AmazonHelp,need a refund for order number . sent back via drop-off locker 5 days ago.
104122,@AmazonHelp Just noticed an unauthorized charge of $104.00 for Prime membership that I never authorized.,We apologize for the billing confusion. Please reach out via DM with the last 4 digits of the card and transaction date so we can inspect.,Fri Oct 20 21:05:00 +0000 2017,AmazonHelp,just noticed an unauthorized charge of currency amount for prime membership that i never authorized.
104124,@AmazonHelp shipment #767-7057598-1731266 is delayed by 3 days already. Any update on when it will arrive?,So sorry for the delay on #767-7057598-1731266! Please DM us your order details and we will check the transit status directly for you.,Mon Oct 23 17:37:00 +0000 2017,AmazonHelp,shipment order number is delayed by 3 days already. any update on when it will arrive?
104126,@AmazonHelp Just noticed an unauthorized charge of $213.49 for Prime membership that I never authorized.,Hi! We'd be glad to look into this charge for you. Please send us a DM with the date and amount so we can locate the transaction securely.,Sun Oct 08 04:46:00 +0000 2017,AmazonHelp,just noticed an unauthorized charge of currency amount for prime membership that i never authorized.
104128,@AmazonHelp I was charged $228.00 twice for order #165-9508997-7567022. Please check your billing system.,"Sorry for the unexpected charge! If you did not intend to renew Prime, please DM us your email and we can help reverse eligible fees.",Sat Oct 28 17:10:00 +0000 2017,AmazonHelp,i was charged currency amount twice for order order number . please check your billing system.
104130,"@AmazonHelp Where is my package? Order #285-3718763-4809467 was supposed to arrive yesterday, still nothing!",So sorry for the delay on #285-3718763-4809467! Please DM us your order details and we will check the transit status directly for you.,Tue Oct 03 06:43:00 +0000 2017,AmazonHelp,"where is my package? order order number was supposed to arrive yesterday, still nothing!"
104132,"@AmazonHelp Wishlist won't let me remove deleted items, says 'Failed to update wishlist'.",We apologize for the technical glitch! Our technical team is monitoring site stability. Please send us a DM with a screenshot if the error continues.,Fri Oct 27 12:12:00 +0000 2017,AmazonHelp,"wishlist won't let me remove deleted items, says 'failed to update wishlist'."
104134,@AmazonHelp How long does it take for a refund to process to my original payment method for return #580-5836541-1417460?,Apologies for the inconvenience! Please DM us your account details so we can check on return #580-5836541-1417460 and expedite your refund.,Sat Oct 28 13:42:00 +0000 2017,AmazonHelp,how long does it take for a refund to process to my original payment method for return order number ?
104136,@AmazonHelp Absolute scam. Stole my money and refusing to help. Give me someone who actually has authority.,We hear your frustration and apologize for the breakdown in communication. Please DM us your order #794-9322133-5290138 so we can urgently review this with our leadership team.,Wed Oct 18 08:04:00 +0000 2017,AmazonHelp,absolute scam. stole my money and refusing to help. give me someone who actually has authority.
104138,@AmazonHelp Carrier marked order #841-2100308-5709153 as delivered at front door but there is no package anywhere.,We understand your concern regarding order #841-2100308-5709153. Please drop us a DM with your tracking link and postal code so we can check with the carrier.,Tue Oct 10 09:36:00 +0000 2017,AmazonHelp,carrier marked order order number as delivered at front door but there is no package anywhere.
104140,@AmazonHelp You guys billed me twice on the same day for order #976-4835957-6925271. Please fix this duplicate charge.,"Hello, duplicate charges are often pending authorizations that drop off in 2-3 business days. Please DM us your order #976-4835957-6925271 to confirm.",Thu Oct 19 04:47:00 +0000 2017,AmazonHelp,you guys billed me twice on the same day for order order number . please fix this duplicate charge.
104142,"@AmazonHelp Help! Account locked due to too many failed attempts, how do I unlock it?","Hi! For your security, please don't share passwords publicly. Please visit amzn.to/account-recovery or DM us to begin identity verification.",Sun Oct 29 02:09:00 +0000 2017,AmazonHelp,"help! account locked due to too many failed attempts, how do i unlock it?"
104144,@AmazonHelp Ordered express next-day delivery on #891-7853714-4664866 and it still hasn't shipped!,"Hi there, we're sorry to hear your order #891-7853714-4664866 is delayed! Please send us a DM at amzn.to/help with your details so we can investigate.",Mon Oct 02 10:59:00 +0000 2017,AmazonHelp,ordered express next-day delivery on order number and it still hasn't shipped!
104146,@AmazonHelp Need a refund for #161-7059563-1534875. Sent back via drop-off locker 5 days ago.,We're sorry for the delay in your refund! Please reach out to us in DM with order #161-7059563-1534875 and your email address so we can review the return.,Sun Oct 01 17:57:00 +0000 2017,AmazonHelp,need a refund for order number . sent back via drop-off locker 5 days ago.
104148,"@AmazonHelp Two-factor authentication is failing, says invalid token even though it's correct.","Hi there, please ensure SMS isn't blocked by your carrier, or try clearing browser cache. If the issue persists, send us a DM.",Sat Oct 28 05:46:00 +0000 2017,AmazonHelp,"two-factor authentication is failing, says invalid token even though it's correct."
104150,@AmazonHelp Return status says received at warehouse but refund not initiated for #907-6794172-1080315. Please help.,Hi! We want to help get this sorted. Please send us a direct message with order #907-6794172-1080315 and return tracking number so we can verify with our billing team.,Tue Oct 17 12:03:00 +0000 2017,AmazonHelp,return status says received at warehouse but refund not initiated for order number . please help.
104152,@AmazonHelp Just noticed an unauthorized charge of $102.00 for Prime membership that I never authorized.,We apologize for the billing confusion. Please reach out via DM with the last 4 digits of the card and transaction date so we can inspect.,Tue Oct 17 00:07:00 +0000 2017,AmazonHelp,just noticed an unauthorized charge of currency amount for prime membership that i never authorized.
104154,@AmazonHelp Absolute scam. Stole my money and refusing to help. Give me someone who actually has authority.,We are very sorry to hear this and take feedback like this seriously. Please send us a direct message with your account details and phone number so we can escalate to a supervisor.,Thu Oct 05 22:51:00 +0000 2017,AmazonHelp,absolute scam. stole my money and refusing to help. give me someone who actually has authority.
104156,@AmazonHelp Can someone check on order #772-6915526-1489768? It's a birthday gift and now it's late.,We understand your concern regarding order #772-6915526-1489768. Please drop us a DM with your tracking link and postal code so we can check with the carrier.,Thu Oct 26 11:14:00 +0000 2017,AmazonHelp,can someone check on order order number ? it's a birthday gift and now it's late.
104158,@AmazonHelp What is the return window for holiday purchases made in November?,Hello! Most electronics purchased from authorized sellers include standard warranty. Please DM us the product ASIN to check details.,Tue Oct 17 07:24:00 +0000 2017,AmazonHelp,what is the return window for holiday purchases made in november?
104160,@AmazonHelp Please cancel my order #182-5354426-8237504 and process a full refund immediately.,"Hello! Once an item is received at our fulfillment center, refunds usually take 3-5 business days. Please DM us your order #182-5354426-8237504 to check status.",Sun Oct 15 05:32:00 +0000 2017,AmazonHelp,please cancel my order order number and process a full refund immediately.
104162,@AmazonHelp Does this product come with a power adapter or do I need to buy it separately?,Hello! Most electronics purchased from authorized sellers include standard warranty. Please DM us the product ASIN to check details.,Fri Oct 06 06:36:00 +0000 2017,AmazonHelp,does this product come with a power adapter or do i need to buy it separately?
104164,"@AmazonHelp Help! Account locked due to too many failed attempts, how do I unlock it?","Hello! If you suspect unauthorized access, please visit amzn.to/security immediately. You can also DM us your associated phone or email.",Sun Oct 08 23:11:00 +0000 2017,AmazonHelp,"help! account locked due to too many failed attempts, how do i unlock it?"
104166,@AmazonHelp Can someone check on order #203-3915877-8118823? It's a birthday gift and now it's late.,So sorry for the delay on #203-3915877-8118823! Please DM us your order details and we will check the transit status directly for you.,Mon Oct 02 00:26:00 +0000 2017,AmazonHelp,can someone check on order order number ? it's a birthday gift and now it's late.
104168,@AmazonHelp Payment declined on my card even though there are sufficient funds available.,Hi! We'd be glad to look into this charge for you. Please send us a DM with the date and amount so we can locate the transaction securely.,Mon Oct 23 20:40:00 +0000 2017,AmazonHelp,payment declined on my card even though there are sufficient funds available.
104170,"@AmazonHelp Received broken item in order #133-6535309-3396435. I want my money back, not a replacement.","Hello! Once an item is received at our fulfillment center, refunds usually take 3-5 business days. Please DM us your order #133-6535309-3396435 to check status.",Wed Oct 11 04:11:00 +0000 2017,AmazonHelp,"received broken item in order order number . i want my money back, not a replacement."
104172,@AmazonHelp Getting 'An unexpected error occurred' whenever I try to add items to my shopping cart.,We apologize for the technical glitch! Our technical team is monitoring site stability. Please send us a DM with a screenshot if the error continues.,Sat Oct 07 23:40:00 +0000 2017,AmazonHelp,getting 'an unexpected error occurred' whenever i try to add items to my shopping cart.
104174,@AmazonHelp Why was my credit card charged $108.00 when my order total was only $26.00?,"Hello, duplicate charges are often pending authorizations that drop off in 2-3 business days. Please DM us your order #348-7723265-5995918 to confirm.",Thu Oct 12 14:03:00 +0000 2017,AmazonHelp,why was my credit card charged currency amount when my order total was only currency amount ?
104176,@AmazonHelp Ordered express next-day delivery on #470-7225780-8408204 and it still hasn't shipped!,We understand your concern regarding order #470-7225780-8408204. Please drop us a DM with your tracking link and postal code so we can check with the carrier.,Mon Oct 02 11:32:00 +0000 2017,AmazonHelp,ordered express next-day delivery on order number and it still hasn't shipped!
104178,"@AmazonHelp Charged $232.49 annual subscription fee by mistake, please reverse this charge.",We apologize for the billing confusion. Please reach out via DM with the last 4 digits of the card and transaction date so we can inspect.,Thu Oct 05 05:22:00 +0000 2017,AmazonHelp,"charged currency amount annual subscription fee by mistake, please reverse this charge."
104180,@AmazonHelp I was charged $138.00 twice for order #976-3630384-9116967. Please check your billing system.,"Sorry for the unexpected charge! If you did not intend to renew Prime, please DM us your email and we can help reverse eligible fees.",Fri Oct 27 23:29:00 +0000 2017,AmazonHelp,i was charged currency amount twice for order order number . please check your billing system.
104182,"@AmazonHelp If my issue is not resolved today, I will be taking legal action with my attorney. Order #578-3122436-7540209.",We are very sorry to hear this and take feedback like this seriously. Please send us a direct message with your account details and phone number so we can escalate to a supervisor.,Fri Oct 06 10:51:00 +0000 2017,AmazonHelp,"if my issue is not resolved today, i will be taking legal action with my attorney. order order number ."
104184,@AmazonHelp My tracking says delivered but I have not received anything for order #729-2398904-1898842!,"Hello! We apologize for the delivery issue with #729-2398904-1898842. Please check around your porch/neighbors, and if still missing, DM us your account email.",Fri Oct 27 04:33:00 +0000 2017,AmazonHelp,my tracking says delivered but i have not received anything for order order number !
104186,@AmazonHelp Search bar on the website is completely unresponsive on Chrome desktop.,We're sorry for the app crash. Please ensure you are running the latest app update. DM us if you need further technical troubleshooting.,Sun Oct 01 10:05:00 +0000 2017,AmazonHelp,search bar on the website is completely unresponsive on chrome desktop.
104188,@AmazonHelp Payment declined on my card even though there are sufficient funds available.,Hi! We'd be glad to look into this charge for you. Please send us a DM with the date and amount so we can locate the transaction securely.,Mon Oct 09 10:58:00 +0000 2017,AmazonHelp,payment declined on my card even though there are sufficient funds available.
104190,@AmazonHelp Package #761-7329770-9736618 has been stuck in transit in transit hub for over 48 hours. What gives?,We understand your concern regarding order #761-7329770-9736618. Please drop us a DM with your tracking link and postal code so we can check with the carrier.,Mon Oct 09 02:48:00 +0000 2017,AmazonHelp,package order number has been stuck in transit in transit hub for over 48 hours. what gives?
104192,@AmazonHelp I returned item on order #509-8593184-7653857 over a week ago and still haven't received my refund.,We're sorry for the delay in your refund! Please reach out to us in DM with order #509-8593184-7653857 and your email address so we can review the return.,Thu Oct 19 22:45:00 +0000 2017,AmazonHelp,i returned item on order order number over a week ago and still haven't received my refund.
104194,@AmazonHelp Just noticed an unauthorized charge of $76.50 for Prime membership that I never authorized.,"Hello, duplicate charges are often pending authorizations that drop off in 2-3 business days. Please DM us your order #404-2154396-3452756 to confirm.",Thu Oct 26 09:10:00 +0000 2017,AmazonHelp,just noticed an unauthorized charge of currency amount for prime membership that i never authorized.
104196,@AmazonHelp Package #276-2202439-1813161 has been stuck in transit in transit hub for over 48 hours. What gives?,So sorry for the delay on #276-2202439-1813161! Please DM us your order details and we will check the transit status directly for you.,Thu Oct 05 22:50:00 +0000 2017,AmazonHelp,package order number has been stuck in transit in transit hub for over 48 hours. what gives?
104198,@AmazonHelp I returned item on order #252-1049023-2653227 over a week ago and still haven't received my refund.,We're sorry for the delay in your refund! Please reach out to us in DM with order #252-1049023-2653227 and your email address so we can review the return.,Wed Oct 04 20:53:00 +0000 2017,AmazonHelp,i returned item on order order number over a week ago and still haven't received my refund.
104200,"@AmazonHelp Two-factor authentication is failing, says invalid token even though it's correct.","Hi there, please ensure SMS isn't blocked by your carrier, or try clearing browser cache. If the issue persists, send us a DM.",Sun Oct 01 22:48:00 +0000 2017,AmazonHelp,"two-factor authentication is failing, says invalid token even though it's correct."
104202,@AmazonHelp Your iOS app keeps crashing every time I tap the checkout button. Version 18.2.,"Hello! Please try accessing the site in an incognito window or restarting your device. If the bug persists, DM us your app version and device model.",Thu Oct 05 01:15:00 +0000 2017,AmazonHelp,your ios app keeps crashing every time i tap the checkout button. version 18.2.
104204,@AmazonHelp My subscription auto-renewed even though I turned off auto-renew last week!,We apologize for the billing confusion. Please reach out via DM with the last 4 digits of the card and transaction date so we can inspect.,Tue Oct 17 23:53:00 +0000 2017,AmazonHelp,my subscription auto-renewed even though i turned off auto-renew last week!
104206,@AmazonHelp The video streaming player on Prime Video keeps stuttering and buffering on my Smart TV.,"Hi! Thanks for bringing this to our attention. Have you tried reinstalling the app or clearing your cache? If so, please DM us your device OS version.",Fri Oct 06 09:18:00 +0000 2017,AmazonHelp,the video streaming player on prime video keeps stuttering and buffering on my smart tv.
104208,@AmazonHelp Checkout page freezes when selecting saved shipping address.,We apologize for the technical glitch! Our technical team is monitoring site stability. Please send us a DM with a screenshot if the error continues.,Thu Oct 19 08:55:00 +0000 2017,AmazonHelp,checkout page freezes when selecting saved shipping address.
104210,@AmazonHelp Need a refund for #942-2927428-4121642. Sent back via drop-off locker 5 days ago.,Apologies for the inconvenience! Please DM us your account details so we can check on return #942-2927428-4121642 and expedite your refund.,Fri Oct 06 16:04:00 +0000 2017,AmazonHelp,need a refund for order number . sent back via drop-off locker 5 days ago.
104212,"@AmazonHelp Every time I try to log in, it loops back to the login screen without an error message.","Hi there, please ensure SMS isn't blocked by your carrier, or try clearing browser cache. If the issue persists, send us a DM.",Sat Oct 21 10:17:00 +0000 2017,AmazonHelp,"every time i try to log in, it loops back to the login screen without an error message."
104214,@AmazonHelp Can someone check on order #125-7245407-7097786? It's a birthday gift and now it's late.,We understand your concern regarding order #125-7245407-7097786. Please drop us a DM with your tracking link and postal code so we can check with the carrier.,Tue Oct 03 11:50:00 +0000 2017,AmazonHelp,can someone check on order order number ? it's a birthday gift and now it's late.
104216,@AmazonHelp Search bar on the website is completely unresponsive on Chrome desktop.,We're sorry for the app crash. Please ensure you are running the latest app update. DM us if you need further technical troubleshooting.,Tue Oct 10 16:42:00 +0000 2017,AmazonHelp,search bar on the website is completely unresponsive on chrome desktop.
104218,@AmazonHelp shipment #796-2853043-2201556 is delayed by 3 days already. Any update on when it will arrive?,"Hi there, we're sorry to hear your order #796-2853043-2201556 is delayed! Please send us a DM at amzn.to/help with your details so we can investigate.",Mon Oct 09 19:42:00 +0000 2017,AmazonHelp,shipment order number is delayed by 3 days already. any update on when it will arrive?
104220,"@AmazonHelp Help! Account locked due to too many failed attempts, how do I unlock it?","Hi! For your security, please don't share passwords publicly. Please visit amzn.to/account-recovery or DM us to begin identity verification.",Thu Oct 12 18:21:00 +0000 2017,AmazonHelp,"help! account locked due to too many failed attempts, how do i unlock it?"
104222,"@AmazonHelp Received broken item in order #651-7501157-9565000. I want my money back, not a replacement.","Hello! Once an item is received at our fulfillment center, refunds usually take 3-5 business days. Please DM us your order #651-7501157-9565000 to check status.",Sat Oct 14 00:59:00 +0000 2017,AmazonHelp,"received broken item in order order number . i want my money back, not a replacement."
104224,@AmazonHelp shipment #799-4822476-7737135 is delayed by 3 days already. Any update on when it will arrive?,"Hello! We apologize for the delivery issue with #799-4822476-7737135. Please check around your porch/neighbors, and if still missing, DM us your account email.",Sat Oct 28 09:40:00 +0000 2017,AmazonHelp,shipment order number is delayed by 3 days already. any update on when it will arrive?
104226,@AmazonHelp Just noticed an unauthorized charge of $113.99 for Prime membership that I never authorized.,Hi! We'd be glad to look into this charge for you. Please send us a DM with the date and amount so we can locate the transaction securely.,Tue Oct 03 15:29:00 +0000 2017,AmazonHelp,just noticed an unauthorized charge of currency amount for prime membership that i never authorized.
104228,@AmazonHelp Search bar on the website is completely unresponsive on Chrome desktop.,"Hello! Please try accessing the site in an incognito window or restarting your device. If the bug persists, DM us your app version and device model.",Sat Oct 07 00:32:00 +0000 2017,AmazonHelp,search bar on the website is completely unresponsive on chrome desktop.
104230,@AmazonHelp Ordered express next-day delivery on #189-2916171-8488510 and it still hasn't shipped!,So sorry for the delay on #189-2916171-8488510! Please DM us your order details and we will check the transit status directly for you.,Wed Oct 25 01:41:00 +0000 2017,AmazonHelp,ordered express next-day delivery on order number and it still hasn't shipped!
104232,@AmazonHelp shipment #690-9003810-5779148 is delayed by 3 days already. Any update on when it will arrive?,"Hello! We apologize for the delivery issue with #690-9003810-5779148. Please check around your porch/neighbors, and if still missing, DM us your account email.",Mon Oct 23 16:35:00 +0000 2017,AmazonHelp,shipment order number is delayed by 3 days already. any update on when it will arrive?
104234,@AmazonHelp My tracking says delivered but I have not received anything for order #659-7865555-6632977!,"Hi there, we're sorry to hear your order #659-7865555-6632977 is delayed! Please send us a DM at amzn.to/help with your details so we can investigate.",Wed Oct 04 21:05:00 +0000 2017,AmazonHelp,my tracking says delivered but i have not received anything for order order number !
104236,@AmazonHelp My tracking says delivered but I have not received anything for order #920-6257695-7817963!,"Hello! We apologize for the delivery issue with #920-6257695-7817963. Please check around your porch/neighbors, and if still missing, DM us your account email.",Sun Oct 22 08:32:00 +0000 2017,AmazonHelp,my tracking says delivered but i have not received anything for order order number !
104238,@AmazonHelp Are recyclable packaging options available for fragile items?,Hello! Most electronics purchased from authorized sellers include standard warranty. Please DM us the product ASIN to check details.,Thu Oct 26 21:17:00 +0000 2017,AmazonHelp,are recyclable packaging options available for fragile items?
104240,@AmazonHelp My tracking says delivered but I have not received anything for order #687-4544340-9817361!,"Hello! We apologize for the delivery issue with #687-4544340-9817361. Please check around your porch/neighbors, and if still missing, DM us your account email.",Sun Oct 01 23:10:00 +0000 2017,AmazonHelp,my tracking says delivered but i have not received anything for order order number !
104242,@AmazonHelp Carrier marked order #605-6839461-4162926 as delivered at front door but there is no package anywhere.,So sorry for the delay on #605-6839461-4162926! Please DM us your order details and we will check the transit status directly for you.,Thu Oct 12 09:25:00 +0000 2017,AmazonHelp,carrier marked order order number as delivered at front door but there is no package anywhere.
104244,@AmazonHelp Locked out of my account. The OTP verification code is not being sent to my phone.,We're sorry you're having trouble accessing your account. Please send us a DM so we can securely guide you through the two-step verification reset.,Sun Oct 08 19:25:00 +0000 2017,AmazonHelp,locked out of my account. the otp verification code is not being sent to my phone.
104246,@AmazonHelp Charged for an item I sent back last Monday. When will my refund of $213.99 arrive?,We're sorry for the delay in your refund! Please reach out to us in DM with order #402-7233935-9655173 and your email address so we can review the return.,Sat Oct 28 13:51:00 +0000 2017,AmazonHelp,charged for an item i sent back last monday. when will my refund of currency amount arrive?
104248,"@AmazonHelp My account was compromised or hacked, someone changed the email on file. Need help urgently!",We're sorry you're having trouble accessing your account. Please send us a DM so we can securely guide you through the two-step verification reset.,Mon Oct 16 22:35:00 +0000 2017,AmazonHelp,"my account was compromised or hacked, someone changed the email on file. need help urgently!"
104250,@AmazonHelp Charged for an item I sent back last Monday. When will my refund of $97.00 arrive?,We're sorry for the delay in your refund! Please reach out to us in DM with order #378-2170040-4091304 and your email address so we can review the return.,Mon Oct 09 16:01:00 +0000 2017,AmazonHelp,charged for an item i sent back last monday. when will my refund of currency amount arrive?
104252,"@AmazonHelp Received broken item in order #138-3038671-7629768. I want my money back, not a replacement.",Hi! We want to help get this sorted. Please send us a direct message with order #138-3038671-7629768 and return tracking number so we can verify with our billing team.,Thu Oct 12 00:20:00 +0000 2017,AmazonHelp,"received broken item in order order number . i want my money back, not a replacement."
104254,@AmazonHelp Return status says received at warehouse but refund not initiated for #322-1884516-5066150. Please help.,"Hello! Once an item is received at our fulfillment center, refunds usually take 3-5 business days. Please DM us your order #322-1884516-5066150 to check status.",Sat Oct 28 02:20:00 +0000 2017,AmazonHelp,return status says received at warehouse but refund not initiated for order number . please help.
104256,@AmazonHelp Why was my credit card charged $49.99 when my order total was only $28.00?,Hi! We'd be glad to look into this charge for you. Please send us a DM with the date and amount so we can locate the transaction securely.,Mon Oct 23 09:04:00 +0000 2017,AmazonHelp,why was my credit card charged currency amount when my order total was only currency amount ?
104258,"@AmazonHelp The mobile app is not loading product images, just showing blank white boxes.",We apologize for the technical glitch! Our technical team is monitoring site stability. Please send us a DM with a screenshot if the error continues.,Sun Oct 22 18:53:00 +0000 2017,AmazonHelp,"the mobile app is not loading product images, just showing blank white boxes."
104260,@AmazonHelp Your support agent was extremely rude and unhelpful. Disgraceful treatment of a 10-year customer.,We sincerely apologize for this distressing experience. This is certainly not the level of service we aim to provide. Please DM us immediately so a senior specialist can assist.,Mon Oct 09 13:54:00 +0000 2017,AmazonHelp,your support agent was extremely rude and unhelpful. disgraceful treatment of a 10-year customer.
104262,@AmazonHelp Carrier marked order #275-3864474-5536103 as delivered at front door but there is no package anywhere.,"Hello! We apologize for the delivery issue with #275-3864474-5536103. Please check around your porch/neighbors, and if still missing, DM us your account email.",Thu Oct 12 01:21:00 +0000 2017,AmazonHelp,carrier marked order order number as delivered at front door but there is no package anywhere.
104264,@AmazonHelp How long does it take for a refund to process to my original payment method for return #114-2579483-2675675?,Hi! We want to help get this sorted. Please send us a direct message with order #114-2579483-2675675 and return tracking number so we can verify with our billing team.,Mon Oct 02 18:40:00 +0000 2017,AmazonHelp,how long does it take for a refund to process to my original payment method for return order number ?
104266,@AmazonHelp Just noticed an unauthorized charge of $193.99 for Prime membership that I never authorized.,Hi! We'd be glad to look into this charge for you. Please send us a DM with the date and amount so we can locate the transaction securely.,Tue Oct 24 19:15:00 +0000 2017,AmazonHelp,just noticed an unauthorized charge of currency amount for prime membership that i never authorized.
104268,@AmazonHelp Payment declined on my card even though there are sufficient funds available.,"Hello, duplicate charges are often pending authorizations that drop off in 2-3 business days. Please DM us your order #444-7988187-5596360 to confirm.",Wed Oct 25 21:54:00 +0000 2017,AmazonHelp,payment declined on my card even though there are sufficient funds available.
104270,@AmazonHelp The video streaming player on Prime Video keeps stuttering and buffering on my Smart TV.,"Hi! Thanks for bringing this to our attention. Have you tried reinstalling the app or clearing your cache? If so, please DM us your device OS version.",Tue Oct 03 21:58:00 +0000 2017,AmazonHelp,the video streaming player on prime video keeps stuttering and buffering on my smart tv.
104272,@AmazonHelp I demand an immediate escalation to executive customer relations. No more generic bot answers!,We hear your frustration and apologize for the breakdown in communication. Please DM us your order #283-7468346-2276633 so we can urgently review this with our leadership team.,Fri Oct 13 12:50:00 +0000 2017,AmazonHelp,i demand an immediate escalation to executive customer relations. no more generic bot answers!
104274,"@AmazonHelp Wishlist won't let me remove deleted items, says 'Failed to update wishlist'.",We're sorry for the app crash. Please ensure you are running the latest app update. DM us if you need further technical troubleshooting.,Fri Oct 20 15:30:00 +0000 2017,AmazonHelp,"wishlist won't let me remove deleted items, says 'failed to update wishlist'."
104276,@AmazonHelp My tracking says delivered but I have not received anything for order #271-6821259-4921299!,"Hello! We apologize for the delivery issue with #271-6821259-4921299. Please check around your porch/neighbors, and if still missing, DM us your account email.",Mon Oct 02 02:45:00 +0000 2017,AmazonHelp,my tracking says delivered but i have not received anything for order order number !
104278,"@AmazonHelp Wishlist won't let me remove deleted items, says 'Failed to update wishlist'.",We apologize for the technical glitch! Our technical team is monitoring site stability. Please send us a DM with a screenshot if the error continues.,Mon Oct 09 22:10:00 +0000 2017,AmazonHelp,"wishlist won't let me remove deleted items, says 'failed to update wishlist'."
104280,@AmazonHelp Need a refund for #306-6031620-9680402. Sent back via drop-off locker 5 days ago.,Hi! We want to help get this sorted. Please send us a direct message with order #306-6031620-9680402 and return tracking number so we can verify with our billing team.,Wed Oct 25 08:26:00 +0000 2017,AmazonHelp,need a refund for order number . sent back via drop-off locker 5 days ago.
104282,@AmazonHelp I was told my refund of $144.50 for order #726-5268154-1625496 would be in my account in 3-5 days. It's been 10 days.,Hi! We want to help get this sorted. Please send us a direct message with order #726-5268154-1625496 and return tracking number so we can verify with our billing team.,Thu Oct 26 22:53:00 +0000 2017,AmazonHelp,i was told my refund of currency amount for order order number would be in my account in 3-5 days. it's been 10 days.
104284,@AmazonHelp Return status says received at warehouse but refund not initiated for #735-3240610-6532613. Please help.,"Hello! Once an item is received at our fulfillment center, refunds usually take 3-5 business days. Please DM us your order #735-3240610-6532613 to check status.",Tue Oct 17 04:27:00 +0000 2017,AmazonHelp,return status says received at warehouse but refund not initiated for order number . please help.
104286,@AmazonHelp 5 stars to the agent who helped me reset my account this morning. Great experience!,Hearing this makes our day! Thank you for your feedback and support. We're always here to help!,Mon Oct 16 05:55:00 +0000 2017,AmazonHelp,5 stars to the agent who helped me reset my account this morning. great experience!
104288,"@AmazonHelp Received broken item in order #198-8890729-7792383. I want my money back, not a replacement.","Hello! Once an item is received at our fulfillment center, refunds usually take 3-5 business days. Please DM us your order #198-8890729-7792383 to check status.",Sat Oct 28 07:32:00 +0000 2017,AmazonHelp,"received broken item in order order number . i want my money back, not a replacement."
104290,@AmazonHelp Charged for an item I sent back last Monday. When will my refund of $69.99 arrive?,Apologies for the inconvenience! Please DM us your account details so we can check on return #239-9533877-8639157 and expedite your refund.,Sat Oct 28 04:24:00 +0000 2017,AmazonHelp,charged for an item i sent back last monday. when will my refund of currency amount arrive?
104292,@AmazonHelp I was charged $119.00 twice for order #364-8666938-1275165. Please check your billing system.,Hi! We'd be glad to look into this charge for you. Please send us a DM with the date and amount so we can locate the transaction securely.,Fri Oct 13 05:56:00 +0000 2017,AmazonHelp,i was charged currency amount twice for order order number . please check your billing system.
104294,@AmazonHelp I forgot my password and the password reset link is never arriving in my inbox.,"Hello! If you suspect unauthorized access, please visit amzn.to/security immediately. You can also DM us your associated phone or email.",Mon Oct 23 05:46:00 +0000 2017,AmazonHelp,i forgot my password and the password reset link is never arriving in my inbox.
104296,@AmazonHelp Please cancel my order #845-6465889-1000864 and process a full refund immediately.,Apologies for the inconvenience! Please DM us your account details so we can check on return #845-6465889-1000864 and expedite your refund.,Sat Oct 14 16:32:00 +0000 2017,AmazonHelp,please cancel my order order number and process a full refund immediately.
104298,@AmazonHelp Payment declined on my card even though there are sufficient funds available.,Hi! We'd be glad to look into this charge for you. Please send us a DM with the date and amount so we can locate the transaction securely.,Mon Oct 16 03:08:00 +0000 2017,AmazonHelp,payment declined on my card even though there are sufficient funds available.
104300,@AmazonHelp I was charged $234.49 twice for order #900-7861222-7853970. Please check your billing system.,"Hello, duplicate charges are often pending authorizations that drop off in 2-3 business days. Please DM us your order #900-7861222-7853970 to confirm.",Fri Oct 13 09:41:00 +0000 2017,AmazonHelp,i was charged currency amount twice for order order number . please check your billing system.
104302,@AmazonHelp Getting 'An unexpected error occurred' whenever I try to add items to my shopping cart.,"Hi! Thanks for bringing this to our attention. Have you tried reinstalling the app or clearing your cache? If so, please DM us your device OS version.",Sat Oct 07 07:04:00 +0000 2017,AmazonHelp,getting 'an unexpected error occurred' whenever i try to add items to my shopping cart.
104304,@AmazonHelp Package #982-5038568-6431223 has been stuck in transit in transit hub for over 48 hours. What gives?,"Hi there, we're sorry to hear your order #982-5038568-6431223 is delayed! Please send us a DM at amzn.to/help with your details so we can investigate.",Fri Oct 20 02:14:00 +0000 2017,AmazonHelp,package order number has been stuck in transit in transit hub for over 48 hours. what gives?
104306,@AmazonHelp Lost access to my old phone number and now 2FA won't let me log into my account.,"Hello! If you suspect unauthorized access, please visit amzn.to/security immediately. You can also DM us your associated phone or email.",Mon Oct 02 05:42:00 +0000 2017,AmazonHelp,lost access to my old phone number and now 2fa won't let me log into my account.
104308,@AmazonHelp Carrier marked order #181-3370656-8369810 as delivered at front door but there is no package anywhere.,"Hi there, we're sorry to hear your order #181-3370656-8369810 is delayed! Please send us a DM at amzn.to/help with your details so we can investigate.",Sat Oct 14 18:05:00 +0000 2017,AmazonHelp,carrier marked order order number as delivered at front door but there is no package anywhere.
104310,@AmazonHelp I demand an immediate escalation to executive customer relations. No more generic bot answers!,This is definitely not the experience we want for our customers. Please reach out in DM with your contact information so an escalation manager can connect with you.,Wed Oct 11 05:12:00 +0000 2017,AmazonHelp,i demand an immediate escalation to executive customer relations. no more generic bot answers!
104312,@AmazonHelp How long does it take for a refund to process to my original payment method for return #250-1865796-4259863?,We're sorry for the delay in your refund! Please reach out to us in DM with order #250-1865796-4259863 and your email address so we can review the return.,Sat Oct 28 11:03:00 +0000 2017,AmazonHelp,how long does it take for a refund to process to my original payment method for return order number ?
104314,"@AmazonHelp Received broken item in order #899-7333733-5103793. I want my money back, not a replacement.",We're sorry for the delay in your refund! Please reach out to us in DM with order #899-7333733-5103793 and your email address so we can review the return.,Sat Oct 21 09:20:00 +0000 2017,AmazonHelp,"received broken item in order order number . i want my money back, not a replacement."
104316,@AmazonHelp Package #831-1802238-8524467 has been stuck in transit in transit hub for over 48 hours. What gives?,We understand your concern regarding order #831-1802238-8524467. Please drop us a DM with your tracking link and postal code so we can check with the carrier.,Sun Oct 22 09:09:00 +0000 2017,AmazonHelp,package order number has been stuck in transit in transit hub for over 48 hours. what gives?
104318,@AmazonHelp Can someone check on order #523-3280105-7511643? It's a birthday gift and now it's late.,So sorry for the delay on #523-3280105-7511643! Please DM us your order details and we will check the transit status directly for you.,Mon Oct 23 22:33:00 +0000 2017,AmazonHelp,can someone check on order order number ? it's a birthday gift and now it's late.
104320,@AmazonHelp You guys billed me twice on the same day for order #800-5812616-5016918. Please fix this duplicate charge.,"Sorry for the unexpected charge! If you did not intend to renew Prime, please DM us your email and we can help reverse eligible fees.",Thu Oct 12 22:10:00 +0000 2017,AmazonHelp,you guys billed me twice on the same day for order order number . please fix this duplicate charge.
104322,@AmazonHelp Huge shoutout to Sarah from customer support who solved my lost package in 5 minutes! Amazing service!,You're very welcome! We're so glad everything was resolved smoothly. Thank you for being a valued customer!,Mon Oct 02 09:37:00 +0000 2017,AmazonHelp,huge shoutout to sarah from customer support who solved my lost package in 5 minutes! amazing service!
104324,@AmazonHelp Please cancel my order #463-2350852-6169486 and process a full refund immediately.,"Hello! Once an item is received at our fulfillment center, refunds usually take 3-5 business days. Please DM us your order #463-2350852-6169486 to check status.",Sun Oct 22 19:40:00 +0000 2017,AmazonHelp,please cancel my order order number and process a full refund immediately.
104326,@AmazonHelp Can you explain the invoice breakdown for #312-1996482-1976246? There's an extra charge of $216.00.,Hi! We'd be glad to look into this charge for you. Please send us a DM with the date and amount so we can locate the transaction securely.,Thu Oct 19 23:47:00 +0000 2017,AmazonHelp,can you explain the invoice breakdown for order number ? there's an extra charge of currency amount .
104328,"@AmazonHelp Received broken item in order #843-9493308-3516836. I want my money back, not a replacement.",Hi! We want to help get this sorted. Please send us a direct message with order #843-9493308-3516836 and return tracking number so we can verify with our billing team.,Fri Oct 20 14:40:00 +0000 2017,AmazonHelp,"received broken item in order order number . i want my money back, not a replacement."
104330,@AmazonHelp Package #284-4360221-3183280 has been stuck in transit in transit hub for over 48 hours. What gives?,So sorry for the delay on #284-4360221-3183280! Please DM us your order details and we will check the transit status directly for you.,Fri Oct 27 08:17:00 +0000 2017,AmazonHelp,package order number has been stuck in transit in transit hub for over 48 hours. what gives?
104332,@AmazonHelp Tracking status says delivery attempted but nobody buzzed or knocked. Order #853-5119055-6161760.,We understand your concern regarding order #853-5119055-6161760. Please drop us a DM with your tracking link and postal code so we can check with the carrier.,Thu Oct 05 07:47:00 +0000 2017,AmazonHelp,tracking status says delivery attempted but nobody buzzed or knocked. order order number .
104334,@AmazonHelp Tracking status says delivery attempted but nobody buzzed or knocked. Order #425-9428578-4607712.,"Hi there, we're sorry to hear your order #425-9428578-4607712 is delayed! Please send us a DM at amzn.to/help with your details so we can investigate.",Sun Oct 15 07:42:00 +0000 2017,AmazonHelp,tracking status says delivery attempted but nobody buzzed or knocked. order order number .
104336,"@AmazonHelp Help! Account locked due to too many failed attempts, how do I unlock it?","Hi there, please ensure SMS isn't blocked by your carrier, or try clearing browser cache. If the issue persists, send us a DM.",Wed Oct 18 19:47:00 +0000 2017,AmazonHelp,"help! account locked due to too many failed attempts, how do i unlock it?"
104338,@AmazonHelp Absolute scam. Stole my money and refusing to help. Give me someone who actually has authority.,We sincerely apologize for this distressing experience. This is certainly not the level of service we aim to provide. Please DM us immediately so a senior specialist can assist.,Wed Oct 04 11:04:00 +0000 2017,AmazonHelp,absolute scam. stole my money and refusing to help. give me someone who actually has authority.
104340,"@AmazonHelp Wishlist won't let me remove deleted items, says 'Failed to update wishlist'.","Hello! Please try accessing the site in an incognito window or restarting your device. If the bug persists, DM us your app version and device model.",Mon Oct 02 03:57:00 +0000 2017,AmazonHelp,"wishlist won't let me remove deleted items, says 'failed to update wishlist'."
104342,@AmazonHelp I returned item on order #592-5059568-9976312 over a week ago and still haven't received my refund.,Hi! We want to help get this sorted. Please send us a direct message with order #592-5059568-9976312 and return tracking number so we can verify with our billing team.,Wed Oct 11 05:15:00 +0000 2017,AmazonHelp,i returned item on order order number over a week ago and still haven't received my refund.
104344,@AmazonHelp I forgot my password and the password reset link is never arriving in my inbox.,"Hello! If you suspect unauthorized access, please visit amzn.to/security immediately. You can also DM us your associated phone or email.",Tue Oct 24 03:31:00 +0000 2017,AmazonHelp,i forgot my password and the password reset link is never arriving in my inbox.
104346,@AmazonHelp Package #566-6020284-6074194 has been stuck in transit in transit hub for over 48 hours. What gives?,We understand your concern regarding order #566-6020284-6074194. Please drop us a DM with your tracking link and postal code so we can check with the carrier.,Mon Oct 02 03:14:00 +0000 2017,AmazonHelp,package order number has been stuck in transit in transit hub for over 48 hours. what gives?
104348,@AmazonHelp I demand an immediate escalation to executive customer relations. No more generic bot answers!,This is definitely not the experience we want for our customers. Please reach out in DM with your contact information so an escalation manager can connect with you.,Mon Oct 23 23:45:00 +0000 2017,AmazonHelp,i demand an immediate escalation to executive customer relations. no more generic bot answers!
104350,@AmazonHelp I was told my refund of $250.99 for order #308-2512844-4415099 would be in my account in 3-5 days. It's been 10 days.,Hi! We want to help get this sorted. Please send us a direct message with order #308-2512844-4415099 and return tracking number so we can verify with our billing team.,Wed Oct 18 09:24:00 +0000 2017,AmazonHelp,i was told my refund of currency amount for order order number would be in my account in 3-5 days. it's been 10 days.
104352,@AmazonHelp Return status says received at warehouse but refund not initiated for #528-6339847-9967618. Please help.,We're sorry for the delay in your refund! Please reach out to us in DM with order #528-6339847-9967618 and your email address so we can review the return.,Fri Oct 06 18:55:00 +0000 2017,AmazonHelp,return status says received at warehouse but refund not initiated for order number . please help.
104354,"@AmazonHelp Every time I try to log in, it loops back to the login screen without an error message.","Hello! If you suspect unauthorized access, please visit amzn.to/security immediately. You can also DM us your associated phone or email.",Tue Oct 24 23:42:00 +0000 2017,AmazonHelp,"every time i try to log in, it loops back to the login screen without an error message."
104356,@AmazonHelp Please cancel my order #453-3983232-4609319 and process a full refund immediately.,"Hello! Once an item is received at our fulfillment center, refunds usually take 3-5 business days. Please DM us your order #453-3983232-4609319 to check status.",Tue Oct 03 21:37:00 +0000 2017,AmazonHelp,please cancel my order order number and process a full refund immediately.
104358,@AmazonHelp Incredible customer support experience today. Truly appreciate how fast my issue was handled.,Thank you so much for the kind words! We love hearing this and will pass your compliments along to the team. Have a wonderful day!,Sun Oct 29 01:24:00 +0000 2017,AmazonHelp,incredible customer support experience today. truly appreciate how fast my issue was handled.
104360,@AmazonHelp Payment declined on my card even though there are sufficient funds available.,"Hello, duplicate charges are often pending authorizations that drop off in 2-3 business days. Please DM us your order #862-5062815-1872786 to confirm.",Tue Oct 10 04:02:00 +0000 2017,AmazonHelp,payment declined on my card even though there are sufficient funds available.
104362,@AmazonHelp Ordered express next-day delivery on #189-5961407-7737350 and it still hasn't shipped!,We understand your concern regarding order #189-5961407-7737350. Please drop us a DM with your tracking link and postal code so we can check with the carrier.,Tue Oct 03 19:58:00 +0000 2017,AmazonHelp,ordered express next-day delivery on order number and it still hasn't shipped!
104364,@AmazonHelp Need a refund for #139-4184471-1987944. Sent back via drop-off locker 5 days ago.,"Hello! Once an item is received at our fulfillment center, refunds usually take 3-5 business days. Please DM us your order #139-4184471-1987944 to check status.",Thu Oct 05 22:02:00 +0000 2017,AmazonHelp,need a refund for order number . sent back via drop-off locker 5 days ago.
104366,@AmazonHelp You guys billed me twice on the same day for order #858-7832808-7049235. Please fix this duplicate charge.,"Sorry for the unexpected charge! If you did not intend to renew Prime, please DM us your email and we can help reverse eligible fees.",Sat Oct 21 01:02:00 +0000 2017,AmazonHelp,you guys billed me twice on the same day for order order number . please fix this duplicate charge.
104368,"@AmazonHelp Wishlist won't let me remove deleted items, says 'Failed to update wishlist'.","Hello! Please try accessing the site in an incognito window or restarting your device. If the bug persists, DM us your app version and device model.",Sun Oct 08 07:48:00 +0000 2017,AmazonHelp,"wishlist won't let me remove deleted items, says 'failed to update wishlist'."
104370,@AmazonHelp Please cancel my order #800-2376303-2727697 and process a full refund immediately.,"Hello! Once an item is received at our fulfillment center, refunds usually take 3-5 business days. Please DM us your order #800-2376303-2727697 to check status.",Wed Oct 25 08:01:00 +0000 2017,AmazonHelp,please cancel my order order number and process a full refund immediately.
104372,@AmazonHelp shipment #780-5195289-3248106 is delayed by 3 days already. Any update on when it will arrive?,"Hello! We apologize for the delivery issue with #780-5195289-3248106. Please check around your porch/neighbors, and if still missing, DM us your account email.",Thu Oct 05 04:27:00 +0000 2017,AmazonHelp,shipment order number is delayed by 3 days already. any update on when it will arrive?
104374,@AmazonHelp Do you ship internationally to Germany and what are the customs fees?,Hello! Most electronics purchased from authorized sellers include standard warranty. Please DM us the product ASIN to check details.,Fri Oct 13 17:00:00 +0000 2017,AmazonHelp,do you ship internationally to germany and what are the customs fees?
104376,@AmazonHelp Payment declined on my card even though there are sufficient funds available.,"Sorry for the unexpected charge! If you did not intend to renew Prime, please DM us your email and we can help reverse eligible fees.",Sat Oct 07 09:55:00 +0000 2017,AmazonHelp,payment declined on my card even though there are sufficient funds available.
104378,@AmazonHelp Payment declined on my card even though there are sufficient funds available.,"Sorry for the unexpected charge! If you did not intend to renew Prime, please DM us your email and we can help reverse eligible fees.",Sat Oct 07 05:43:00 +0000 2017,AmazonHelp,payment declined on my card even though there are sufficient funds available.
104380,@AmazonHelp Can I use Amazon gift cards to purchase digital books on Kindle?,Hi! You can check international shipping options and estimated import duties at checkout or by visiting amzn.to/shipping-rates.,Tue Oct 24 15:57:00 +0000 2017,AmazonHelp,can i use amazon gift cards to purchase digital books on kindle?
104382,"@AmazonHelp Where is my package? Order #250-9657185-7701384 was supposed to arrive last week, still nothing!","Hello! We apologize for the delivery issue with #250-9657185-7701384. Please check around your porch/neighbors, and if still missing, DM us your account email.",Mon Oct 09 15:43:00 +0000 2017,AmazonHelp,"where is my package? order order number was supposed to arrive last week, still nothing!"
104384,@AmazonHelp Ordered express next-day delivery on #901-7016513-6040478 and it still hasn't shipped!,"Hi there, we're sorry to hear your order #901-7016513-6040478 is delayed! Please send us a DM at amzn.to/help with your details so we can investigate.",Fri Oct 27 18:03:00 +0000 2017,AmazonHelp,ordered express next-day delivery on order number and it still hasn't shipped!
104386,"@AmazonHelp Where is my package? Order #185-9433511-9473491 was supposed to arrive 2 days ago, still nothing!","Hi there, we're sorry to hear your order #185-9433511-9473491 is delayed! Please send us a DM at amzn.to/help with your details so we can investigate.",Mon Oct 16 08:37:00 +0000 2017,AmazonHelp,"where is my package? order order number was supposed to arrive 2 days ago, still nothing!"
104388,@AmazonHelp How can I change my primary delivery address before placing an order?,"Hello! Our standard return policy is 30 days, but extended holiday return windows often apply. Let us know if you have a specific item in mind!",Thu Oct 12 04:35:00 +0000 2017,AmazonHelp,how can i change my primary delivery address before placing an order?
104390,@AmazonHelp My tracking says delivered but I have not received anything for order #774-1880247-7990905!,"Hello! We apologize for the delivery issue with #774-1880247-7990905. Please check around your porch/neighbors, and if still missing, DM us your account email.",Wed Oct 18 18:28:00 +0000 2017,AmazonHelp,my tracking says delivered but i have not received anything for order order number !
104392,@AmazonHelp WORST CUSTOMER SERVICE EVER! Representative hung up on me after waiting 45 minutes on hold!,We are very sorry to hear this and take feedback like this seriously. Please send us a direct message with your account details and phone number so we can escalate to a supervisor.,Fri Oct 06 21:27:00 +0000 2017,AmazonHelp,worst customer service ever! representative hung up on me after waiting 45 minutes on hold!
104394,@AmazonHelp Is the manufacturer warranty valid if I buy an electronic item through third party sellers?,Hi! You can check international shipping options and estimated import duties at checkout or by visiting amzn.to/shipping-rates.,Sun Oct 22 07:01:00 +0000 2017,AmazonHelp,is the manufacturer warranty valid if i buy an electronic item through third party sellers?
104396,@AmazonHelp The video streaming player on Prime Video keeps stuttering and buffering on my Smart TV.,"Hi! Thanks for bringing this to our attention. Have you tried reinstalling the app or clearing your cache? If so, please DM us your device OS version.",Thu Oct 19 23:34:00 +0000 2017,AmazonHelp,the video streaming player on prime video keeps stuttering and buffering on my smart tv.
104398,@AmazonHelp Package #157-6559653-4708816 has been stuck in transit in transit hub for over 48 hours. What gives?,So sorry for the delay on #157-6559653-4708816! Please DM us your order details and we will check the transit status directly for you.,Wed Oct 25 10:31:00 +0000 2017,AmazonHelp,package order number has been stuck in transit in transit hub for over 48 hours. what gives?
104400,@AmazonHelp Can I use Amazon gift cards to purchase digital books on Kindle?,Hi! You can check international shipping options and estimated import duties at checkout or by visiting amzn.to/shipping-rates.,Fri Oct 06 10:01:00 +0000 2017,AmazonHelp,can i use amazon gift cards to purchase digital books on kindle?
104402,@AmazonHelp Package #351-7266568-4517655 has been stuck in transit in transit hub for over 48 hours. What gives?,So sorry for the delay on #351-7266568-4517655! Please DM us your order details and we will check the transit status directly for you.,Fri Oct 20 00:18:00 +0000 2017,AmazonHelp,package order number has been stuck in transit in transit hub for over 48 hours. what gives?
104404,@AmazonHelp Lost access to my old phone number and now 2FA won't let me log into my account.,"Hi there, please ensure SMS isn't blocked by your carrier, or try clearing browser cache. If the issue persists, send us a DM.",Sun Oct 08 01:05:00 +0000 2017,AmazonHelp,lost access to my old phone number and now 2fa won't let me log into my account.
104406,@AmazonHelp shipment #751-4366618-2361654 is delayed by 3 days already. Any update on when it will arrive?,So sorry for the delay on #751-4366618-2361654! Please DM us your order details and we will check the transit status directly for you.,Wed Oct 25 20:03:00 +0000 2017,AmazonHelp,shipment order number is delayed by 3 days already. any update on when it will arrive?
104408,@AmazonHelp Thank you @AmazonHelp for resolving my billing query so smoothly today!,You're very welcome! We're so glad everything was resolved smoothly. Thank you for being a valued customer!,Fri Oct 06 20:25:00 +0000 2017,AmazonHelp,thank you for resolving my billing query so smoothly today!
104410,@AmazonHelp Tracking status says delivery attempted but nobody buzzed or knocked. Order #731-9271499-8120263.,We understand your concern regarding order #731-9271499-8120263. Please drop us a DM with your tracking link and postal code so we can check with the carrier.,Sun Oct 15 20:40:00 +0000 2017,AmazonHelp,tracking status says delivery attempted but nobody buzzed or knocked. order order number .
104412,"@AmazonHelp Wishlist won't let me remove deleted items, says 'Failed to update wishlist'.",We apologize for the technical glitch! Our technical team is monitoring site stability. Please send us a DM with a screenshot if the error continues.,Sun Oct 01 17:41:00 +0000 2017,AmazonHelp,"wishlist won't let me remove deleted items, says 'failed to update wishlist'."
104414,@AmazonHelp My subscription auto-renewed even though I turned off auto-renew last week!,Hi! We'd be glad to look into this charge for you. Please send us a DM with the date and amount so we can locate the transaction securely.,Mon Oct 16 06:29:00 +0000 2017,AmazonHelp,my subscription auto-renewed even though i turned off auto-renew last week!
104416,"@AmazonHelp Two-factor authentication is failing, says invalid token even though it's correct.","Hello! If you suspect unauthorized access, please visit amzn.to/security immediately. You can also DM us your associated phone or email.",Sat Oct 28 16:35:00 +0000 2017,AmazonHelp,"two-factor authentication is failing, says invalid token even though it's correct."
104418,@AmazonHelp Locked out of my account. The OTP verification code is not being sent to my phone.,"Hello! If you suspect unauthorized access, please visit amzn.to/security immediately. You can also DM us your associated phone or email.",Tue Oct 10 15:49:00 +0000 2017,AmazonHelp,locked out of my account. the otp verification code is not being sent to my phone.
104420,@AmazonHelp Absolute scam. Stole my money and refusing to help. Give me someone who actually has authority.,This is definitely not the experience we want for our customers. Please reach out in DM with your contact information so an escalation manager can connect with you.,Mon Oct 23 11:49:00 +0000 2017,AmazonHelp,absolute scam. stole my money and refusing to help. give me someone who actually has authority.
104422,@AmazonHelp You have lied to me three times about my delivery. I am reporting this fraud to the Better Business Bureau.,This is definitely not the experience we want for our customers. Please reach out in DM with your contact information so an escalation manager can connect with you.,Sat Oct 21 06:47:00 +0000 2017,AmazonHelp,you have lied to me three times about my delivery. i am reporting this fraud to the better business bureau.
104424,@AmazonHelp Are recyclable packaging options available for fragile items?,"Hi there! Yes, Amazon gift cards can be applied to Kindle digital purchases. Check out amzn.to/giftcard-faq for more information.",Fri Oct 27 11:18:00 +0000 2017,AmazonHelp,are recyclable packaging options available for fragile items?
104426,@AmazonHelp Ordered express next-day delivery on #807-3569548-9903930 and it still hasn't shipped!,"Hi there, we're sorry to hear your order #807-3569548-9903930 is delayed! Please send us a DM at amzn.to/help with your details so we can investigate.",Thu Oct 05 06:23:00 +0000 2017,AmazonHelp,ordered express next-day delivery on order number and it still hasn't shipped!
104428,@AmazonHelp Amazon customer service never disappoints. Replaced my broken item with no hassle. Thanks!,You're very welcome! We're so glad everything was resolved smoothly. Thank you for being a valued customer!,Sat Oct 07 16:34:00 +0000 2017,AmazonHelp,amazon customer service never disappoints. replaced my broken item with no hassle. thanks!
104430,"@AmazonHelp Unbelievable negligence. Damaged goods, ruined anniversary, zero accountability from your team.",We hear your frustration and apologize for the breakdown in communication. Please DM us your order #495-4060046-7992491 so we can urgently review this with our leadership team.,Thu Oct 19 08:55:00 +0000 2017,AmazonHelp,"unbelievable negligence. damaged goods, ruined anniversary, zero accountability from your team."
104432,@AmazonHelp I forgot my password and the password reset link is never arriving in my inbox.,"Hi there, please ensure SMS isn't blocked by your carrier, or try clearing browser cache. If the issue persists, send us a DM.",Wed Oct 18 10:13:00 +0000 2017,AmazonHelp,i forgot my password and the password reset link is never arriving in my inbox.
104434,@AmazonHelp Carrier marked order #686-5652939-6015302 as delivered at front door but there is no package anywhere.,"Hi there, we're sorry to hear your order #686-5652939-6015302 is delayed! Please send us a DM at amzn.to/help with your details so we can investigate.",Fri Oct 13 22:02:00 +0000 2017,AmazonHelp,carrier marked order order number as delivered at front door but there is no package anywhere.
104436,"@AmazonHelp Help! Account locked due to too many failed attempts, how do I unlock it?","Hi there, please ensure SMS isn't blocked by your carrier, or try clearing browser cache. If the issue persists, send us a DM.",Tue Oct 17 07:51:00 +0000 2017,AmazonHelp,"help! account locked due to too many failed attempts, how do i unlock it?"
104438,@AmazonHelp Getting 'An unexpected error occurred' whenever I try to add items to my shopping cart.,We apologize for the technical glitch! Our technical team is monitoring site stability. Please send us a DM with a screenshot if the error continues.,Sun Oct 15 07:09:00 +0000 2017,AmazonHelp,getting 'an unexpected error occurred' whenever i try to add items to my shopping cart.
104440,@AmazonHelp Huge shoutout to Sarah from customer support who solved my lost package in 5 minutes! Amazing service!,You're very welcome! We're so glad everything was resolved smoothly. Thank you for being a valued customer!,Tue Oct 03 19:44:00 +0000 2017,AmazonHelp,huge shoutout to sarah from customer support who solved my lost package in 5 minutes! amazing service!
104442,@AmazonHelp Need a refund for #810-5043157-6007297. Sent back via drop-off locker 5 days ago.,Apologies for the inconvenience! Please DM us your account details so we can check on return #810-5043157-6007297 and expedite your refund.,Tue Oct 03 16:40:00 +0000 2017,AmazonHelp,need a refund for order number . sent back via drop-off locker 5 days ago.
104444,@AmazonHelp Package #226-6587247-5232239 has been stuck in transit in transit hub for over 48 hours. What gives?,"Hello! We apologize for the delivery issue with #226-6587247-5232239. Please check around your porch/neighbors, and if still missing, DM us your account email.",Wed Oct 04 15:23:00 +0000 2017,AmazonHelp,package order number has been stuck in transit in transit hub for over 48 hours. what gives?
104446,@AmazonHelp Return status says received at warehouse but refund not initiated for #649-9116089-3239622. Please help.,Apologies for the inconvenience! Please DM us your account details so we can check on return #649-9116089-3239622 and expedite your refund.,Fri Oct 06 02:27:00 +0000 2017,AmazonHelp,return status says received at warehouse but refund not initiated for order number . please help.
104448,@AmazonHelp Need a refund for #763-9183892-6184505. Sent back via drop-off locker 5 days ago.,We're sorry for the delay in your refund! Please reach out to us in DM with order #763-9183892-6184505 and your email address so we can review the return.,Sun Oct 15 16:04:00 +0000 2017,AmazonHelp,need a refund for order number . sent back via drop-off locker 5 days ago.
104450,@AmazonHelp Ordered express next-day delivery on #248-9999410-7152516 and it still hasn't shipped!,So sorry for the delay on #248-9999410-7152516! Please DM us your order details and we will check the transit status directly for you.,Sat Oct 28 13:58:00 +0000 2017,AmazonHelp,ordered express next-day delivery on order number and it still hasn't shipped!
104452,@AmazonHelp Do you offer student discounts on annual Prime memberships?,Hi! You can check international shipping options and estimated import duties at checkout or by visiting amzn.to/shipping-rates.,Tue Oct 10 04:16:00 +0000 2017,AmazonHelp,do you offer student discounts on annual prime memberships?
104454,@AmazonHelp Package #318-6065908-8449748 has been stuck in transit in transit hub for over 48 hours. What gives?,So sorry for the delay on #318-6065908-8449748! Please DM us your order details and we will check the transit status directly for you.,Sat Oct 28 08:37:00 +0000 2017,AmazonHelp,package order number has been stuck in transit in transit hub for over 48 hours. what gives?
104456,@AmazonHelp Just noticed an unauthorized charge of $186.50 for Prime membership that I never authorized.,We apologize for the billing confusion. Please reach out via DM with the last 4 digits of the card and transaction date so we can inspect.,Sun Oct 15 21:49:00 +0000 2017,AmazonHelp,just noticed an unauthorized charge of currency amount for prime membership that i never authorized.
104458,@AmazonHelp Please cancel my order #142-9693979-4636496 and process a full refund immediately.,Apologies for the inconvenience! Please DM us your account details so we can check on return #142-9693979-4636496 and expedite your refund.,Tue Oct 10 01:35:00 +0000 2017,AmazonHelp,please cancel my order order number and process a full refund immediately.
104460,@AmazonHelp Is the manufacturer warranty valid if I buy an electronic item through third party sellers?,"Hello! Our standard return policy is 30 days, but extended holiday return windows often apply. Let us know if you have a specific item in mind!",Mon Oct 02 23:32:00 +0000 2017,AmazonHelp,is the manufacturer warranty valid if i buy an electronic item through third party sellers?
104462,@AmazonHelp Lost access to my old phone number and now 2FA won't let me log into my account.,"Hello! If you suspect unauthorized access, please visit amzn.to/security immediately. You can also DM us your associated phone or email.",Thu Oct 05 19:54:00 +0000 2017,AmazonHelp,lost access to my old phone number and now 2fa won't let me log into my account.
104464,@AmazonHelp I demand an immediate escalation to executive customer relations. No more generic bot answers!,We are very sorry to hear this and take feedback like this seriously. Please send us a direct message with your account details and phone number so we can escalate to a supervisor.,Tue Oct 10 09:13:00 +0000 2017,AmazonHelp,i demand an immediate escalation to executive customer relations. no more generic bot answers!
104466,"@AmazonHelp Help! Account locked due to too many failed attempts, how do I unlock it?",We're sorry you're having trouble accessing your account. Please send us a DM so we can securely guide you through the two-step verification reset.,Wed Oct 25 16:15:00 +0000 2017,AmazonHelp,"help! account locked due to too many failed attempts, how do i unlock it?"
104468,"@AmazonHelp Where is my package? Order #897-2432350-4584136 was supposed to arrive last week, still nothing!","Hi there, we're sorry to hear your order #897-2432350-4584136 is delayed! Please send us a DM at amzn.to/help with your details so we can investigate.",Tue Oct 10 00:04:00 +0000 2017,AmazonHelp,"where is my package? order order number was supposed to arrive last week, still nothing!"
104470,"@AmazonHelp Charged $141.99 annual subscription fee by mistake, please reverse this charge.","Hello, duplicate charges are often pending authorizations that drop off in 2-3 business days. Please DM us your order #977-6199049-3767712 to confirm.",Mon Oct 23 05:04:00 +0000 2017,AmazonHelp,"charged currency amount annual subscription fee by mistake, please reverse this charge."
104472,@AmazonHelp Need a refund for #887-2049508-5496799. Sent back via drop-off locker 5 days ago.,We're sorry for the delay in your refund! Please reach out to us in DM with order #887-2049508-5496799 and your email address so we can review the return.,Tue Oct 17 22:49:00 +0000 2017,AmazonHelp,need a refund for order number . sent back via drop-off locker 5 days ago.
104474,@AmazonHelp I was told my refund of $226.00 for order #473-3573082-7540294 would be in my account in 3-5 days. It's been 10 days.,Apologies for the inconvenience! Please DM us your account details so we can check on return #473-3573082-7540294 and expedite your refund.,Sun Oct 22 19:20:00 +0000 2017,AmazonHelp,i was told my refund of currency amount for order order number would be in my account in 3-5 days. it's been 10 days.
104476,@AmazonHelp You have lied to me three times about my delivery. I am reporting this fraud to the Better Business Bureau.,We are very sorry to hear this and take feedback like this seriously. Please send us a direct message with your account details and phone number so we can escalate to a supervisor.,Sun Oct 08 22:36:00 +0000 2017,AmazonHelp,you have lied to me three times about my delivery. i am reporting this fraud to the better business bureau.
104478,@AmazonHelp Please cancel my order #773-3791582-6406815 and process a full refund immediately.,Apologies for the inconvenience! Please DM us your account details so we can check on return #773-3791582-6406815 and expedite your refund.,Thu Oct 26 05:59:00 +0000 2017,AmazonHelp,please cancel my order order number and process a full refund immediately.
104480,@AmazonHelp Are recyclable packaging options available for fragile items?,"Hi there! Yes, Amazon gift cards can be applied to Kindle digital purchases. Check out amzn.to/giftcard-faq for more information.",Wed Oct 11 03:36:00 +0000 2017,AmazonHelp,are recyclable packaging options available for fragile items?
104482,@AmazonHelp Return status says received at warehouse but refund not initiated for #938-6318806-5700372. Please help.,"Hello! Once an item is received at our fulfillment center, refunds usually take 3-5 business days. Please DM us your order #938-6318806-5700372 to check status.",Wed Oct 18 18:18:00 +0000 2017,AmazonHelp,return status says received at warehouse but refund not initiated for order number . please help.
104484,@AmazonHelp Carrier marked order #118-6672836-3422369 as delivered at front door but there is no package anywhere.,So sorry for the delay on #118-6672836-3422369! Please DM us your order details and we will check the transit status directly for you.,Fri Oct 20 21:25:00 +0000 2017,AmazonHelp,carrier marked order order number as delivered at front door but there is no package anywhere.
104486,@AmazonHelp I returned item on order #202-5688532-9332489 over a week ago and still haven't received my refund.,"Hello! Once an item is received at our fulfillment center, refunds usually take 3-5 business days. Please DM us your order #202-5688532-9332489 to check status.",Wed Oct 25 03:25:00 +0000 2017,AmazonHelp,i returned item on order order number over a week ago and still haven't received my refund.
104488,@AmazonHelp shipment #431-5478895-2001012 is delayed by 3 days already. Any update on when it will arrive?,"Hello! We apologize for the delivery issue with #431-5478895-2001012. Please check around your porch/neighbors, and if still missing, DM us your account email.",Sun Oct 01 21:29:00 +0000 2017,AmazonHelp,shipment order number is delayed by 3 days already. any update on when it will arrive?
104490,@AmazonHelp Can someone check on order #593-7625199-5883509? It's a birthday gift and now it's late.,So sorry for the delay on #593-7625199-5883509! Please DM us your order details and we will check the transit status directly for you.,Thu Oct 26 02:37:00 +0000 2017,AmazonHelp,can someone check on order order number ? it's a birthday gift and now it's late.
104492,"@AmazonHelp Wishlist won't let me remove deleted items, says 'Failed to update wishlist'.",We apologize for the technical glitch! Our technical team is monitoring site stability. Please send us a DM with a screenshot if the error continues.,Tue Oct 24 02:02:00 +0000 2017,AmazonHelp,"wishlist won't let me remove deleted items, says 'failed to update wishlist'."
104494,@AmazonHelp Tracking status says delivery attempted but nobody buzzed or knocked. Order #658-9783755-9659485.,"Hello! We apologize for the delivery issue with #658-9783755-9659485. Please check around your porch/neighbors, and if still missing, DM us your account email.",Wed Oct 11 16:04:00 +0000 2017,AmazonHelp,tracking status says delivery attempted but nobody buzzed or knocked. order order number .
104496,@AmazonHelp Package #965-5989091-6511424 has been stuck in transit in transit hub for over 48 hours. What gives?,"Hi there, we're sorry to hear your order #965-5989091-6511424 is delayed! Please send us a DM at amzn.to/help with your details so we can investigate.",Thu Oct 05 04:01:00 +0000 2017,AmazonHelp,package order number has been stuck in transit in transit hub for over 48 hours. what gives?
104498,@AmazonHelp Can someone check on order #835-4870352-1342811? It's a birthday gift and now it's late.,"Hi there, we're sorry to hear your order #835-4870352-1342811 is delayed! Please send us a DM at amzn.to/help with your details so we can investigate.",Sat Oct 14 22:54:00 +0000 2017,AmazonHelp,can someone check on order order number ? it's a birthday gift and now it's late.
104500,@AmazonHelp Please cancel my order #777-2920868-8560292 and process a full refund immediately.,We're sorry for the delay in your refund! Please reach out to us in DM with order #777-2920868-8560292 and your email address so we can review the return.,Thu Oct 26 04:06:00 +0000 2017,AmazonHelp,please cancel my order order number and process a full refund immediately.
104502,@AmazonHelp Just noticed an unauthorized charge of $85.49 for Prime membership that I never authorized.,"Hello, duplicate charges are often pending authorizations that drop off in 2-3 business days. Please DM us your order #575-1180768-8757307 to confirm.",Thu Oct 19 11:42:00 +0000 2017,AmazonHelp,just noticed an unauthorized charge of currency amount for prime membership that i never authorized.
104504,"@AmazonHelp Wishlist won't let me remove deleted items, says 'Failed to update wishlist'.","Hi! Thanks for bringing this to our attention. Have you tried reinstalling the app or clearing your cache? If so, please DM us your device OS version.",Tue Oct 24 14:07:00 +0000 2017,AmazonHelp,"wishlist won't let me remove deleted items, says 'failed to update wishlist'."
104506,"@AmazonHelp Received broken item in order #382-9630184-1175565. I want my money back, not a replacement.",Hi! We want to help get this sorted. Please send us a direct message with order #382-9630184-1175565 and return tracking number so we can verify with our billing team.,Thu Oct 05 03:19:00 +0000 2017,AmazonHelp,"received broken item in order order number . i want my money back, not a replacement."
104508,@AmazonHelp How long does it take for a refund to process to my original payment method for return #559-5015007-6473926?,Apologies for the inconvenience! Please DM us your account details so we can check on return #559-5015007-6473926 and expedite your refund.,Wed Oct 11 06:46:00 +0000 2017,AmazonHelp,how long does it take for a refund to process to my original payment method for return order number ?
104510,@AmazonHelp Carrier marked order #997-3733417-2367132 as delivered at front door but there is no package anywhere.,"Hello! We apologize for the delivery issue with #997-3733417-2367132. Please check around your porch/neighbors, and if still missing, DM us your account email.",Fri Oct 27 09:05:00 +0000 2017,AmazonHelp,carrier marked order order number as delivered at front door but there is no package anywhere.
104512,@AmazonHelp Need a refund for #750-9089823-1200226. Sent back via drop-off locker 5 days ago.,Apologies for the inconvenience! Please DM us your account details so we can check on return #750-9089823-1200226 and expedite your refund.,Mon Oct 23 11:47:00 +0000 2017,AmazonHelp,need a refund for order number . sent back via drop-off locker 5 days ago.
104514,@AmazonHelp shipment #453-7892172-9393926 is delayed by 3 days already. Any update on when it will arrive?,We understand your concern regarding order #453-7892172-9393926. Please drop us a DM with your tracking link and postal code so we can check with the carrier.,Wed Oct 18 18:14:00 +0000 2017,AmazonHelp,shipment order number is delayed by 3 days already. any update on when it will arrive?
104516,@AmazonHelp Charged for an item I sent back last Monday. When will my refund of $209.99 arrive?,Hi! We want to help get this sorted. Please send us a direct message with order #501-5250843-4889949 and return tracking number so we can verify with our billing team.,Thu Oct 26 17:47:00 +0000 2017,AmazonHelp,charged for an item i sent back last monday. when will my refund of currency amount arrive?
104518,@AmazonHelp Getting 'An unexpected error occurred' whenever I try to add items to my shopping cart.,We apologize for the technical glitch! Our technical team is monitoring site stability. Please send us a DM with a screenshot if the error continues.,Mon Oct 16 03:33:00 +0000 2017,AmazonHelp,getting 'an unexpected error occurred' whenever i try to add items to my shopping cart.
104520,@AmazonHelp Do you ship internationally to Germany and what are the customs fees?,Hello! Most electronics purchased from authorized sellers include standard warranty. Please DM us the product ASIN to check details.,Mon Oct 09 10:23:00 +0000 2017,AmazonHelp,do you ship internationally to germany and what are the customs fees?
104522,@AmazonHelp I was charged $248.50 twice for order #530-8569691-6592366. Please check your billing system.,We apologize for the billing confusion. Please reach out via DM with the last 4 digits of the card and transaction date so we can inspect.,Sat Oct 14 03:50:00 +0000 2017,AmazonHelp,i was charged currency amount twice for order order number . please check your billing system.
104524,@AmazonHelp Are recyclable packaging options available for fragile items?,Hi! You can check international shipping options and estimated import duties at checkout or by visiting amzn.to/shipping-rates.,Mon Oct 16 21:22:00 +0000 2017,AmazonHelp,are recyclable packaging options available for fragile items?
104526,@AmazonHelp My tracking says delivered but I have not received anything for order #152-8633870-7037761!,"Hi there, we're sorry to hear your order #152-8633870-7037761 is delayed! Please send us a DM at amzn.to/help with your details so we can investigate.",Tue Oct 03 16:58:00 +0000 2017,AmazonHelp,my tracking says delivered but i have not received anything for order order number !
104528,@AmazonHelp 5 stars to the agent who helped me reset my account this morning. Great experience!,You're very welcome! We're so glad everything was resolved smoothly. Thank you for being a valued customer!,Sun Oct 08 04:42:00 +0000 2017,AmazonHelp,5 stars to the agent who helped me reset my account this morning. great experience!
104530,@AmazonHelp I was charged $114.49 twice for order #566-3545115-3792054. Please check your billing system.,"Hello, duplicate charges are often pending authorizations that drop off in 2-3 business days. Please DM us your order #566-3545115-3792054 to confirm.",Sun Oct 01 20:23:00 +0000 2017,AmazonHelp,i was charged currency amount twice for order order number . please check your billing system.
104532,"@AmazonHelp Every time I try to log in, it loops back to the login screen without an error message.","Hi there, please ensure SMS isn't blocked by your carrier, or try clearing browser cache. If the issue persists, send us a DM.",Sat Oct 28 05:35:00 +0000 2017,AmazonHelp,"every time i try to log in, it loops back to the login screen without an error message."
104534,@AmazonHelp Can someone check on order #986-7840467-2135470? It's a birthday gift and now it's late.,So sorry for the delay on #986-7840467-2135470! Please DM us your order details and we will check the transit status directly for you.,Sat Oct 21 08:33:00 +0000 2017,AmazonHelp,can someone check on order order number ? it's a birthday gift and now it's late.
104536,@AmazonHelp I was told my refund of $51.50 for order #141-4441352-7816044 would be in my account in 3-5 days. It's been 10 days.,Apologies for the inconvenience! Please DM us your account details so we can check on return #141-4441352-7816044 and expedite your refund.,Thu Oct 05 06:17:00 +0000 2017,AmazonHelp,i was told my refund of currency amount for order order number would be in my account in 3-5 days. it's been 10 days.
104538,@AmazonHelp You have lied to me three times about my delivery. I am reporting this fraud to the Better Business Bureau.,We sincerely apologize for this distressing experience. This is certainly not the level of service we aim to provide. Please DM us immediately so a senior specialist can assist.,Wed Oct 25 22:26:00 +0000 2017,AmazonHelp,you have lied to me three times about my delivery. i am reporting this fraud to the better business bureau.
104540,@AmazonHelp You have lied to me three times about my delivery. I am reporting this fraud to the Better Business Bureau.,We are very sorry to hear this and take feedback like this seriously. Please send us a direct message with your account details and phone number so we can escalate to a supervisor.,Sat Oct 28 04:47:00 +0000 2017,AmazonHelp,you have lied to me three times about my delivery. i am reporting this fraud to the better business bureau.
104542,"@AmazonHelp Where is my package? Order #488-1378454-7729938 was supposed to arrive 2 days ago, still nothing!",So sorry for the delay on #488-1378454-7729938! Please DM us your order details and we will check the transit status directly for you.,Tue Oct 17 00:31:00 +0000 2017,AmazonHelp,"where is my package? order order number was supposed to arrive 2 days ago, still nothing!"
104544,@AmazonHelp shipment #449-8342481-7573108 is delayed by 3 days already. Any update on when it will arrive?,We understand your concern regarding order #449-8342481-7573108. Please drop us a DM with your tracking link and postal code so we can check with the carrier.,Mon Oct 23 07:55:00 +0000 2017,AmazonHelp,shipment order number is delayed by 3 days already. any update on when it will arrive?
104546,@AmazonHelp Carrier marked order #491-5444302-5258198 as delivered at front door but there is no package anywhere.,"Hi there, we're sorry to hear your order #491-5444302-5258198 is delayed! Please send us a DM at amzn.to/help with your details so we can investigate.",Fri Oct 27 17:03:00 +0000 2017,AmazonHelp,carrier marked order order number as delivered at front door but there is no package anywhere.
104548,@AmazonHelp Search bar on the website is completely unresponsive on Chrome desktop.,"Hi! Thanks for bringing this to our attention. Have you tried reinstalling the app or clearing your cache? If so, please DM us your device OS version.",Thu Oct 12 15:26:00 +0000 2017,AmazonHelp,search bar on the website is completely unresponsive on chrome desktop.
104550,@AmazonHelp Need a refund for #409-3214797-7126427. Sent back via drop-off locker 5 days ago.,Apologies for the inconvenience! Please DM us your account details so we can check on return #409-3214797-7126427 and expedite your refund.,Mon Oct 09 14:05:00 +0000 2017,AmazonHelp,need a refund for order number . sent back via drop-off locker 5 days ago.
104552,@AmazonHelp My tracking says delivered but I have not received anything for order #704-3182067-3831722!,We understand your concern regarding order #704-3182067-3831722. Please drop us a DM with your tracking link and postal code so we can check with the carrier.,Thu Oct 19 15:19:00 +0000 2017,AmazonHelp,my tracking says delivered but i have not received anything for order order number !
104554,@AmazonHelp This is completely unacceptable. I want to speak to a supervisor or corporate manager right now!,We hear your frustration and apologize for the breakdown in communication. Please DM us your order #706-3209870-8918432 so we can urgently review this with our leadership team.,Sun Oct 08 13:03:00 +0000 2017,AmazonHelp,this is completely unacceptable. i want to speak to a supervisor or corporate manager right now!
104556,@AmazonHelp Can you explain the invoice breakdown for #916-7856711-3913886? There's an extra charge of $162.00.,Hi! We'd be glad to look into this charge for you. Please send us a DM with the date and amount so we can locate the transaction securely.,Sun Oct 01 18:07:00 +0000 2017,AmazonHelp,can you explain the invoice breakdown for order number ? there's an extra charge of currency amount .
104558,"@AmazonHelp Where is my package? Order #287-9498639-1111220 was supposed to arrive yesterday, still nothing!","Hello! We apologize for the delivery issue with #287-9498639-1111220. Please check around your porch/neighbors, and if still missing, DM us your account email.",Mon Oct 23 13:40:00 +0000 2017,AmazonHelp,"where is my package? order order number was supposed to arrive yesterday, still nothing!"
104560,@AmazonHelp Need a refund for #181-3517639-1355714. Sent back via drop-off locker 5 days ago.,Hi! We want to help get this sorted. Please send us a direct message with order #181-3517639-1355714 and return tracking number so we can verify with our billing team.,Wed Oct 18 01:24:00 +0000 2017,AmazonHelp,need a refund for order number . sent back via drop-off locker 5 days ago.
104562,@AmazonHelp Package #382-9889026-9359905 has been stuck in transit in transit hub for over 48 hours. What gives?,So sorry for the delay on #382-9889026-9359905! Please DM us your order details and we will check the transit status directly for you.,Sat Oct 07 08:46:00 +0000 2017,AmazonHelp,package order number has been stuck in transit in transit hub for over 48 hours. what gives?
104564,@AmazonHelp How long does it take for a refund to process to my original payment method for return #857-1300420-2638718?,We're sorry for the delay in your refund! Please reach out to us in DM with order #857-1300420-2638718 and your email address so we can review the return.,Tue Oct 03 16:30:00 +0000 2017,AmazonHelp,how long does it take for a refund to process to my original payment method for return order number ?
104566,@AmazonHelp Do you ship internationally to Germany and what are the customs fees?,"Hi there! Yes, Amazon gift cards can be applied to Kindle digital purchases. Check out amzn.to/giftcard-faq for more information.",Mon Oct 23 19:57:00 +0000 2017,AmazonHelp,do you ship internationally to germany and what are the customs fees?
104568,@AmazonHelp Your support agent was extremely rude and unhelpful. Disgraceful treatment of a 10-year customer.,We hear your frustration and apologize for the breakdown in communication. Please DM us your order #805-4626686-7675594 so we can urgently review this with our leadership team.,Sat Oct 28 10:16:00 +0000 2017,AmazonHelp,your support agent was extremely rude and unhelpful. disgraceful treatment of a 10-year customer.
104570,@AmazonHelp Can someone check on order #510-9144106-2266299? It's a birthday gift and now it's late.,"Hi there, we're sorry to hear your order #510-9144106-2266299 is delayed! Please send us a DM at amzn.to/help with your details so we can investigate.",Tue Oct 17 23:40:00 +0000 2017,AmazonHelp,can someone check on order order number ? it's a birthday gift and now it's late.
104572,@AmazonHelp Search bar on the website is completely unresponsive on Chrome desktop.,"Hello! Please try accessing the site in an incognito window or restarting your device. If the bug persists, DM us your app version and device model.",Fri Oct 27 09:12:00 +0000 2017,AmazonHelp,search bar on the website is completely unresponsive on chrome desktop.
104574,@AmazonHelp Can someone check on order #968-3596062-6919532? It's a birthday gift and now it's late.,"Hi there, we're sorry to hear your order #968-3596062-6919532 is delayed! Please send us a DM at amzn.to/help with your details so we can investigate.",Fri Oct 13 14:27:00 +0000 2017,AmazonHelp,can someone check on order order number ? it's a birthday gift and now it's late.
104576,@AmazonHelp Payment declined on my card even though there are sufficient funds available.,We apologize for the billing confusion. Please reach out via DM with the last 4 digits of the card and transaction date so we can inspect.,Sat Oct 07 01:25:00 +0000 2017,AmazonHelp,payment declined on my card even though there are sufficient funds available.
104578,@AmazonHelp Need a refund for #316-8442905-2397238. Sent back via drop-off locker 5 days ago.,Hi! We want to help get this sorted. Please send us a direct message with order #316-8442905-2397238 and return tracking number so we can verify with our billing team.,Fri Oct 06 09:55:00 +0000 2017,AmazonHelp,need a refund for order number . sent back via drop-off locker 5 days ago.
104580,@AmazonHelp Absolute scam. Stole my money and refusing to help. Give me someone who actually has authority.,We sincerely apologize for this distressing experience. This is certainly not the level of service we aim to provide. Please DM us immediately so a senior specialist can assist.,Thu Oct 26 04:45:00 +0000 2017,AmazonHelp,absolute scam. stole my money and refusing to help. give me someone who actually has authority.
104582,@AmazonHelp You guys billed me twice on the same day for order #282-6039526-8882386. Please fix this duplicate charge.,"Hello, duplicate charges are often pending authorizations that drop off in 2-3 business days. Please DM us your order #282-6039526-8882386 to confirm.",Fri Oct 13 02:41:00 +0000 2017,AmazonHelp,you guys billed me twice on the same day for order order number . please fix this duplicate charge.
104584,@AmazonHelp Can someone check on order #413-4314388-6748005? It's a birthday gift and now it's late.,"Hello! We apologize for the delivery issue with #413-4314388-6748005. Please check around your porch/neighbors, and if still missing, DM us your account email.",Wed Oct 18 12:08:00 +0000 2017,AmazonHelp,can someone check on order order number ? it's a birthday gift and now it's late.
104586,@AmazonHelp Unable to sign in to my account from my new laptop. Says suspicious activity detected.,"Hi! For your security, please don't share passwords publicly. Please visit amzn.to/account-recovery or DM us to begin identity verification.",Sat Oct 14 21:13:00 +0000 2017,AmazonHelp,unable to sign in to my account from my new laptop. says suspicious activity detected.
104588,@AmazonHelp How long does it take for a refund to process to my original payment method for return #695-8025655-1848334?,"Hello! Once an item is received at our fulfillment center, refunds usually take 3-5 business days. Please DM us your order #695-8025655-1848334 to check status.",Wed Oct 04 08:54:00 +0000 2017,AmazonHelp,how long does it take for a refund to process to my original payment method for return order number ?
104590,"@AmazonHelp Charged $121.49 annual subscription fee by mistake, please reverse this charge.","Hello, duplicate charges are often pending authorizations that drop off in 2-3 business days. Please DM us your order #594-4826119-9017533 to confirm.",Wed Oct 18 00:45:00 +0000 2017,AmazonHelp,"charged currency amount annual subscription fee by mistake, please reverse this charge."
104592,@AmazonHelp I was charged $215.49 twice for order #133-4704808-7922134. Please check your billing system.,Hi! We'd be glad to look into this charge for you. Please send us a DM with the date and amount so we can locate the transaction securely.,Mon Oct 16 11:44:00 +0000 2017,AmazonHelp,i was charged currency amount twice for order order number . please check your billing system.
104594,@AmazonHelp Unable to sign in to my account from my new laptop. Says suspicious activity detected.,"Hi there, please ensure SMS isn't blocked by your carrier, or try clearing browser cache. If the issue persists, send us a DM.",Fri Oct 20 12:58:00 +0000 2017,AmazonHelp,unable to sign in to my account from my new laptop. says suspicious activity detected.
104596,@AmazonHelp Amazon customer service never disappoints. Replaced my broken item with no hassle. Thanks!,You're very welcome! We're so glad everything was resolved smoothly. Thank you for being a valued customer!,Sun Oct 15 07:26:00 +0000 2017,AmazonHelp,amazon customer service never disappoints. replaced my broken item with no hassle. thanks!
104598,@AmazonHelp Can someone check on order #651-5066077-6419744? It's a birthday gift and now it's late.,"Hi there, we're sorry to hear your order #651-5066077-6419744 is delayed! Please send us a DM at amzn.to/help with your details so we can investigate.",Thu Oct 12 17:12:00 +0000 2017,AmazonHelp,can someone check on order order number ? it's a birthday gift and now it's late.
104600,@AmazonHelp Carrier marked order #272-3787770-8235614 as delivered at front door but there is no package anywhere.,So sorry for the delay on #272-3787770-8235614! Please DM us your order details and we will check the transit status directly for you.,Sun Oct 01 20:35:00 +0000 2017,AmazonHelp,carrier marked order order number as delivered at front door but there is no package anywhere.
104602,"@AmazonHelp Wishlist won't let me remove deleted items, says 'Failed to update wishlist'.","Hi! Thanks for bringing this to our attention. Have you tried reinstalling the app or clearing your cache? If so, please DM us your device OS version.",Sun Oct 15 13:32:00 +0000 2017,AmazonHelp,"wishlist won't let me remove deleted items, says 'failed to update wishlist'."
104604,@AmazonHelp Package #615-9202221-5184565 has been stuck in transit in transit hub for over 48 hours. What gives?,"Hello! We apologize for the delivery issue with #615-9202221-5184565. Please check around your porch/neighbors, and if still missing, DM us your account email.",Thu Oct 12 16:32:00 +0000 2017,AmazonHelp,package order number has been stuck in transit in transit hub for over 48 hours. what gives?
104606,"@AmazonHelp Received broken item in order #604-3409346-2026181. I want my money back, not a replacement.",We're sorry for the delay in your refund! Please reach out to us in DM with order #604-3409346-2026181 and your email address so we can review the return.,Wed Oct 11 21:32:00 +0000 2017,AmazonHelp,"received broken item in order order number . i want my money back, not a replacement."
104608,@AmazonHelp I was told my refund of $233.49 for order #119-5650251-6359728 would be in my account in 3-5 days. It's been 10 days.,Apologies for the inconvenience! Please DM us your account details so we can check on return #119-5650251-6359728 and expedite your refund.,Wed Oct 11 11:58:00 +0000 2017,AmazonHelp,i was told my refund of currency amount for order order number would be in my account in 3-5 days. it's been 10 days.
104610,"@AmazonHelp Two-factor authentication is failing, says invalid token even though it's correct.","Hello! If you suspect unauthorized access, please visit amzn.to/security immediately. You can also DM us your associated phone or email.",Thu Oct 12 16:30:00 +0000 2017,AmazonHelp,"two-factor authentication is failing, says invalid token even though it's correct."
104612,@AmazonHelp You have lied to me three times about my delivery. I am reporting this fraud to the Better Business Bureau.,We are very sorry to hear this and take feedback like this seriously. Please send us a direct message with your account details and phone number so we can escalate to a supervisor.,Mon Oct 23 00:33:00 +0000 2017,AmazonHelp,you have lied to me three times about my delivery. i am reporting this fraud to the better business bureau.
104614,@AmazonHelp Carrier marked order #683-7279849-4202391 as delivered at front door but there is no package anywhere.,We understand your concern regarding order #683-7279849-4202391. Please drop us a DM with your tracking link and postal code so we can check with the carrier.,Mon Oct 16 03:07:00 +0000 2017,AmazonHelp,carrier marked order order number as delivered at front door but there is no package anywhere.
104616,@AmazonHelp Return status says received at warehouse but refund not initiated for #228-5169777-3215750. Please help.,Hi! We want to help get this sorted. Please send us a direct message with order #228-5169777-3215750 and return tracking number so we can verify with our billing team.,Wed Oct 25 16:38:00 +0000 2017,AmazonHelp,return status says received at warehouse but refund not initiated for order number . please help.
104618,@AmazonHelp Tracking status says delivery attempted but nobody buzzed or knocked. Order #701-5475710-1877905.,We understand your concern regarding order #701-5475710-1877905. Please drop us a DM with your tracking link and postal code so we can check with the carrier.,Wed Oct 04 22:58:00 +0000 2017,AmazonHelp,tracking status says delivery attempted but nobody buzzed or knocked. order order number .
104620,@AmazonHelp Just noticed an unauthorized charge of $48.99 for Prime membership that I never authorized.,Hi! We'd be glad to look into this charge for you. Please send us a DM with the date and amount so we can locate the transaction securely.,Thu Oct 12 17:30:00 +0000 2017,AmazonHelp,just noticed an unauthorized charge of currency amount for prime membership that i never authorized.
104622,"@AmazonHelp Unbelievable negligence. Damaged goods, ruined anniversary, zero accountability from your team.",We sincerely apologize for this distressing experience. This is certainly not the level of service we aim to provide. Please DM us immediately so a senior specialist can assist.,Tue Oct 24 00:06:00 +0000 2017,AmazonHelp,"unbelievable negligence. damaged goods, ruined anniversary, zero accountability from your team."
104624,@AmazonHelp Charged for an item I sent back last Monday. When will my refund of $219.49 arrive?,We're sorry for the delay in your refund! Please reach out to us in DM with order #224-7582236-8251829 and your email address so we can review the return.,Fri Oct 20 23:19:00 +0000 2017,AmazonHelp,charged for an item i sent back last monday. when will my refund of currency amount arrive?
104626,@AmazonHelp Your iOS app keeps crashing every time I tap the checkout button. Version 18.2.,"Hi! Thanks for bringing this to our attention. Have you tried reinstalling the app or clearing your cache? If so, please DM us your device OS version.",Sat Oct 21 05:02:00 +0000 2017,AmazonHelp,your ios app keeps crashing every time i tap the checkout button. version 18.2.
104628,@AmazonHelp Need a refund for #396-3581052-1918300. Sent back via drop-off locker 5 days ago.,Apologies for the inconvenience! Please DM us your account details so we can check on return #396-3581052-1918300 and expedite your refund.,Sun Oct 15 07:19:00 +0000 2017,AmazonHelp,need a refund for order number . sent back via drop-off locker 5 days ago.
104630,@AmazonHelp I was charged $248.00 twice for order #809-8087672-1402295. Please check your billing system.,Hi! We'd be glad to look into this charge for you. Please send us a DM with the date and amount so we can locate the transaction securely.,Fri Oct 20 09:08:00 +0000 2017,AmazonHelp,i was charged currency amount twice for order order number . please check your billing system.
104632,@AmazonHelp Do you offer student discounts on annual Prime memberships?,"Hello! Our standard return policy is 30 days, but extended holiday return windows often apply. Let us know if you have a specific item in mind!",Fri Oct 06 14:10:00 +0000 2017,AmazonHelp,do you offer student discounts on annual prime memberships?
104634,@AmazonHelp Absolute scam. Stole my money and refusing to help. Give me someone who actually has authority.,This is definitely not the experience we want for our customers. Please reach out in DM with your contact information so an escalation manager can connect with you.,Tue Oct 03 10:59:00 +0000 2017,AmazonHelp,absolute scam. stole my money and refusing to help. give me someone who actually has authority.
104636,@AmazonHelp I was charged $117.49 twice for order #776-7405699-6604787. Please check your billing system.,Hi! We'd be glad to look into this charge for you. Please send us a DM with the date and amount so we can locate the transaction securely.,Sun Oct 08 11:30:00 +0000 2017,AmazonHelp,i was charged currency amount twice for order order number . please check your billing system.
104638,@AmazonHelp Carrier marked order #101-2883407-5871820 as delivered at front door but there is no package anywhere.,We understand your concern regarding order #101-2883407-5871820. Please drop us a DM with your tracking link and postal code so we can check with the carrier.,Sat Oct 14 05:49:00 +0000 2017,AmazonHelp,carrier marked order order number as delivered at front door but there is no package anywhere.
104640,"@AmazonHelp Help! Account locked due to too many failed attempts, how do I unlock it?","Hello! If you suspect unauthorized access, please visit amzn.to/security immediately. You can also DM us your associated phone or email.",Thu Oct 12 23:52:00 +0000 2017,AmazonHelp,"help! account locked due to too many failed attempts, how do i unlock it?"
104642,@AmazonHelp Your support team went above and beyond today. Thank you for the courteous and prompt help!,Thank you so much for the kind words! We love hearing this and will pass your compliments along to the team. Have a wonderful day!,Wed Oct 18 14:53:00 +0000 2017,AmazonHelp,your support team went above and beyond today. thank you for the courteous and prompt help!
104644,@AmazonHelp I forgot my password and the password reset link is never arriving in my inbox.,"Hi there, please ensure SMS isn't blocked by your carrier, or try clearing browser cache. If the issue persists, send us a DM.",Tue Oct 17 12:01:00 +0000 2017,AmazonHelp,i forgot my password and the password reset link is never arriving in my inbox.
104646,"@AmazonHelp Where is my package? Order #784-7131115-7747304 was supposed to arrive last week, still nothing!",So sorry for the delay on #784-7131115-7747304! Please DM us your order details and we will check the transit status directly for you.,Sat Oct 28 03:53:00 +0000 2017,AmazonHelp,"where is my package? order order number was supposed to arrive last week, still nothing!"
104648,@AmazonHelp Carrier marked order #133-3259936-6863468 as delivered at front door but there is no package anywhere.,So sorry for the delay on #133-3259936-6863468! Please DM us your order details and we will check the transit status directly for you.,Mon Oct 23 01:49:00 +0000 2017,AmazonHelp,carrier marked order order number as delivered at front door but there is no package anywhere.
104650,@AmazonHelp Search bar on the website is completely unresponsive on Chrome desktop.,We're sorry for the app crash. Please ensure you are running the latest app update. DM us if you need further technical troubleshooting.,Wed Oct 18 06:26:00 +0000 2017,AmazonHelp,search bar on the website is completely unresponsive on chrome desktop.
104652,"@AmazonHelp My account was compromised or hacked, someone changed the email on file. Need help urgently!","Hello! If you suspect unauthorized access, please visit amzn.to/security immediately. You can also DM us your associated phone or email.",Sat Oct 14 13:51:00 +0000 2017,AmazonHelp,"my account was compromised or hacked, someone changed the email on file. need help urgently!"
104654,"@AmazonHelp Received broken item in order #773-1969781-6739511. I want my money back, not a replacement.",Apologies for the inconvenience! Please DM us your account details so we can check on return #773-1969781-6739511 and expedite your refund.,Sun Oct 22 05:32:00 +0000 2017,AmazonHelp,"received broken item in order order number . i want my money back, not a replacement."
104656,"@AmazonHelp Two-factor authentication is failing, says invalid token even though it's correct.","Hello! If you suspect unauthorized access, please visit amzn.to/security immediately. You can also DM us your associated phone or email.",Wed Oct 25 07:42:00 +0000 2017,AmazonHelp,"two-factor authentication is failing, says invalid token even though it's correct."
104658,@AmazonHelp Search bar on the website is completely unresponsive on Chrome desktop.,"Hello! Please try accessing the site in an incognito window or restarting your device. If the bug persists, DM us your app version and device model.",Wed Oct 11 15:53:00 +0000 2017,AmazonHelp,search bar on the website is completely unresponsive on chrome desktop.
104660,"@AmazonHelp Every time I try to log in, it loops back to the login screen without an error message.",We're sorry you're having trouble accessing your account. Please send us a DM so we can securely guide you through the two-step verification reset.,Mon Oct 23 23:21:00 +0000 2017,AmazonHelp,"every time i try to log in, it loops back to the login screen without an error message."
104662,@AmazonHelp Charged for an item I sent back last Monday. When will my refund of $52.99 arrive?,"Hello! Once an item is received at our fulfillment center, refunds usually take 3-5 business days. Please DM us your order #634-7334944-3630034 to check status.",Sun Oct 08 22:15:00 +0000 2017,AmazonHelp,charged for an item i sent back last monday. when will my refund of currency amount arrive?
104664,@AmazonHelp My tracking says delivered but I have not received anything for order #232-4765725-5814557!,"Hello! We apologize for the delivery issue with #232-4765725-5814557. Please check around your porch/neighbors, and if still missing, DM us your account email.",Wed Oct 04 23:06:00 +0000 2017,AmazonHelp,my tracking says delivered but i have not received anything for order order number !
104666,@AmazonHelp Please cancel my order #677-1729471-5402249 and process a full refund immediately.,Apologies for the inconvenience! Please DM us your account details so we can check on return #677-1729471-5402249 and expedite your refund.,Sat Oct 21 00:10:00 +0000 2017,AmazonHelp,please cancel my order order number and process a full refund immediately.
104668,@AmazonHelp Checkout page freezes when selecting saved shipping address.,"Hi! Thanks for bringing this to our attention. Have you tried reinstalling the app or clearing your cache? If so, please DM us your device OS version.",Thu Oct 26 17:16:00 +0000 2017,AmazonHelp,checkout page freezes when selecting saved shipping address.
104670,@AmazonHelp Getting 'An unexpected error occurred' whenever I try to add items to my shopping cart.,"Hello! Please try accessing the site in an incognito window or restarting your device. If the bug persists, DM us your app version and device model.",Sun Oct 08 10:38:00 +0000 2017,AmazonHelp,getting 'an unexpected error occurred' whenever i try to add items to my shopping cart.
104672,@AmazonHelp Can someone check on order #918-5354050-3502745? It's a birthday gift and now it's late.,"Hello! We apologize for the delivery issue with #918-5354050-3502745. Please check around your porch/neighbors, and if still missing, DM us your account email.",Wed Oct 04 20:54:00 +0000 2017,AmazonHelp,can someone check on order order number ? it's a birthday gift and now it's late.
104674,@AmazonHelp Charged for an item I sent back last Monday. When will my refund of $248.00 arrive?,"Hello! Once an item is received at our fulfillment center, refunds usually take 3-5 business days. Please DM us your order #331-2236034-2843426 to check status.",Fri Oct 06 21:45:00 +0000 2017,AmazonHelp,charged for an item i sent back last monday. when will my refund of currency amount arrive?
104676,@AmazonHelp Website gives error 500 internal server error when trying to view my order history.,"Hi! Thanks for bringing this to our attention. Have you tried reinstalling the app or clearing your cache? If so, please DM us your device OS version.",Fri Oct 06 00:21:00 +0000 2017,AmazonHelp,website gives error 500 internal server error when trying to view my order history.
104678,@AmazonHelp Does this product come with a power adapter or do I need to buy it separately?,"Hello! Our standard return policy is 30 days, but extended holiday return windows often apply. Let us know if you have a specific item in mind!",Thu Oct 26 12:10:00 +0000 2017,AmazonHelp,does this product come with a power adapter or do i need to buy it separately?
104680,"@AmazonHelp The mobile app is not loading product images, just showing blank white boxes.","Hi! Thanks for bringing this to our attention. Have you tried reinstalling the app or clearing your cache? If so, please DM us your device OS version.",Fri Oct 06 02:13:00 +0000 2017,AmazonHelp,"the mobile app is not loading product images, just showing blank white boxes."
104682,@AmazonHelp Absolute scam. Stole my money and refusing to help. Give me someone who actually has authority.,We sincerely apologize for this distressing experience. This is certainly not the level of service we aim to provide. Please DM us immediately so a senior specialist can assist.,Sat Oct 28 02:26:00 +0000 2017,AmazonHelp,absolute scam. stole my money and refusing to help. give me someone who actually has authority.
104684,@AmazonHelp Package #419-8557061-1646801 has been stuck in transit in transit hub for over 48 hours. What gives?,"Hi there, we're sorry to hear your order #419-8557061-1646801 is delayed! Please send us a DM at amzn.to/help with your details so we can investigate.",Wed Oct 18 23:03:00 +0000 2017,AmazonHelp,package order number has been stuck in transit in transit hub for over 48 hours. what gives?
104686,@AmazonHelp My tracking says delivered but I have not received anything for order #776-9444452-8696905!,We understand your concern regarding order #776-9444452-8696905. Please drop us a DM with your tracking link and postal code so we can check with the carrier.,Tue Oct 17 11:20:00 +0000 2017,AmazonHelp,my tracking says delivered but i have not received anything for order order number !
104688,@AmazonHelp How long does it take for a refund to process to my original payment method for return #585-3099555-3557958?,"Hello! Once an item is received at our fulfillment center, refunds usually take 3-5 business days. Please DM us your order #585-3099555-3557958 to check status.",Fri Oct 13 13:26:00 +0000 2017,AmazonHelp,how long does it take for a refund to process to my original payment method for return order number ?
104690,@AmazonHelp My tracking says delivered but I have not received anything for order #978-8545277-5454764!,"Hello! We apologize for the delivery issue with #978-8545277-5454764. Please check around your porch/neighbors, and if still missing, DM us your account email.",Sat Oct 14 12:36:00 +0000 2017,AmazonHelp,my tracking says delivered but i have not received anything for order order number !
104692,@AmazonHelp shipment #745-7786727-6040873 is delayed by 3 days already. Any update on when it will arrive?,So sorry for the delay on #745-7786727-6040873! Please DM us your order details and we will check the transit status directly for you.,Sat Oct 21 21:32:00 +0000 2017,AmazonHelp,shipment order number is delayed by 3 days already. any update on when it will arrive?
104694,@AmazonHelp My tracking says delivered but I have not received anything for order #166-1762915-6833151!,"Hi there, we're sorry to hear your order #166-1762915-6833151 is delayed! Please send us a DM at amzn.to/help with your details so we can investigate.",Sat Oct 28 19:10:00 +0000 2017,AmazonHelp,my tracking says delivered but i have not received anything for order order number !
104696,"@AmazonHelp Charged $57.99 annual subscription fee by mistake, please reverse this charge.",We apologize for the billing confusion. Please reach out via DM with the last 4 digits of the card and transaction date so we can inspect.,Wed Oct 04 04:07:00 +0000 2017,AmazonHelp,"charged currency amount annual subscription fee by mistake, please reverse this charge."
104698,@AmazonHelp Unable to sign in to my account from my new laptop. Says suspicious activity detected.,"Hello! If you suspect unauthorized access, please visit amzn.to/security immediately. You can also DM us your associated phone or email.",Wed Oct 04 12:45:00 +0000 2017,AmazonHelp,unable to sign in to my account from my new laptop. says suspicious activity detected.
104700,@AmazonHelp Can someone check on order #765-5134851-7799596? It's a birthday gift and now it's late.,"Hi there, we're sorry to hear your order #765-5134851-7799596 is delayed! Please send us a DM at amzn.to/help with your details so we can investigate.",Wed Oct 04 15:27:00 +0000 2017,AmazonHelp,can someone check on order order number ? it's a birthday gift and now it's late.
104702,@AmazonHelp Locked out of my account. The OTP verification code is not being sent to my phone.,"Hi there, please ensure SMS isn't blocked by your carrier, or try clearing browser cache. If the issue persists, send us a DM.",Fri Oct 06 01:48:00 +0000 2017,AmazonHelp,locked out of my account. the otp verification code is not being sent to my phone.
104704,@AmazonHelp WORST CUSTOMER SERVICE EVER! Representative hung up on me after waiting 45 minutes on hold!,We are very sorry to hear this and take feedback like this seriously. Please send us a direct message with your account details and phone number so we can escalate to a supervisor.,Fri Oct 13 13:47:00 +0000 2017,AmazonHelp,worst customer service ever! representative hung up on me after waiting 45 minutes on hold!
104706,"@AmazonHelp Received broken item in order #929-6983968-6606737. I want my money back, not a replacement.",We're sorry for the delay in your refund! Please reach out to us in DM with order #929-6983968-6606737 and your email address so we can review the return.,Tue Oct 24 23:53:00 +0000 2017,AmazonHelp,"received broken item in order order number . i want my money back, not a replacement."
104708,@AmazonHelp I was charged $110.49 twice for order #847-7830962-6745242. Please check your billing system.,"Hello, duplicate charges are often pending authorizations that drop off in 2-3 business days. Please DM us your order #847-7830962-6745242 to confirm.",Thu Oct 12 00:45:00 +0000 2017,AmazonHelp,i was charged currency amount twice for order order number . please check your billing system.
104710,@AmazonHelp Carrier marked order #101-1929478-6219672 as delivered at front door but there is no package anywhere.,So sorry for the delay on #101-1929478-6219672! Please DM us your order details and we will check the transit status directly for you.,Fri Oct 06 10:59:00 +0000 2017,AmazonHelp,carrier marked order order number as delivered at front door but there is no package anywhere.
104712,"@AmazonHelp My account was compromised or hacked, someone changed the email on file. Need help urgently!","Hello! If you suspect unauthorized access, please visit amzn.to/security immediately. You can also DM us your associated phone or email.",Mon Oct 23 22:01:00 +0000 2017,AmazonHelp,"my account was compromised or hacked, someone changed the email on file. need help urgently!"
104714,@AmazonHelp You have lied to me three times about my delivery. I am reporting this fraud to the Better Business Bureau.,This is definitely not the experience we want for our customers. Please reach out in DM with your contact information so an escalation manager can connect with you.,Thu Oct 19 00:50:00 +0000 2017,AmazonHelp,you have lied to me three times about my delivery. i am reporting this fraud to the better business bureau.
104716,"@AmazonHelp Help! Account locked due to too many failed attempts, how do I unlock it?","Hi there, please ensure SMS isn't blocked by your carrier, or try clearing browser cache. If the issue persists, send us a DM.",Mon Oct 02 21:28:00 +0000 2017,AmazonHelp,"help! account locked due to too many failed attempts, how do i unlock it?"
104718,@AmazonHelp shipment #472-2698997-9014324 is delayed by 3 days already. Any update on when it will arrive?,"Hi there, we're sorry to hear your order #472-2698997-9014324 is delayed! Please send us a DM at amzn.to/help with your details so we can investigate.",Fri Oct 06 21:39:00 +0000 2017,AmazonHelp,shipment order number is delayed by 3 days already. any update on when it will arrive?
104720,@AmazonHelp Package #125-7596826-4153748 has been stuck in transit in transit hub for over 48 hours. What gives?,So sorry for the delay on #125-7596826-4153748! Please DM us your order details and we will check the transit status directly for you.,Sat Oct 28 08:13:00 +0000 2017,AmazonHelp,package order number has been stuck in transit in transit hub for over 48 hours. what gives?
104722,@AmazonHelp My subscription auto-renewed even though I turned off auto-renew last week!,"Hello, duplicate charges are often pending authorizations that drop off in 2-3 business days. Please DM us your order #558-1261313-2704973 to confirm.",Sat Oct 07 09:32:00 +0000 2017,AmazonHelp,my subscription auto-renewed even though i turned off auto-renew last week!
104724,@AmazonHelp I was charged $206.49 twice for order #201-7629008-7669492. Please check your billing system.,We apologize for the billing confusion. Please reach out via DM with the last 4 digits of the card and transaction date so we can inspect.,Mon Oct 09 06:40:00 +0000 2017,AmazonHelp,i was charged currency amount twice for order order number . please check your billing system.
104726,@AmazonHelp Amazon customer service never disappoints. Replaced my broken item with no hassle. Thanks!,Hearing this makes our day! Thank you for your feedback and support. We're always here to help!,Fri Oct 20 06:36:00 +0000 2017,AmazonHelp,amazon customer service never disappoints. replaced my broken item with no hassle. thanks!
104728,@AmazonHelp Is the manufacturer warranty valid if I buy an electronic item through third party sellers?,Hello! Most electronics purchased from authorized sellers include standard warranty. Please DM us the product ASIN to check details.,Tue Oct 03 12:13:00 +0000 2017,AmazonHelp,is the manufacturer warranty valid if i buy an electronic item through third party sellers?
104730,@AmazonHelp Locked out of my account. The OTP verification code is not being sent to my phone.,"Hi there, please ensure SMS isn't blocked by your carrier, or try clearing browser cache. If the issue persists, send us a DM.",Sat Oct 07 04:40:00 +0000 2017,AmazonHelp,locked out of my account. the otp verification code is not being sent to my phone.
104732,@AmazonHelp You guys billed me twice on the same day for order #323-2234406-2029472. Please fix this duplicate charge.,"Hello, duplicate charges are often pending authorizations that drop off in 2-3 business days. Please DM us your order #323-2234406-2029472 to confirm.",Fri Oct 20 03:47:00 +0000 2017,AmazonHelp,you guys billed me twice on the same day for order order number . please fix this duplicate charge.
104734,@AmazonHelp Incredible customer support experience today. Truly appreciate how fast my issue was handled.,"We're thrilled to hear Sarah was able to help! Thank you for choosing us, and please don't hesitate to reach out if you ever need anything else.",Fri Oct 20 01:34:00 +0000 2017,AmazonHelp,incredible customer support experience today. truly appreciate how fast my issue was handled.
104736,@AmazonHelp Your iOS app keeps crashing every time I tap the checkout button. Version 18.2.,We apologize for the technical glitch! Our technical team is monitoring site stability. Please send us a DM with a screenshot if the error continues.,Fri Oct 20 04:37:00 +0000 2017,AmazonHelp,your ios app keeps crashing every time i tap the checkout button. version 18.2.
104738,@AmazonHelp Checkout page freezes when selecting saved shipping address.,We're sorry for the app crash. Please ensure you are running the latest app update. DM us if you need further technical troubleshooting.,Mon Oct 02 01:20:00 +0000 2017,AmazonHelp,checkout page freezes when selecting saved shipping address.
104740,@AmazonHelp shipment #900-2136149-4827150 is delayed by 3 days already. Any update on when it will arrive?,So sorry for the delay on #900-2136149-4827150! Please DM us your order details and we will check the transit status directly for you.,Sun Oct 22 01:08:00 +0000 2017,AmazonHelp,shipment order number is delayed by 3 days already. any update on when it will arrive?
104742,@AmazonHelp shipment #716-5033238-8735896 is delayed by 3 days already. Any update on when it will arrive?,We understand your concern regarding order #716-5033238-8735896. Please drop us a DM with your tracking link and postal code so we can check with the carrier.,Fri Oct 20 05:43:00 +0000 2017,AmazonHelp,shipment order number is delayed by 3 days already. any update on when it will arrive?
104744,@AmazonHelp Tracking status says delivery attempted but nobody buzzed or knocked. Order #800-9728114-5671131.,"Hi there, we're sorry to hear your order #800-9728114-5671131 is delayed! Please send us a DM at amzn.to/help with your details so we can investigate.",Wed Oct 04 18:15:00 +0000 2017,AmazonHelp,tracking status says delivery attempted but nobody buzzed or knocked. order order number .
104746,@AmazonHelp Checkout page freezes when selecting saved shipping address.,We're sorry for the app crash. Please ensure you are running the latest app update. DM us if you need further technical troubleshooting.,Mon Oct 16 13:46:00 +0000 2017,AmazonHelp,checkout page freezes when selecting saved shipping address.
104748,@AmazonHelp Checkout page freezes when selecting saved shipping address.,"Hi! Thanks for bringing this to our attention. Have you tried reinstalling the app or clearing your cache? If so, please DM us your device OS version.",Tue Oct 17 14:13:00 +0000 2017,AmazonHelp,checkout page freezes when selecting saved shipping address.
104750,@AmazonHelp Tracking status says delivery attempted but nobody buzzed or knocked. Order #255-1265271-5470232.,"Hello! We apologize for the delivery issue with #255-1265271-5470232. Please check around your porch/neighbors, and if still missing, DM us your account email.",Thu Oct 19 10:28:00 +0000 2017,AmazonHelp,tracking status says delivery attempted but nobody buzzed or knocked. order order number .
104752,@AmazonHelp The video streaming player on Prime Video keeps stuttering and buffering on my Smart TV.,"Hello! Please try accessing the site in an incognito window or restarting your device. If the bug persists, DM us your app version and device model.",Sat Oct 28 04:50:00 +0000 2017,AmazonHelp,the video streaming player on prime video keeps stuttering and buffering on my smart tv.
104754,@AmazonHelp Amazon customer service never disappoints. Replaced my broken item with no hassle. Thanks!,You're very welcome! We're so glad everything was resolved smoothly. Thank you for being a valued customer!,Fri Oct 27 01:24:00 +0000 2017,AmazonHelp,amazon customer service never disappoints. replaced my broken item with no hassle. thanks!
104756,@AmazonHelp What is the return window for holiday purchases made in November?,"Hello! Our standard return policy is 30 days, but extended holiday return windows often apply. Let us know if you have a specific item in mind!",Sun Oct 01 21:57:00 +0000 2017,AmazonHelp,what is the return window for holiday purchases made in november?
104758,@AmazonHelp Search bar on the website is completely unresponsive on Chrome desktop.,"Hello! Please try accessing the site in an incognito window or restarting your device. If the bug persists, DM us your app version and device model.",Sat Oct 14 15:35:00 +0000 2017,AmazonHelp,search bar on the website is completely unresponsive on chrome desktop.
104760,@AmazonHelp shipment #131-1241821-1720769 is delayed by 3 days already. Any update on when it will arrive?,"Hello! We apologize for the delivery issue with #131-1241821-1720769. Please check around your porch/neighbors, and if still missing, DM us your account email.",Thu Oct 12 21:04:00 +0000 2017,AmazonHelp,shipment order number is delayed by 3 days already. any update on when it will arrive?
104762,"@AmazonHelp Help! Account locked due to too many failed attempts, how do I unlock it?",We're sorry you're having trouble accessing your account. Please send us a DM so we can securely guide you through the two-step verification reset.,Mon Oct 09 04:37:00 +0000 2017,AmazonHelp,"help! account locked due to too many failed attempts, how do i unlock it?"
104764,"@AmazonHelp My account was compromised or hacked, someone changed the email on file. Need help urgently!","Hi! For your security, please don't share passwords publicly. Please visit amzn.to/account-recovery or DM us to begin identity verification.",Sat Oct 07 11:05:00 +0000 2017,AmazonHelp,"my account was compromised or hacked, someone changed the email on file. need help urgently!"
104766,@AmazonHelp shipment #559-1377584-5948048 is delayed by 3 days already. Any update on when it will arrive?,So sorry for the delay on #559-1377584-5948048! Please DM us your order details and we will check the transit status directly for you.,Fri Oct 20 22:33:00 +0000 2017,AmazonHelp,shipment order number is delayed by 3 days already. any update on when it will arrive?
104768,@AmazonHelp I was charged $174.99 twice for order #434-2111027-3634193. Please check your billing system.,Hi! We'd be glad to look into this charge for you. Please send us a DM with the date and amount so we can locate the transaction securely.,Thu Oct 05 01:13:00 +0000 2017,AmazonHelp,i was charged currency amount twice for order order number . please check your billing system.
104770,"@AmazonHelp Two-factor authentication is failing, says invalid token even though it's correct.","Hi! For your security, please don't share passwords publicly. Please visit amzn.to/account-recovery or DM us to begin identity verification.",Tue Oct 10 22:10:00 +0000 2017,AmazonHelp,"two-factor authentication is failing, says invalid token even though it's correct."
104772,@AmazonHelp Carrier marked order #562-3258890-3164293 as delivered at front door but there is no package anywhere.,"Hi there, we're sorry to hear your order #562-3258890-3164293 is delayed! Please send us a DM at amzn.to/help with your details so we can investigate.",Tue Oct 10 00:59:00 +0000 2017,AmazonHelp,carrier marked order order number as delivered at front door but there is no package anywhere.
104774,@AmazonHelp Please cancel my order #245-5607997-4313355 and process a full refund immediately.,Apologies for the inconvenience! Please DM us your account details so we can check on return #245-5607997-4313355 and expedite your refund.,Fri Oct 27 11:01:00 +0000 2017,AmazonHelp,please cancel my order order number and process a full refund immediately.
104776,@AmazonHelp Is the manufacturer warranty valid if I buy an electronic item through third party sellers?,"Hello! Our standard return policy is 30 days, but extended holiday return windows often apply. Let us know if you have a specific item in mind!",Fri Oct 20 18:37:00 +0000 2017,AmazonHelp,is the manufacturer warranty valid if i buy an electronic item through third party sellers?
104778,@AmazonHelp Return status says received at warehouse but refund not initiated for #671-8906186-6126257. Please help.,Hi! We want to help get this sorted. Please send us a direct message with order #671-8906186-6126257 and return tracking number so we can verify with our billing team.,Wed Oct 04 07:13:00 +0000 2017,AmazonHelp,return status says received at warehouse but refund not initiated for order number . please help.
104780,@AmazonHelp How long does it take for a refund to process to my original payment method for return #546-7559282-5427560?,Hi! We want to help get this sorted. Please send us a direct message with order #546-7559282-5427560 and return tracking number so we can verify with our billing team.,Mon Oct 16 10:52:00 +0000 2017,AmazonHelp,how long does it take for a refund to process to my original payment method for return order number ?
104782,"@AmazonHelp Where is my package? Order #437-2593561-9217504 was supposed to arrive 2 days ago, still nothing!","Hello! We apologize for the delivery issue with #437-2593561-9217504. Please check around your porch/neighbors, and if still missing, DM us your account email.",Thu Oct 05 17:45:00 +0000 2017,AmazonHelp,"where is my package? order order number was supposed to arrive 2 days ago, still nothing!"
104784,@AmazonHelp Return status says received at warehouse but refund not initiated for #425-1304647-7844188. Please help.,We're sorry for the delay in your refund! Please reach out to us in DM with order #425-1304647-7844188 and your email address so we can review the return.,Mon Oct 16 11:00:00 +0000 2017,AmazonHelp,return status says received at warehouse but refund not initiated for order number . please help.
104786,@AmazonHelp Can someone check on order #350-3728725-3234039? It's a birthday gift and now it's late.,We understand your concern regarding order #350-3728725-3234039. Please drop us a DM with your tracking link and postal code so we can check with the carrier.,Tue Oct 17 07:08:00 +0000 2017,AmazonHelp,can someone check on order order number ? it's a birthday gift and now it's late.
104788,@AmazonHelp The video streaming player on Prime Video keeps stuttering and buffering on my Smart TV.,"Hi! Thanks for bringing this to our attention. Have you tried reinstalling the app or clearing your cache? If so, please DM us your device OS version.",Fri Oct 06 05:21:00 +0000 2017,AmazonHelp,the video streaming player on prime video keeps stuttering and buffering on my smart tv.
104790,@AmazonHelp shipment #437-3670217-6446284 is delayed by 3 days already. Any update on when it will arrive?,So sorry for the delay on #437-3670217-6446284! Please DM us your order details and we will check the transit status directly for you.,Wed Oct 11 10:27:00 +0000 2017,AmazonHelp,shipment order number is delayed by 3 days already. any update on when it will arrive?
104792,@AmazonHelp Huge shoutout to Sarah from customer support who solved my lost package in 5 minutes! Amazing service!,Hearing this makes our day! Thank you for your feedback and support. We're always here to help!,Thu Oct 26 02:44:00 +0000 2017,AmazonHelp,huge shoutout to sarah from customer support who solved my lost package in 5 minutes! amazing service!
104794,@AmazonHelp Ordered express next-day delivery on #969-6192519-3201947 and it still hasn't shipped!,"Hello! We apologize for the delivery issue with #969-6192519-3201947. Please check around your porch/neighbors, and if still missing, DM us your account email.",Mon Oct 16 05:04:00 +0000 2017,AmazonHelp,ordered express next-day delivery on order number and it still hasn't shipped!
104796,@AmazonHelp My subscription auto-renewed even though I turned off auto-renew last week!,Hi! We'd be glad to look into this charge for you. Please send us a DM with the date and amount so we can locate the transaction securely.,Sun Oct 15 06:38:00 +0000 2017,AmazonHelp,my subscription auto-renewed even though i turned off auto-renew last week!
104798,@AmazonHelp Lost access to my old phone number and now 2FA won't let me log into my account.,"Hi there, please ensure SMS isn't blocked by your carrier, or try clearing browser cache. If the issue persists, send us a DM.",Fri Oct 06 08:06:00 +0000 2017,AmazonHelp,lost access to my old phone number and now 2fa won't let me log into my account.
